Row ID,Order ID,Order Date,Ship Date,Ship Mode,Customer ID,Customer Name,Segment,Region,State,City,Category,Sub-Category,Product Name,Quantity,Discount,Sales,Profit,Shipping Cost
1,ORD-10001,2023-06-11,2023-06-16,Standard Class,CUST-0120,Customer 120,Home Office,Central,Illinois,Chicago,Technology,Accessories,Vector USB-C Hub,1,0,84.16,33.39,7.01
2,ORD-10001,2023-06-11,2023-06-16,Standard Class,CUST-0120,Customer 120,Home Office,Central,Illinois,Chicago,Office Supplies,Writing,Glide Gel Pen Pack,5,0.15,81.21,28.2,7.15
3,ORD-10001,2023-06-11,2023-06-16,Standard Class,CUST-0120,Customer 120,Home Office,Central,Illinois,Chicago,Furniture,Storage,Compact File Cabinet,2,0.1,326.76,69.52,10.36
4,ORD-10002,2025-11-29,2025-12-04,Standard Class,CUST-0189,Customer 189,Consumer,East,Pennsylvania,Philadelphia,Office Supplies,Binders,ProBind Presentation Set,2,0.4,49.62,-4.5,6.99
5,ORD-10002,2025-11-29,2025-12-04,Standard Class,CUST-0189,Customer 189,Consumer,East,Pennsylvania,Philadelphia,Technology,Phones,Nova X Smartphone,1,0.3,572.67,8.72,15.82
6,ORD-10002,2025-11-29,2025-12-04,Standard Class,CUST-0189,Customer 189,Consumer,East,Pennsylvania,Philadelphia,Office Supplies,Paper,BrightCopy Paper Case,4,0.4,138.86,2.79,8.78
7,ORD-10003,2023-06-16,2023-06-19,Second Class,CUST-0014,Customer 014,Consumer,West,Oregon,Portland,Office Supplies,Paper,BrightCopy Paper Case,3,0.1,140.87,42.57,12.21
8,ORD-10004,2023-02-05,2023-02-05,Same Day,CUST-0075,Customer 075,Consumer,West,California,San Francisco,Office Supplies,Storage,Archive Storage Box Set,2,0,73.27,19.38,10.66
9,ORD-10005,2025-04-20,2025-04-25,Standard Class,CUST-0129,Customer 129,Corporate,South,Florida,Miami,Furniture,Storage,Compact File Cabinet,1,0.15,167.48,25.13,8.36
10,ORD-10005,2025-04-20,2025-04-25,Standard Class,CUST-0129,Customer 129,Corporate,South,Florida,Miami,Office Supplies,Binders,ProBind Presentation Set,4,0.3,112.02,12.88,7.92
11,ORD-10006,2025-12-24,2025-12-27,Second Class,CUST-0133,Customer 133,Corporate,South,Georgia,Atlanta,Office Supplies,Binders,ProBind Presentation Set,2,0.05,78.37,20.52,10.83
12,ORD-10007,2024-11-07,2024-11-09,First Class,CUST-0226,Customer 226,Corporate,East,New York,New York City,Furniture,Chairs,ErgoMesh Office Chair,1,0.05,440.97,84.19,17.93
13,ORD-10007,2024-11-07,2024-11-09,First Class,CUST-0226,Customer 226,Corporate,East,New York,New York City,Technology,Accessories,Vector USB-C Hub,2,0.05,178.87,68.16,12.8
14,ORD-10008,2023-10-29,2023-11-01,Second Class,CUST-0145,Customer 145,Home Office,West,California,Los Angeles,Office Supplies,Storage,Archive Storage Box Set,2,0.15,68.84,10.24,10.81
15,ORD-10009,2024-01-22,2024-01-24,First Class,CUST-0211,Customer 211,Home Office,East,Pennsylvania,Philadelphia,Furniture,Tables,LiftPro Standing Desk,1,0.05,676.45,-86.62,22.54
16,ORD-10009,2024-01-22,2024-01-24,First Class,CUST-0211,Customer 211,Home Office,East,Pennsylvania,Philadelphia,Furniture,Chairs,Metro Task Chair,2,0,478.84,125.44,18.21
17,ORD-10009,2024-01-22,2024-01-24,First Class,CUST-0211,Customer 211,Home Office,East,Pennsylvania,Philadelphia,Furniture,Tables,Oakline Writing Desk,3,0,1454.69,-50.91,36.36
18,ORD-10009,2024-01-22,2024-01-24,First Class,CUST-0211,Customer 211,Home Office,East,Pennsylvania,Philadelphia,Office Supplies,Binders,ProBind Presentation Set,3,0,115.31,38.14,11.44
19,ORD-10010,2024-04-09,2024-04-12,Second Class,CUST-0008,Customer 008,Corporate,West,Washington,Seattle,Furniture,Chairs,ErgoMesh Office Chair,2,0,798.4,191.42,24.15
20,ORD-10010,2024-04-09,2024-04-12,Second Class,CUST-0008,Customer 008,Corporate,West,Washington,Seattle,Technology,Phones,Pulse Pro Smartphone,2,0,1924.91,513.13,45.1
21,ORD-10011,2024-03-04,2024-03-09,Standard Class,CUST-0087,Customer 087,Corporate,East,New Jersey,Newark,Office Supplies,Storage,Archive Storage Box Set,2,0.15,74.91,15.85,7.06
22,ORD-10012,2024-11-19,2024-11-22,Second Class,CUST-0121,Customer 121,Home Office,East,New York,New York City,Furniture,Chairs,Metro Task Chair,4,0.1,1008.35,193.94,30.14
23,ORD-10012,2024-11-19,2024-11-22,Second Class,CUST-0121,Customer 121,Home Office,East,New York,New York City,Office Supplies,Writing,Glide Gel Pen Pack,1,0.4,11.88,-7.29,9.67
24,ORD-10013,2025-07-13,2025-07-18,Standard Class,CUST-0034,Customer 034,Home Office,Central,Illinois,Chicago,Furniture,Tables,Oakline Writing Desk,2,0.1,1016.68,-143.82,19.56
25,ORD-10014,2023-05-03,2023-05-05,First Class,CUST-0207,Customer 207,Home Office,South,Georgia,Atlanta,Office Supplies,Storage,Archive Storage Box Set,1,0,40.06,6.38,10.05
26,ORD-10015,2024-12-30,2025-01-01,First Class,CUST-0030,Customer 030,Home Office,Central,Texas,Houston,Technology,Computers,Vertex 24 Monitor,3,0.2,943.56,98.5,31.24
27,ORD-10016,2023-04-05,2023-04-08,Second Class,CUST-0064,Customer 064,Consumer,East,New York,New York City,Technology,Computers,Vertex 24 Monitor,3,0,1043.89,294.89,28.72
28,ORD-10016,2023-04-05,2023-04-08,Second Class,CUST-0064,Customer 064,Consumer,East,New York,New York City,Technology,Phones,Nova X Smartphone,4,0,2798.2,862.05,61.35
29,ORD-10017,2023-03-05,2023-03-08,Second Class,CUST-0079,Customer 079,Consumer,East,Pennsylvania,Philadelphia,Office Supplies,Art,Studio Marker Set,3,0.2,81.02,18.19,11.18
30,ORD-10017,2023-03-05,2023-03-08,Second Class,CUST-0079,Customer 079,Consumer,East,Pennsylvania,Philadelphia,Office Supplies,Art,Studio Marker Set,1,0,31.12,5.37,9.88
31,ORD-10017,2023-03-05,2023-03-08,Second Class,CUST-0079,Customer 079,Consumer,East,Pennsylvania,Philadelphia,Furniture,Storage,Compact File Cabinet,1,0.05,167.43,35.0,12.58
32,ORD-10018,2023-06-19,2023-06-22,Second Class,CUST-0111,Customer 111,Corporate,South,North Carolina,Charlotte,Office Supplies,Storage,Archive Storage Box Set,1,0.2,31.09,-1.86,10.02
33,ORD-10019,2024-06-07,2024-06-12,Standard Class,CUST-0020,Customer 020,Consumer,East,Massachusetts,Boston,Office Supplies,Labels,QuickShip Label Roll,2,0.2,35.88,8.71,6.54
34,ORD-10020,2023-09-06,2023-09-09,Second Class,CUST-0151,Customer 151,Corporate,East,Pennsylvania,Philadelphia,Office Supplies,Writing,Glide Gel Pen Pack,1,0.15,15.29,-2.98,9.63
35,ORD-10021,2025-05-06,2025-05-08,First Class,CUST-0080,Customer 080,Consumer,East,Pennsylvania,Philadelphia,Technology,Accessories,Vector USB-C Hub,2,0,152.77,61.19,12.14
36,ORD-10022,2025-12-25,2025-12-30,Standard Class,CUST-0170,Customer 170,Home Office,East,New Jersey,Newark,Technology,Phones,Pulse Pro Smartphone,1,0.15,818.58,117.26,17.56
37,ORD-10023,2023-07-12,2023-07-17,Standard Class,CUST-0216,Customer 216,Corporate,West,California,San Francisco,Office Supplies,Binders,ProBind Presentation Set,2,0.1,71.39,19.23,6.95
38,ORD-10024,2024-09-29,2024-10-04,Standard Class,CUST-0224,Customer 224,Corporate,East,Pennsylvania,Philadelphia,Technology,Phones,Nova X Smartphone,3,0.3,1525.95,33.24,32.16
39,ORD-10024,2024-09-29,2024-10-04,Standard Class,CUST-0224,Customer 224,Corporate,East,Pennsylvania,Philadelphia,Furniture,Chairs,ErgoMesh Office Chair,3,0,1369.55,347.35,22.43
40,ORD-10024,2024-09-29,2024-10-04,Standard Class,CUST-0224,Customer 224,Corporate,East,Pennsylvania,Philadelphia,Technology,Accessories,Vector USB-C Hub,4,0.15,284.74,100.53,10.02
41,ORD-10024,2024-09-29,2024-10-04,Standard Class,CUST-0224,Customer 224,Corporate,East,Pennsylvania,Philadelphia,Furniture,Chairs,Metro Task Chair,2,0.2,368.74,34.57,11.53
42,ORD-10025,2023-01-16,2023-01-19,Second Class,CUST-0124,Customer 124,Home Office,West,California,San Francisco,Office Supplies,Writing,Glide Gel Pen Pack,1,0,15.89,-1.34,9.6
43,ORD-10025,2023-01-16,2023-01-19,Second Class,CUST-0124,Customer 124,Home Office,West,California,San Francisco,Office Supplies,Labels,QuickShip Label Roll,3,0,65.33,24.76,10.52
44,ORD-10026,2024-07-14,2024-07-17,Second Class,CUST-0234,Customer 234,Home Office,Central,Illinois,Chicago,Furniture,Chairs,ErgoMesh Office Chair,1,0,419.81,96.24,17.11
45,ORD-10027,2025-06-08,2025-06-13,Standard Class,CUST-0161,Customer 161,Corporate,East,Pennsylvania,Philadelphia,Technology,Accessories,Vector USB-C Hub,1,0,76.15,29.64,6.91
46,ORD-10027,2025-06-08,2025-06-13,Standard Class,CUST-0161,Customer 161,Corporate,East,Pennsylvania,Philadelphia,Office Supplies,Binders,ProBind Presentation Set,4,0.1,137.84,42.7,7.84
47,ORD-10028,2023-04-01,2023-04-04,Second Class,CUST-0179,Customer 179,Home Office,West,California,Los Angeles,Technology,Computers,Vertex 24 Monitor,3,0.15,844.76,131.22,27.79
48,ORD-10028,2023-04-01,2023-04-04,Second Class,CUST-0179,Customer 179,Home Office,West,California,Los Angeles,Office Supplies,Labels,QuickShip Label Roll,1,0.05,21.48,1.36,9.72
49,ORD-10029,2023-01-17,2023-01-22,Standard Class,CUST-0050,Customer 050,Consumer,East,Pennsylvania,Philadelphia,Furniture,Storage,Flex 5-Shelf Bookcase,1,0.05,248.26,43.13,9.14
50,ORD-10029,2023-01-17,2023-01-22,Standard Class,CUST-0050,Customer 050,Consumer,East,Pennsylvania,Philadelphia,Technology,Computers,Vertex 24 Monitor,2,0.3,467.11,-7.33,14.01
51,ORD-10029,2023-01-17,2023-01-22,Standard Class,CUST-0050,Customer 050,Consumer,East,Pennsylvania,Philadelphia,Technology,Phones,Pulse Pro Smartphone,2,0.05,1535.35,362.49,25.39
52,ORD-10030,2025-02-04,2025-02-07,Second Class,CUST-0105,Customer 105,Corporate,Central,Minnesota,Minneapolis,Furniture,Tables,Oakline Writing Desk,3,0.05,1450.83,-129.34,37.71
53,ORD-10031,2025-01-11,2025-01-16,Standard Class,CUST-0236,Customer 236,Consumer,East,Massachusetts,Boston,Office Supplies,Paper,BrightCopy Paper Case,1,0,48.21,15.12,6.58
54,ORD-10032,2024-09-29,2024-10-04,Standard Class,CUST-0165,Customer 165,Corporate,Central,Texas,Dallas,Office Supplies,Writing,Glide Gel Pen Pack,2,0,33.7,11.13,6.4
55,ORD-10033,2024-09-03,2024-09-08,Standard Class,CUST-0028,Customer 028,Home Office,East,Pennsylvania,Philadelphia,Technology,Phones,Nova X Smartphone,2,0.4,846.32,-121.66,22.93
56,ORD-10034,2024-01-13,2024-01-15,First Class,CUST-0181,Customer 181,Consumer,South,North Carolina,Charlotte,Furniture,Chairs,Metro Task Chair,3,0.3,497.07,-22.51,22.51
57,ORD-10035,2024-08-06,2024-08-09,Second Class,CUST-0063,Customer 063,Home Office,Central,Minnesota,Minneapolis,Office Supplies,Paper,BrightCopy Paper Case,1,0.1,49.67,8.99,10.33
58,ORD-10035,2024-08-06,2024-08-09,Second Class,CUST-0063,Customer 063,Home Office,Central,Minnesota,Minneapolis,Technology,Computers,Apex 14 Laptop,3,0,3417.47,747.32,72.87
59,ORD-10036,2024-03-04,2024-03-07,Second Class,CUST-0123,Customer 123,Corporate,South,Georgia,Atlanta,Furniture,Tables,Oakline Writing Desk,1,0,517.65,-24.11,18.93
60,ORD-10036,2024-03-04,2024-03-07,Second Class,CUST-0123,Customer 123,Corporate,South,Georgia,Atlanta,Furniture,Chairs,Metro Task Chair,1,0.15,200.95,21.76,13.7
61,ORD-10037,2023-10-07,2023-10-12,Standard Class,CUST-0074,Customer 074,Consumer,West,California,Los Angeles,Technology,Accessories,Orbit Wireless Headset,2,0.2,190.58,43.55,8.86
62,ORD-10037,2023-10-07,2023-10-12,Standard Class,CUST-0074,Customer 074,Consumer,West,California,Los Angeles,Office Supplies,Art,Studio Marker Set,2,0.05,56.44,19.43,6.71
63,ORD-10038,2024-06-19,2024-06-24,Standard Class,CUST-0054,Customer 054,Home Office,South,North Carolina,Charlotte,Technology,Accessories,Vector USB-C Hub,2,0.1,139.05,50.86,7.85
64,ORD-10038,2024-06-19,2024-06-24,Standard Class,CUST-0054,Customer 054,Home Office,South,North Carolina,Charlotte,Office Supplies,Labels,QuickShip Label Roll,5,0,114.45,54.43,7.37
65,ORD-10039,2024-12-14,2024-12-19,Standard Class,CUST-0137,Customer 137,Consumer,West,Washington,Seattle,Office Supplies,Art,Studio Marker Set,2,0.15,64.64,18.94,6.91
66,ORD-10039,2024-12-14,2024-12-19,Standard Class,CUST-0137,Customer 137,Consumer,West,Washington,Seattle,Office Supplies,Writing,Glide Gel Pen Pack,2,0.3,27.32,2.12,6.47
67,ORD-10040,2023-10-20,2023-10-25,Standard Class,CUST-0135,Customer 135,Home Office,South,North Carolina,Charlotte,Technology,Phones,Nova X Smartphone,3,0.05,1895.2,528.64,29.94
68,ORD-10041,2023-05-08,2023-05-13,Standard Class,CUST-0128,Customer 128,Home Office,East,New Jersey,Newark,Technology,Computers,Vertex 24 Monitor,3,0,923.06,269.07,17.08
69,ORD-10041,2023-05-08,2023-05-13,Standard Class,CUST-0128,Customer 128,Home Office,East,New Jersey,Newark,Office Supplies,Storage,Archive Storage Box Set,2,0.2,63.04,9.6,6.95
70,ORD-10041,2023-05-08,2023-05-13,Standard Class,CUST-0128,Customer 128,Home Office,East,New Jersey,Newark,Office Supplies,Binders,ProBind Presentation Set,1,0,39.38,10.47,6.47
71,ORD-10042,2023-04-18,2023-04-21,Second Class,CUST-0184,Customer 184,Home Office,West,California,San Francisco,Office Supplies,Binders,ProBind Presentation Set,3,0.15,103.25,22.45,11.56
72,ORD-10043,2024-10-16,2024-10-21,Standard Class,CUST-0065,Customer 065,Consumer,South,Georgia,Atlanta,Technology,Computers,Apex 14 Laptop,1,0,1163.56,259.3,19.96
73,ORD-10044,2025-10-07,2025-10-12,Standard Class,CUST-0213,Customer 213,Home Office,West,Washington,Seattle,Furniture,Storage,Flex 5-Shelf Bookcase,1,0,267.07,57.57,9.2
74,ORD-10044,2025-10-07,2025-10-12,Standard Class,CUST-0213,Customer 213,Home Office,West,Washington,Seattle,Technology,Phones,Pulse Pro Smartphone,1,0.05,809.96,188.39,16.23
75,ORD-10045,2023-02-23,2023-02-26,Second Class,CUST-0210,Customer 210,Home Office,West,California,Los Angeles,Office Supplies,Labels,QuickShip Label Roll,3,0.3,49.66,6.41,10.62
76,ORD-10046,2024-12-23,2024-12-28,Standard Class,CUST-0018,Customer 018,Corporate,South,Tennessee,Nashville,Office Supplies,Storage,Archive Storage Box Set,4,0,201.52,74.2,8.42
77,ORD-10046,2024-12-23,2024-12-28,Standard Class,CUST-0018,Customer 018,Corporate,South,Tennessee,Nashville,Furniture,Chairs,ErgoMesh Office Chair,1,0,494.94,121.7,11.94
78,ORD-10047,2025-01-06,2025-01-11,Standard Class,CUST-0218,Customer 218,Consumer,East,New York,New York City,Office Supplies,Binders,ProBind Presentation Set,2,0.05,64.89,19.14,6.82
79,ORD-10048,2025-04-04,2025-04-09,Standard Class,CUST-0068,Customer 068,Consumer,East,Pennsylvania,Philadelphia,Technology,Phones,Pulse Pro Smartphone,2,0.2,1465.82,136.92,27.99
80,ORD-10048,2025-04-04,2025-04-09,Standard Class,CUST-0068,Customer 068,Consumer,East,Pennsylvania,Philadelphia,Technology,Phones,Pulse Pro Smartphone,2,0,1826.57,501.79,27.92
81,ORD-10049,2023-02-22,2023-02-27,Standard Class,CUST-0174,Customer 174,Consumer,South,Tennessee,Nashville,Office Supplies,Paper,BrightCopy Paper Case,1,0.1,43.63,10.39,6.58
82,ORD-10049,2023-02-22,2023-02-27,Standard Class,CUST-0174,Customer 174,Consumer,South,Tennessee,Nashville,Office Supplies,Paper,BrightCopy Paper Case,2,0,98.37,37.09,7.18
83,ORD-10049,2023-02-22,2023-02-27,Standard Class,CUST-0174,Customer 174,Consumer,South,Tennessee,Nashville,Office Supplies,Writing,Glide Gel Pen Pack,1,0,15.85,2.05,6.19
84,ORD-10049,2023-02-22,2023-02-27,Standard Class,CUST-0174,Customer 174,Consumer,South,Tennessee,Nashville,Office Supplies,Writing,Glide Gel Pen Pack,3,0.2,41.29,9.89,6.62
85,ORD-10050,2024-01-17,2024-01-22,Standard Class,CUST-0105,Customer 105,Corporate,West,California,San Francisco,Office Supplies,Labels,QuickShip Label Roll,3,0.15,60.84,21.06,6.86
86,ORD-10051,2023-09-19,2023-09-24,Standard Class,CUST-0117,Customer 117,Corporate,West,Oregon,Portland,Technology,Phones,Pulse Pro Smartphone,4,0.3,2395.63,-81.29,47.07
87,ORD-10052,2023-07-28,2023-08-02,Standard Class,CUST-0156,Customer 156,Consumer,Central,Texas,Houston,Office Supplies,Labels,QuickShip Label Roll,2,0.05,42.98,15.63,6.54
88,ORD-10053,2025-05-02,2025-05-05,Second Class,CUST-0184,Customer 184,Home Office,East,Massachusetts,Boston,Office Supplies,Labels,QuickShip Label Roll,5,0,127.68,57.27,11.67
89,ORD-10054,2024-12-21,2024-12-26,Standard Class,CUST-0053,Customer 053,Consumer,West,California,San Francisco,Technology,Phones,Pulse Pro Smartphone,3,0,2802.47,773.09,39.63
90,ORD-10054,2024-12-21,2024-12-26,Standard Class,CUST-0053,Customer 053,Consumer,West,California,San Francisco,Office Supplies,Paper,BrightCopy Paper Case,1,0.2,49.82,8.82,6.75
91,ORD-10055,2025-03-11,2025-03-14,Second Class,CUST-0005,Customer 005,Consumer,West,California,Los Angeles,Technology,Phones,Nova X Smartphone,1,0.15,604.35,105.46,22.52
92,ORD-10055,2025-03-11,2025-03-14,Second Class,CUST-0005,Customer 005,Consumer,West,California,Los Angeles,Furniture,Storage,Compact File Cabinet,4,0.15,602.32,97.99,22.48
93,ORD-10056,2023-05-23,2023-05-26,Second Class,CUST-0139,Customer 139,Corporate,South,Georgia,Atlanta,Technology,Accessories,Vector USB-C Hub,5,0.15,328.83,111.16,16.5
94,ORD-10057,2025-10-11,2025-10-16,Standard Class,CUST-0069,Customer 069,Corporate,Central,Texas,Dallas,Technology,Computers,Apex 14 Laptop,3,0,3492.25,790.23,47.91
95,ORD-10057,2025-10-11,2025-10-16,Standard Class,CUST-0069,Customer 069,Corporate,Central,Texas,Dallas,Office Supplies,Writing,Glide Gel Pen Pack,2,0.1,33.76,9.31,6.45
96,ORD-10057,2025-10-11,2025-10-16,Standard Class,CUST-0069,Customer 069,Corporate,Central,Texas,Dallas,Office Supplies,Storage,Archive Storage Box Set,2,0,79.91,25.8,6.96
97,ORD-10058,2025-09-03,2025-09-05,First Class,CUST-0053,Customer 053,Consumer,East,Pennsylvania,Philadelphia,Office Supplies,Binders,ProBind Presentation Set,2,0.2,60.06,6.57,10.7
98,ORD-10058,2025-09-03,2025-09-05,First Class,CUST-0053,Customer 053,Consumer,East,Pennsylvania,Philadelphia,Office Supplies,Paper,BrightCopy Paper Case,1,0.1,51.46,9.65,10.36
99,ORD-10059,2024-07-04,2024-07-07,Second Class,CUST-0068,Customer 068,Consumer,Central,Illinois,Chicago,Technology,Accessories,Orbit Wireless Headset,2,0.1,246.29,73.18,14.39
100,ORD-10060,2024-01-03,2024-01-08,Standard Class,CUST-0210,Customer 210,Home Office,West,Washington,Seattle,Furniture,Storage,Compact File Cabinet,1,0.05,172.15,40.75,8.17
101,ORD-10061,2023-07-24,2023-07-29,Standard Class,CUST-0133,Customer 133,Corporate,Central,Texas,Dallas,Furniture,Tables,Oakline Writing Desk,1,0.1,470.62,-69.79,12.27
102,ORD-10062,2025-10-23,2025-10-28,Standard Class,CUST-0040,Customer 040,Home Office,West,California,San Francisco,Technology,Computers,Vertex 24 Monitor,3,0.1,928.97,198.37,18.39
103,ORD-10063,2024-12-01,2024-12-06,Standard Class,CUST-0015,Customer 015,Home Office,Central,Minnesota,Minneapolis,Office Supplies,Labels,QuickShip Label Roll,2,0.05,53.43,20.89,6.67
104,ORD-10063,2024-12-01,2024-12-06,Standard Class,CUST-0015,Customer 015,Home Office,Central,Minnesota,Minneapolis,Office Supplies,Writing,Glide Gel Pen Pack,3,0.15,48.13,14.27,6.68
105,ORD-10063,2024-12-01,2024-12-06,Standard Class,CUST-0015,Customer 015,Home Office,Central,Minnesota,Minneapolis,Furniture,Tables,Oakline Writing Desk,3,0.15,1447.05,-298.81,26.43
106,ORD-10064,2025-01-17,2025-01-17,Same Day,CUST-0023,Customer 023,Home Office,Central,Illinois,Chicago,Office Supplies,Labels,QuickShip Label Roll,2,0.15,35.45,6.18,10.08
107,ORD-10065,2023-02-12,2023-02-15,Second Class,CUST-0122,Customer 122,Consumer,Central,Texas,Houston,Office Supplies,Art,Studio Marker Set,2,0.15,51.74,10.26,10.43
108,ORD-10066,2023-08-26,2023-08-29,Second Class,CUST-0034,Customer 034,Home Office,Central,Minnesota,Minneapolis,Technology,Accessories,Vector USB-C Hub,2,0,153.4,61.48,12.15
109,ORD-10067,2025-11-18,2025-11-23,Standard Class,CUST-0152,Customer 152,Corporate,West,Oregon,Portland,Technology,Accessories,Vector USB-C Hub,3,0.1,239.22,91.81,9.19
110,ORD-10067,2025-11-18,2025-11-23,Standard Class,CUST-0152,Customer 152,Corporate,West,Oregon,Portland,Furniture,Storage,Flex 5-Shelf Bookcase,3,0,1017.11,236.07,18.21
111,ORD-10068,2024-09-23,2024-09-26,Second Class,CUST-0067,Customer 067,Corporate,East,Pennsylvania,Philadelphia,Technology,Computers,Vertex 24 Monitor,1,0.05,316.57,71.14,15.5
112,ORD-10068,2024-09-23,2024-09-26,Second Class,CUST-0067,Customer 067,Corporate,East,Pennsylvania,Philadelphia,Office Supplies,Paper,BrightCopy Paper Case,1,0.15,43.64,5.14,10.26
113,ORD-10068,2024-09-23,2024-09-26,Second Class,CUST-0067,Customer 067,Corporate,East,Pennsylvania,Philadelphia,Technology,Computers,Vertex 24 Monitor,2,0.2,565.37,55.3,22.44
114,ORD-10069,2024-12-09,2024-12-14,Standard Class,CUST-0195,Customer 195,Consumer,South,Georgia,Atlanta,Technology,Computers,Vertex 24 Monitor,4,0.05,1365.66,350.51,23.25
115,ORD-10070,2023-11-28,2023-12-03,Standard Class,CUST-0197,Customer 197,Home Office,Central,Texas,Dallas,Office Supplies,Binders,ProBind Presentation Set,5,0.05,189.18,67.28,8.39
116,ORD-10071,2024-12-26,2024-12-29,Second Class,CUST-0155,Customer 155,Corporate,West,Washington,Seattle,Technology,Accessories,Orbit Wireless Headset,2,0.05,290.76,98.25,14.99
117,ORD-10072,2025-12-06,2025-12-11,Standard Class,CUST-0037,Customer 037,Corporate,West,California,San Francisco,Furniture,Chairs,Metro Task Chair,1,0,284.77,76.01,9.42
118,ORD-10073,2025-04-01,2025-04-04,Second Class,CUST-0126,Customer 126,Consumer,West,Oregon,Portland,Technology,Phones,Nova X Smartphone,3,0,2187.59,671.92,49.99
119,ORD-10073,2025-04-01,2025-04-04,Second Class,CUST-0126,Customer 126,Consumer,West,Oregon,Portland,Furniture,Chairs,Metro Task Chair,4,0,989.18,269.06,27.7
120,ORD-10074,2024-08-25,2024-08-28,Second Class,CUST-0134,Customer 134,Home Office,West,California,Los Angeles,Office Supplies,Writing,Glide Gel Pen Pack,1,0.15,16.42,-2.51,9.66
121,ORD-10074,2024-08-25,2024-08-28,Second Class,CUST-0134,Customer 134,Home Office,West,California,Los Angeles,Office Supplies,Art,Studio Marker Set,1,0.3,21.4,-4.06,9.87
122,ORD-10075,2023-12-30,2023-12-30,Same Day,CUST-0097,Customer 097,Consumer,South,Florida,Miami,Technology,Computers,Vertex 24 Monitor,2,0.4,439.06,-88.77,22.91
123,ORD-10075,2023-12-30,2023-12-30,Same Day,CUST-0097,Customer 097,Consumer,South,Florida,Miami,Furniture,Storage,Flex 5-Shelf Bookcase,1,0.4,208.47,-67.88,15.76
124,ORD-10076,2024-03-10,2024-03-12,First Class,CUST-0070,Customer 070,Home Office,South,North Carolina,Charlotte,Technology,Phones,Nova X Smartphone,2,0.05,1306.19,350.11,34.87
125,ORD-10076,2024-03-10,2024-03-12,First Class,CUST-0070,Customer 070,Home Office,South,North Carolina,Charlotte,Office Supplies,Writing,Glide Gel Pen Pack,5,0.05,91.29,34.07,11.09
126,ORD-10076,2024-03-10,2024-03-12,First Class,CUST-0070,Customer 070,Home Office,South,North Carolina,Charlotte,Furniture,Tables,Oakline Writing Desk,1,0.3,374.38,-185.04,19.25
127,ORD-10077,2025-12-20,2025-12-22,First Class,CUST-0120,Customer 120,Home Office,Central,Illinois,Chicago,Office Supplies,Paper,BrightCopy Paper Case,3,0.1,176.2,55.58,12.94
128,ORD-10077,2025-12-20,2025-12-22,First Class,CUST-0120,Customer 120,Home Office,Central,Illinois,Chicago,Furniture,Tables,Oakline Writing Desk,4,0.1,2060.31,-303.7,51.88
129,ORD-10078,2023-02-06,2023-02-08,First Class,CUST-0036,Customer 036,Consumer,East,Pennsylvania,Philadelphia,Technology,Accessories,Orbit Wireless Headset,2,0.4,148.95,-8.95,13.92
130,ORD-10079,2025-02-20,2025-02-25,Standard Class,CUST-0005,Customer 005,Consumer,East,New York,New York City,Office Supplies,Binders,ProBind Presentation Set,2,0.05,67.98,20.33,6.86
131,ORD-10079,2025-02-20,2025-02-25,Standard Class,CUST-0005,Customer 005,Consumer,East,New York,New York City,Office Supplies,Art,Studio Marker Set,2,0.1,56.01,17.52,6.75
132,ORD-10080,2023-07-27,2023-07-30,Second Class,CUST-0103,Customer 103,Corporate,Central,Illinois,Chicago,Technology,Accessories,Vector USB-C Hub,2,0.15,138.38,41.4,12.33
133,ORD-10080,2023-07-27,2023-07-30,Second Class,CUST-0103,Customer 103,Corporate,Central,Illinois,Chicago,Office Supplies,Binders,ProBind Presentation Set,1,0,39.94,7.13,10.04
134,ORD-10081,2023-04-14,2023-04-19,Standard Class,CUST-0026,Customer 026,Home Office,Central,Illinois,Chicago,Office Supplies,Labels,QuickShip Label Roll,4,0,92.34,42.75,7.11
135,ORD-10081,2023-04-14,2023-04-19,Standard Class,CUST-0026,Customer 026,Home Office,Central,Illinois,Chicago,Office Supplies,Art,Studio Marker Set,2,0.3,43.12,4.96,6.74
136,ORD-10082,2025-05-12,2025-05-15,Second Class,CUST-0130,Customer 130,Corporate,East,New Jersey,Newark,Technology,Phones,Nova X Smartphone,4,0,2822.6,869.66,61.8
137,ORD-10083,2025-04-16,2025-04-21,Standard Class,CUST-0156,Customer 156,Consumer,South,North Carolina,Charlotte,Technology,Accessories,Vector USB-C Hub,2,0,162.49,70.05,7.95
138,ORD-10083,2025-04-16,2025-04-21,Standard Class,CUST-0156,Customer 156,Consumer,South,North Carolina,Charlotte,Office Supplies,Binders,ProBind Presentation Set,4,0.05,155.48,54.23,7.96
139,ORD-10083,2025-04-16,2025-04-21,Standard Class,CUST-0156,Customer 156,Consumer,South,North Carolina,Charlotte,Technology,Accessories,Vector USB-C Hub,2,0.15,142.43,47.28,8.01
140,ORD-10084,2025-10-04,2025-10-07,Second Class,CUST-0095,Customer 095,Consumer,East,Massachusetts,Boston,Technology,Phones,Pulse Pro Smartphone,1,0.1,753.16,134.13,24.87
141,ORD-10085,2025-11-25,2025-11-27,First Class,CUST-0174,Customer 174,Consumer,West,Washington,Seattle,Technology,Accessories,Vector USB-C Hub,4,0,332.65,144.18,15.49
142,ORD-10085,2025-11-25,2025-11-27,First Class,CUST-0174,Customer 174,Consumer,West,Washington,Seattle,Furniture,Chairs,Metro Task Chair,3,0,771.7,207.86,23.65
143,ORD-10086,2024-11-21,2024-11-23,First Class,CUST-0240,Customer 240,Consumer,Central,Texas,Houston,Office Supplies,Art,Studio Marker Set,2,0.3,50.23,3.0,10.63
144,ORD-10086,2024-11-21,2024-11-23,First Class,CUST-0240,Customer 240,Consumer,Central,Texas,Houston,Office Supplies,Storage,Archive Storage Box Set,1,0.1,42.24,4.38,10.17
145,ORD-10087,2025-02-03,2025-02-08,Standard Class,CUST-0067,Customer 067,Corporate,East,Massachusetts,Boston,Office Supplies,Art,Studio Marker Set,4,0.15,108.02,35.68,7.53
146,ORD-10087,2025-02-03,2025-02-08,Standard Class,CUST-0067,Customer 067,Corporate,East,Massachusetts,Boston,Office Supplies,Paper,BrightCopy Paper Case,3,0,150.81,60.05,7.81
147,ORD-10087,2025-02-03,2025-02-08,Standard Class,CUST-0067,Customer 067,Corporate,East,Massachusetts,Boston,Office Supplies,Storage,Archive Storage Box Set,2,0,79.73,25.73,6.96
148,ORD-10088,2025-11-19,2025-11-22,Second Class,CUST-0083,Customer 083,Consumer,Central,Minnesota,Minneapolis,Furniture,Chairs,ErgoMesh Office Chair,1,0,494.94,115.13,18.51
149,ORD-10088,2025-11-19,2025-11-22,Second Class,CUST-0083,Customer 083,Consumer,Central,Minnesota,Minneapolis,Technology,Computers,Vertex 24 Monitor,2,0.05,698.52,168.2,22.98
150,ORD-10088,2025-11-19,2025-11-22,Second Class,CUST-0083,Customer 083,Consumer,Central,Minnesota,Minneapolis,Furniture,Tables,LiftPro Standing Desk,1,0.05,879.96,-109.89,26.53
151,ORD-10088,2025-11-19,2025-11-22,Second Class,CUST-0083,Customer 083,Consumer,Central,Minnesota,Minneapolis,Technology,Accessories,Vector USB-C Hub,1,0,88.73,31.64,10.95
152,ORD-10089,2023-03-06,2023-03-11,Standard Class,CUST-0120,Customer 120,Home Office,East,New Jersey,Newark,Office Supplies,Labels,QuickShip Label Roll,5,0,127.83,61.5,7.53
153,ORD-10089,2023-03-06,2023-03-11,Standard Class,CUST-0120,Customer 120,Home Office,East,New Jersey,Newark,Office Supplies,Writing,Glide Gel Pen Pack,5,0,96.72,43.13,7.16
154,ORD-10090,2025-11-21,2025-11-26,Standard Class,CUST-0042,Customer 042,Home Office,Central,Minnesota,Minneapolis,Technology,Accessories,Vector USB-C Hub,4,0,367.54,166.01,10.41
155,ORD-10091,2025-11-27,2025-12-02,Standard Class,CUST-0224,Customer 224,Corporate,East,Massachusetts,Boston,Furniture,Chairs,ErgoMesh Office Chair,1,0,469.19,115.05,11.63
156,ORD-10092,2025-02-24,2025-03-01,Standard Class,CUST-0221,Customer 221,Home Office,South,North Carolina,Charlotte,Office Supplies,Art,Studio Marker Set,5,0.15,129.5,43.97,7.83
157,ORD-10093,2024-09-15,2024-09-20,Standard Class,CUST-0129,Customer 129,Corporate,Central,Texas,Houston,Technology,Phones,Pulse Pro Smartphone,3,0,2763.28,762.19,39.16
158,ORD-10094,2024-11-23,2024-11-26,Second Class,CUST-0172,Customer 172,Home Office,Central,Texas,Dallas,Technology,Phones,Pulse Pro Smartphone,1,0.1,905.34,163.12,28.01
159,ORD-10094,2024-11-23,2024-11-26,Second Class,CUST-0172,Customer 172,Home Office,Central,Texas,Dallas,Office Supplies,Binders,ProBind Presentation Set,2,0,85.32,25.8,10.89
160,ORD-10094,2024-11-23,2024-11-26,Second Class,CUST-0172,Customer 172,Home Office,Central,Texas,Dallas,Office Supplies,Labels,QuickShip Label Roll,1,0.1,23.13,1.53,9.78
161,ORD-10094,2024-11-23,2024-11-26,Second Class,CUST-0172,Customer 172,Home Office,Central,Texas,Dallas,Office Supplies,Writing,Glide Gel Pen Pack,2,0.15,34.83,5.1,10.06
162,ORD-10095,2025-09-18,2025-09-21,Second Class,CUST-0079,Customer 079,Consumer,West,Oregon,Portland,Furniture,Tables,LiftPro Standing Desk,2,0,1590.91,-102.53,38.89
163,ORD-10095,2025-09-18,2025-09-21,Second Class,CUST-0079,Customer 079,Consumer,West,Oregon,Portland,Technology,Accessories,Orbit Wireless Headset,3,0,366.99,138.01,16.13
164,ORD-10096,2023-03-19,2023-03-24,Standard Class,CUST-0216,Customer 216,Corporate,Central,Minnesota,Minneapolis,Technology,Accessories,Vector USB-C Hub,4,0.15,277.25,97.73,9.91
165,ORD-10097,2025-06-04,2025-06-09,Standard Class,CUST-0003,Customer 003,Corporate,Central,Texas,Dallas,Technology,Phones,Pulse Pro Smartphone,1,0,845.55,229.06,16.15
166,ORD-10098,2024-10-26,2024-10-31,Standard Class,CUST-0231,Customer 231,Corporate,West,California,Los Angeles,Technology,Accessories,Orbit Wireless Headset,1,0.1,122.51,35.93,7.63
167,ORD-10099,2025-08-11,2025-08-16,Standard Class,CUST-0068,Customer 068,Consumer,West,California,San Francisco,Technology,Computers,Vertex 24 Monitor,3,0.2,797.96,91.75,17.97
168,ORD-10100,2023-08-16,2023-08-19,Second Class,CUST-0148,Customer 148,Home Office,East,New Jersey,Newark,Office Supplies,Writing,Glide Gel Pen Pack,3,0.05,48.89,13.93,10.26
169,ORD-10101,2025-07-07,2025-07-12,Standard Class,CUST-0019,Customer 019,Consumer,West,Washington,Seattle,Furniture,Chairs,ErgoMesh Office Chair,2,0.1,832.1,140.09,17.09
170,ORD-10101,2025-07-07,2025-07-12,Standard Class,CUST-0019,Customer 019,Consumer,West,Washington,Seattle,Office Supplies,Paper,BrightCopy Paper Case,1,0,57.7,19.27,6.69
171,ORD-10102,2024-01-05,2024-01-08,Second Class,CUST-0078,Customer 078,Home Office,West,Washington,Seattle,Technology,Phones,Nova X Smartphone,4,0.15,2397.02,445.86,61.75
172,ORD-10103,2025-04-24,2025-04-29,Standard Class,CUST-0188,Customer 188,Consumer,West,California,San Francisco,Office Supplies,Paper,BrightCopy Paper Case,2,0,108.08,41.34,7.3
173,ORD-10104,2025-12-09,2025-12-14,Standard Class,CUST-0107,Customer 107,Consumer,East,New Jersey,Newark,Office Supplies,Storage,Archive Storage Box Set,1,0.05,44.84,10.42,6.57
174,ORD-10104,2025-12-09,2025-12-14,Standard Class,CUST-0107,Customer 107,Consumer,East,New Jersey,Newark,Office Supplies,Labels,QuickShip Label Roll,2,0.3,40.09,7.06,6.69
175,ORD-10105,2025-10-05,2025-10-08,Second Class,CUST-0147,Customer 147,Corporate,West,Oregon,Portland,Office Supplies,Paper,BrightCopy Paper Case,1,0.15,47.58,6.45,10.34
176,ORD-10106,2025-03-10,2025-03-15,Standard Class,CUST-0175,Customer 175,Home Office,West,Oregon,Portland,Office Supplies,Labels,QuickShip Label Roll,2,0.15,38.93,11.31,6.55
177,ORD-10107,2024-09-05,2024-09-05,Same Day,CUST-0148,Customer 148,Home Office,East,Massachusetts,Boston,Office Supplies,Binders,ProBind Presentation Set,2,0,74.09,21.18,10.68
178,ORD-10108,2024-05-18,2024-05-23,Standard Class,CUST-0149,Customer 149,Corporate,East,Pennsylvania,Philadelphia,Technology,Accessories,Orbit Wireless Headset,1,0.1,122.78,36.02,7.64
179,ORD-10108,2024-05-18,2024-05-23,Standard Class,CUST-0149,Customer 149,Corporate,East,Pennsylvania,Philadelphia,Office Supplies,Writing,Glide Gel Pen Pack,1,0.15,15.02,0.33,6.21
180,ORD-10109,2025-01-11,2025-01-16,Standard Class,CUST-0218,Customer 218,Consumer,East,Pennsylvania,Philadelphia,Office Supplies,Storage,Archive Storage Box Set,3,0.05,119.07,37.62,7.5
181,ORD-10110,2025-04-03,2025-04-05,First Class,CUST-0110,Customer 110,Home Office,South,North Carolina,Charlotte,Office Supplies,Labels,QuickShip Label Roll,3,0.3,47.99,5.88,10.58
182,ORD-10111,2023-10-18,2023-10-18,Same Day,CUST-0074,Customer 074,Consumer,East,New Jersey,Newark,Office Supplies,Labels,QuickShip Label Roll,1,0,25.42,3.96,9.77
183,ORD-10111,2023-10-18,2023-10-18,Same Day,CUST-0074,Customer 074,Consumer,East,New Jersey,Newark,Technology,Computers,Vertex 24 Monitor,1,0.15,293.41,39.51,15.72
184,ORD-10111,2023-10-18,2023-10-18,Same Day,CUST-0074,Customer 074,Consumer,East,New Jersey,Newark,Furniture,Storage,Flex 5-Shelf Bookcase,3,0,853.91,188.3,25.18
185,ORD-10112,2023-11-10,2023-11-15,Standard Class,CUST-0024,Customer 024,Home Office,Central,Illinois,Chicago,Technology,Accessories,Orbit Wireless Headset,2,0.3,191.95,23.62,9.29
186,ORD-10113,2025-11-25,2025-11-27,First Class,CUST-0048,Customer 048,Home Office,East,Massachusetts,Boston,Office Supplies,Paper,BrightCopy Paper Case,2,0.1,102.87,28.58,11.43
187,ORD-10114,2025-02-12,2025-02-17,Standard Class,CUST-0179,Customer 179,Home Office,Central,Illinois,Chicago,Office Supplies,Paper,BrightCopy Paper Case,2,0.1,87.05,26.69,7.16
188,ORD-10115,2024-04-26,2024-05-01,Standard Class,CUST-0170,Customer 170,Home Office,Central,Illinois,Chicago,Furniture,Tables,Oakline Writing Desk,2,0.05,962.02,-78.91,18.15
189,ORD-10116,2024-04-15,2024-04-20,Standard Class,CUST-0130,Customer 130,Corporate,West,California,San Francisco,Technology,Phones,Nova X Smartphone,2,0,1364.75,427.99,22.38
190,ORD-10117,2023-11-12,2023-11-17,Standard Class,CUST-0178,Customer 178,Corporate,West,California,Los Angeles,Technology,Accessories,Orbit Wireless Headset,3,0.2,362.76,88.32,11.44
191,ORD-10117,2023-11-12,2023-11-17,Standard Class,CUST-0178,Customer 178,Corporate,West,California,Los Angeles,Office Supplies,Art,Studio Marker Set,1,0.15,28.48,4.99,6.4
192,ORD-10118,2024-03-21,2024-03-24,Second Class,CUST-0149,Customer 149,Corporate,East,New Jersey,Newark,Technology,Accessories,Orbit Wireless Headset,3,0.3,291.6,32.94,17.05
193,ORD-10119,2025-05-16,2025-05-21,Standard Class,CUST-0081,Customer 081,Home Office,Central,Minnesota,Minneapolis,Office Supplies,Binders,ProBind Presentation Set,1,0.1,35.87,6.67,6.48
194,ORD-10120,2025-10-10,2025-10-12,First Class,CUST-0044,Customer 044,Corporate,East,New York,New York City,Furniture,Chairs,Metro Task Chair,1,0.1,215.34,34.1,13.75
195,ORD-10121,2025-07-23,2025-07-26,Second Class,CUST-0096,Customer 096,Consumer,East,New Jersey,Newark,Technology,Computers,Apex 14 Laptop,2,0.05,2392.23,422.31,56.14
196,ORD-10121,2025-07-23,2025-07-26,Second Class,CUST-0096,Customer 096,Consumer,East,New Jersey,Newark,Office Supplies,Paper,BrightCopy Paper Case,1,0,51.82,13.06,10.26
197,ORD-10122,2023-01-09,2023-01-12,Second Class,CUST-0127,Customer 127,Corporate,South,Tennessee,Nashville,Office Supplies,Writing,Glide Gel Pen Pack,1,0,17.5,-0.53,9.63
198,ORD-10122,2023-01-09,2023-01-12,Second Class,CUST-0127,Customer 127,Corporate,South,Tennessee,Nashville,Office Supplies,Writing,Glide Gel Pen Pack,4,0.1,63.53,19.04,10.61
199,ORD-10123,2024-03-08,2024-03-13,Standard Class,CUST-0064,Customer 064,Consumer,East,Pennsylvania,Philadelphia,Technology,Accessories,Vector USB-C Hub,1,0,83.8,33.21,7.01
200,ORD-10124,2025-04-16,2025-04-18,First Class,CUST-0127,Customer 127,Corporate,East,Massachusetts,Boston,Furniture,Chairs,Metro Task Chair,3,0,766.38,206.37,23.55
201,ORD-10125,2024-07-05,2024-07-07,First Class,CUST-0033,Customer 033,Consumer,West,California,San Francisco,Technology,Phones,Nova X Smartphone,3,0.3,1550.59,15.96,50.5
202,ORD-10125,2024-07-05,2024-07-07,First Class,CUST-0033,Customer 033,Consumer,West,California,San Francisco,Office Supplies,Paper,BrightCopy Paper Case,4,0.4,126.94,-2.66,13.24
203,ORD-10126,2025-09-02,2025-09-04,First Class,CUST-0116,Customer 116,Corporate,West,California,San Francisco,Office Supplies,Paper,BrightCopy Paper Case,4,0.05,199.54,70.81,13.21
204,ORD-10126,2025-09-02,2025-09-04,First Class,CUST-0116,Customer 116,Corporate,West,California,San Francisco,Office Supplies,Paper,BrightCopy Paper Case,1,0.15,45.94,5.91,10.31
205,ORD-10127,2023-05-03,2023-05-06,Second Class,CUST-0049,Customer 049,Corporate,West,California,San Francisco,Furniture,Chairs,Metro Task Chair,1,0,252.76,61.83,14.0
206,ORD-10127,2023-05-03,2023-05-06,Second Class,CUST-0049,Customer 049,Corporate,West,California,San Francisco,Technology,Accessories,Orbit Wireless Headset,2,0.2,199.09,40.82,13.93
207,ORD-10128,2023-08-20,2023-08-25,Standard Class,CUST-0133,Customer 133,Corporate,West,California,Los Angeles,Technology,Accessories,Vector USB-C Hub,1,0.1,75.98,25.07,7.01
208,ORD-10128,2023-08-20,2023-08-25,Standard Class,CUST-0133,Customer 133,Corporate,West,California,Los Angeles,Technology,Accessories,Orbit Wireless Headset,1,0.15,108.05,26.79,7.53
209,ORD-10129,2024-01-29,2024-02-01,Second Class,CUST-0214,Customer 214,Consumer,East,Pennsylvania,Philadelphia,Technology,Phones,Pulse Pro Smartphone,2,0,1766.08,470.01,42.15
210,ORD-10129,2024-01-29,2024-02-01,Second Class,CUST-0214,Customer 214,Consumer,East,Pennsylvania,Philadelphia,Furniture,Tables,Oakline Writing Desk,2,0.15,835.67,-184.89,27.59
211,ORD-10129,2024-01-29,2024-02-01,Second Class,CUST-0214,Customer 214,Consumer,East,Pennsylvania,Philadelphia,Furniture,Chairs,ErgoMesh Office Chair,2,0.3,537.09,-46.59,23.57
212,ORD-10130,2024-03-29,2024-04-03,Standard Class,CUST-0163,Customer 163,Home Office,East,New York,New York City,Office Supplies,Writing,Glide Gel Pen Pack,3,0.05,50.79,18.49,6.64
213,ORD-10130,2024-03-29,2024-04-03,Standard Class,CUST-0163,Customer 163,Home Office,East,New York,New York City,Office Supplies,Paper,BrightCopy Paper Case,2,0,109.18,41.82,7.31
214,ORD-10130,2024-03-29,2024-04-03,Standard Class,CUST-0163,Customer 163,Home Office,East,New York,New York City,Office Supplies,Labels,QuickShip Label Roll,2,0.2,36.41,8.92,6.55
215,ORD-10130,2024-03-29,2024-04-03,Standard Class,CUST-0163,Customer 163,Home Office,East,New York,New York City,Office Supplies,Paper,BrightCopy Paper Case,3,0,164.35,65.99,7.97
216,ORD-10131,2023-07-11,2023-07-13,First Class,CUST-0068,Customer 068,Consumer,West,Washington,Seattle,Office Supplies,Paper,BrightCopy Paper Case,4,0.05,216.18,77.49,13.53
217,ORD-10132,2023-07-05,2023-07-10,Standard Class,CUST-0069,Customer 069,Corporate,Central,Texas,Dallas,Office Supplies,Writing,Glide Gel Pen Pack,1,0.05,16.08,1.75,6.2
218,ORD-10132,2023-07-05,2023-07-10,Standard Class,CUST-0069,Customer 069,Corporate,Central,Texas,Dallas,Office Supplies,Labels,QuickShip Label Roll,3,0,73.6,32.86,6.88
219,ORD-10133,2023-12-10,2023-12-15,Standard Class,CUST-0105,Customer 105,Corporate,Central,Texas,Houston,Office Supplies,Labels,QuickShip Label Roll,1,0,25.27,7.35,6.3
220,ORD-10134,2024-08-03,2024-08-08,Standard Class,CUST-0018,Customer 018,Corporate,South,North Carolina,Charlotte,Technology,Computers,Vertex 24 Monitor,3,0,1045.82,305.66,18.55
221,ORD-10135,2023-01-16,2023-01-19,Second Class,CUST-0231,Customer 231,Corporate,West,California,Los Angeles,Office Supplies,Paper,BrightCopy Paper Case,2,0,99.82,33.76,11.16
222,ORD-10136,2025-05-15,2025-05-18,Second Class,CUST-0175,Customer 175,Home Office,Central,Texas,Houston,Office Supplies,Labels,QuickShip Label Roll,3,0,71.85,28.16,10.64
223,ORD-10136,2025-05-15,2025-05-18,Second Class,CUST-0175,Customer 175,Home Office,Central,Texas,Houston,Office Supplies,Labels,QuickShip Label Roll,1,0,22.74,2.56,9.72
224,ORD-10136,2025-05-15,2025-05-18,Second Class,CUST-0175,Customer 175,Home Office,Central,Texas,Houston,Technology,Phones,Pulse Pro Smartphone,2,0,1716.05,456.43,41.22
225,ORD-10137,2024-06-10,2024-06-15,Standard Class,CUST-0127,Customer 127,Corporate,South,Florida,Miami,Furniture,Storage,Flex 5-Shelf Bookcase,5,0.1,1327.21,197.5,23.7
226,ORD-10138,2023-05-18,2023-05-23,Standard Class,CUST-0160,Customer 160,Corporate,Central,Texas,Dallas,Furniture,Chairs,ErgoMesh Office Chair,2,0.05,817.85,173.07,16.33
227,ORD-10139,2023-07-22,2023-07-27,Standard Class,CUST-0033,Customer 033,Consumer,West,Oregon,Portland,Technology,Accessories,Vector USB-C Hub,3,0,219.87,96.9,8.64
228,ORD-10140,2023-06-28,2023-07-03,Standard Class,CUST-0033,Customer 033,Consumer,South,North Carolina,Charlotte,Office Supplies,Paper,BrightCopy Paper Case,1,0,49.76,15.79,6.6
229,ORD-10141,2025-09-06,2025-09-11,Standard Class,CUST-0087,Customer 087,Corporate,Central,Illinois,Chicago,Office Supplies,Storage,Archive Storage Box Set,1,0,38.67,9.4,6.46
230,ORD-10141,2025-09-06,2025-09-11,Standard Class,CUST-0087,Customer 087,Corporate,Central,Illinois,Chicago,Office Supplies,Labels,QuickShip Label Roll,2,0,46.74,18.68,6.56
231,ORD-10142,2024-12-28,2024-12-30,First Class,CUST-0186,Customer 186,Home Office,Central,Minnesota,Minneapolis,Technology,Accessories,Orbit Wireless Headset,3,0.15,349.91,94.19,16.96
232,ORD-10142,2024-12-28,2024-12-30,First Class,CUST-0186,Customer 186,Home Office,Central,Minnesota,Minneapolis,Office Supplies,Writing,Glide Gel Pen Pack,1,0,20.47,0.97,9.68
233,ORD-10143,2025-07-06,2025-07-09,Second Class,CUST-0222,Customer 222,Home Office,West,California,Los Angeles,Office Supplies,Binders,ProBind Presentation Set,1,0.3,27.24,-4.96,10.02
234,ORD-10144,2024-03-06,2024-03-11,Standard Class,CUST-0172,Customer 172,Home Office,South,Georgia,Atlanta,Office Supplies,Labels,QuickShip Label Roll,2,0,48.44,19.58,6.58
235,ORD-10144,2024-03-06,2024-03-11,Standard Class,CUST-0172,Customer 172,Home Office,South,Georgia,Atlanta,Technology,Accessories,Orbit Wireless Headset,1,0.1,115.67,33.59,7.54
236,ORD-10145,2023-04-30,2023-05-05,Standard Class,CUST-0048,Customer 048,Home Office,South,Tennessee,Nashville,Furniture,Storage,Compact File Cabinet,1,0.05,183.28,43.77,8.32
237,ORD-10146,2023-04-02,2023-04-05,Second Class,CUST-0237,Customer 237,Consumer,South,Tennessee,Nashville,Furniture,Chairs,Metro Task Chair,4,0,886.74,240.23,25.79
238,ORD-10147,2024-11-13,2024-11-15,First Class,CUST-0012,Customer 012,Corporate,West,California,Los Angeles,Office Supplies,Binders,ProBind Presentation Set,4,0.05,167.03,54.24,12.57
239,ORD-10147,2024-11-13,2024-11-15,First Class,CUST-0012,Customer 012,Corporate,West,California,Los Angeles,Office Supplies,Labels,QuickShip Label Roll,1,0.3,19.77,-3.05,9.83
240,ORD-10147,2024-11-13,2024-11-15,First Class,CUST-0012,Customer 012,Corporate,West,California,Los Angeles,Office Supplies,Writing,Glide Gel Pen Pack,4,0.05,81.6,29.47,10.9
241,ORD-10148,2023-02-19,2023-02-24,Standard Class,CUST-0110,Customer 110,Home Office,East,Pennsylvania,Philadelphia,Office Supplies,Paper,BrightCopy Paper Case,4,0.15,177.16,54.02,8.5
242,ORD-10149,2024-02-26,2024-03-02,Standard Class,CUST-0039,Customer 039,Consumer,South,North Carolina,Charlotte,Technology,Accessories,Orbit Wireless Headset,5,0.05,583.7,213.97,13.37
243,ORD-10150,2023-03-29,2023-04-01,Second Class,CUST-0034,Customer 034,Home Office,Central,Minnesota,Minneapolis,Office Supplies,Storage,Archive Storage Box Set,1,0.2,31.68,-1.73,10.04
244,ORD-10151,2023-07-18,2023-07-20,First Class,CUST-0012,Customer 012,Corporate,Central,Minnesota,Minneapolis,Office Supplies,Storage,Archive Storage Box Set,1,0,44.64,8.17,10.13
245,ORD-10151,2023-07-18,2023-07-20,First Class,CUST-0012,Customer 012,Corporate,Central,Minnesota,Minneapolis,Office Supplies,Paper,BrightCopy Paper Case,3,0,163.67,61.31,12.34
246,ORD-10152,2024-05-25,2024-05-30,Standard Class,CUST-0128,Customer 128,Home Office,East,New Jersey,Newark,Office Supplies,Storage,Archive Storage Box Set,1,0.1,38.7,6.81,6.52
247,ORD-10153,2025-02-07,2025-02-12,Standard Class,CUST-0066,Customer 066,Home Office,East,Pennsylvania,Philadelphia,Office Supplies,Labels,QuickShip Label Roll,1,0.1,20.75,3.87,6.28
248,ORD-10154,2025-01-03,2025-01-08,Standard Class,CUST-0111,Customer 111,Corporate,South,Georgia,Atlanta,Office Supplies,Writing,Glide Gel Pen Pack,2,0.05,33.32,10.07,6.42
249,ORD-10155,2025-03-26,2025-03-31,Standard Class,CUST-0231,Customer 231,Corporate,South,Florida,Miami,Technology,Accessories,Orbit Wireless Headset,3,0.1,327.19,105.97,10.36
250,ORD-10156,2023-10-17,2023-10-20,Second Class,CUST-0169,Customer 169,Home Office,Central,Illinois,Chicago,Office Supplies,Writing,Glide Gel Pen Pack,1,0,17.24,-0.66,9.62
251,ORD-10157,2023-02-03,2023-02-03,Same Day,CUST-0223,Customer 223,Home Office,West,California,San Francisco,Office Supplies,Binders,ProBind Presentation Set,2,0,72.34,20.45,10.65
252,ORD-10157,2023-02-03,2023-02-03,Same Day,CUST-0223,Customer 223,Home Office,West,California,San Francisco,Technology,Computers,Apex 14 Laptop,4,0.3,3025.43,-349.01,89.69
253,ORD-10157,2023-02-03,2023-02-03,Same Day,CUST-0223,Customer 223,Home Office,West,California,San Francisco,Technology,Phones,Pulse Pro Smartphone,3,0.1,2438.73,455.15,59.7
254,ORD-10157,2023-02-03,2023-02-03,Same Day,CUST-0223,Customer 223,Home Office,West,California,San Francisco,Technology,Phones,Nova X Smartphone,2,0.4,732.46,-117.47,32.01
255,ORD-10158,2024-12-05,2024-12-10,Standard Class,CUST-0090,Customer 090,Home Office,South,Georgia,Atlanta,Office Supplies,Paper,BrightCopy Paper Case,2,0,118.41,45.87,7.42
256,ORD-10159,2025-09-08,2025-09-13,Standard Class,CUST-0239,Customer 239,Home Office,West,California,San Francisco,Office Supplies,Labels,QuickShip Label Roll,3,0.05,66.41,27.42,6.84
257,ORD-10159,2025-09-08,2025-09-13,Standard Class,CUST-0239,Customer 239,Home Office,West,California,San Francisco,Furniture,Storage,Compact File Cabinet,3,0.15,463.95,80.24,12.55
258,ORD-10159,2025-09-08,2025-09-13,Standard Class,CUST-0239,Customer 239,Home Office,West,California,San Francisco,Technology,Computers,Vertex 24 Monitor,1,0.05,303.72,73.29,9.84
259,ORD-10160,2023-06-30,2023-07-05,Standard Class,CUST-0145,Customer 145,Home Office,East,New York,New York City,Office Supplies,Paper,BrightCopy Paper Case,5,0,252.13,104.43,9.03
260,ORD-10161,2023-12-18,2023-12-20,First Class,CUST-0087,Customer 087,Corporate,Central,Illinois,Chicago,Office Supplies,Paper,BrightCopy Paper Case,4,0,234.57,91.9,13.66
261,ORD-10162,2025-10-19,2025-10-22,Second Class,CUST-0109,Customer 109,Home Office,West,California,Los Angeles,Office Supplies,Storage,Archive Storage Box Set,4,0,162.91,54.47,12.33
262,ORD-10162,2025-10-19,2025-10-22,Second Class,CUST-0109,Customer 109,Home Office,West,California,Los Angeles,Technology,Phones,Nova X Smartphone,2,0.15,1273.26,232.47,37.16
263,ORD-10163,2024-07-31,2024-08-02,First Class,CUST-0055,Customer 055,Consumer,Central,Texas,Houston,Technology,Accessories,Vector USB-C Hub,1,0.1,71.75,19.51,10.78
264,ORD-10163,2024-07-31,2024-08-02,First Class,CUST-0055,Customer 055,Consumer,Central,Texas,Houston,Office Supplies,Paper,BrightCopy Paper Case,1,0.15,44.86,5.55,10.28
265,ORD-10164,2025-11-10,2025-11-10,Same Day,CUST-0011,Customer 011,Consumer,East,Massachusetts,Boston,Office Supplies,Writing,Glide Gel Pen Pack,1,0.05,17.79,-0.85,9.65
266,ORD-10164,2025-11-10,2025-11-10,Same Day,CUST-0011,Customer 011,Consumer,East,Massachusetts,Boston,Office Supplies,Storage,Archive Storage Box Set,3,0.05,141.21,41.45,12.06
267,ORD-10164,2025-11-10,2025-11-10,Same Day,CUST-0011,Customer 011,Consumer,East,Massachusetts,Boston,Technology,Accessories,Orbit Wireless Headset,3,0.1,389.25,121.06,17.34
268,ORD-10165,2024-10-28,2024-11-02,Standard Class,CUST-0186,Customer 186,Home Office,Central,Minnesota,Minneapolis,Furniture,Storage,Compact File Cabinet,4,0.05,738.21,194.49,15.32
269,ORD-10165,2024-10-28,2024-11-02,Standard Class,CUST-0186,Customer 186,Home Office,Central,Minnesota,Minneapolis,Office Supplies,Art,Studio Marker Set,2,0.1,56.74,17.83,6.76
270,ORD-10166,2023-08-28,2023-08-30,First Class,CUST-0047,Customer 047,Corporate,Central,Illinois,Chicago,Office Supplies,Writing,Glide Gel Pen Pack,4,0,77.22,29.42,10.74
271,ORD-10167,2025-07-02,2025-07-05,Second Class,CUST-0209,Customer 209,Consumer,South,Florida,Miami,Office Supplies,Binders,ProBind Presentation Set,3,0,111.56,36.6,11.37
272,ORD-10168,2024-02-17,2024-02-22,Standard Class,CUST-0139,Customer 139,Corporate,East,New York,New York City,Office Supplies,Storage,Archive Storage Box Set,2,0,81.68,26.51,6.98
273,ORD-10168,2024-02-17,2024-02-22,Standard Class,CUST-0139,Customer 139,Corporate,East,New York,New York City,Office Supplies,Writing,Glide Gel Pen Pack,2,0,33.42,10.98,6.4
274,ORD-10168,2024-02-17,2024-02-22,Standard Class,CUST-0139,Customer 139,Corporate,East,New York,New York City,Furniture,Tables,LiftPro Standing Desk,1,0.05,736.82,-85.12,15.31
275,ORD-10169,2025-08-09,2025-08-12,Second Class,CUST-0216,Customer 216,Corporate,South,Tennessee,Nashville,Furniture,Storage,Flex 5-Shelf Bookcase,4,0.1,1041.89,142.82,30.83
276,ORD-10170,2024-02-19,2024-02-24,Standard Class,CUST-0237,Customer 237,Consumer,South,Georgia,Atlanta,Furniture,Chairs,Metro Task Chair,4,0,845.69,237.56,16.15
277,ORD-10171,2023-06-25,2023-06-28,Second Class,CUST-0002,Customer 002,Corporate,West,Oregon,Portland,Office Supplies,Writing,Glide Gel Pen Pack,5,0.2,69.12,16.74,10.91
278,ORD-10171,2023-06-25,2023-06-28,Second Class,CUST-0002,Customer 002,Corporate,West,Oregon,Portland,Office Supplies,Art,Studio Marker Set,2,0,66.78,22.18,10.54
279,ORD-10172,2024-03-05,2024-03-08,Second Class,CUST-0240,Customer 240,Consumer,West,Washington,Seattle,Technology,Computers,Apex 14 Laptop,2,0.05,2356.92,415.93,55.45
280,ORD-10173,2023-10-03,2023-10-08,Standard Class,CUST-0094,Customer 094,Home Office,South,North Carolina,Charlotte,Office Supplies,Labels,QuickShip Label Roll,2,0.2,40.68,10.68,6.61
281,ORD-10173,2023-10-03,2023-10-08,Standard Class,CUST-0094,Customer 094,Home Office,South,North Carolina,Charlotte,Office Supplies,Art,Studio Marker Set,1,0.2,25.3,2.79,6.38
282,ORD-10174,2025-12-23,2025-12-28,Standard Class,CUST-0185,Customer 185,Corporate,East,New Jersey,Newark,Furniture,Storage,Compact File Cabinet,3,0.2,498.2,61.26,13.47
283,ORD-10175,2025-06-08,2025-06-11,Second Class,CUST-0178,Customer 178,Corporate,East,Massachusetts,Boston,Office Supplies,Paper,BrightCopy Paper Case,5,0.2,207.06,50.6,14.11
284,ORD-10175,2025-06-08,2025-06-11,Second Class,CUST-0178,Customer 178,Corporate,East,Massachusetts,Boston,Technology,Accessories,Orbit Wireless Headset,1,0.15,114.59,24.59,11.81
285,ORD-10176,2023-12-30,2024-01-02,Second Class,CUST-0010,Customer 010,Home Office,South,Tennessee,Nashville,Technology,Accessories,Vector USB-C Hub,2,0,181.24,74.33,12.67
286,ORD-10176,2023-12-30,2024-01-02,Second Class,CUST-0010,Customer 010,Home Office,South,Tennessee,Nashville,Furniture,Tables,Oakline Writing Desk,2,0.15,999.81,-219.38,31.18
287,ORD-10177,2025-11-27,2025-12-02,Standard Class,CUST-0042,Customer 042,Home Office,East,New Jersey,Newark,Office Supplies,Storage,Archive Storage Box Set,1,0,50.34,14.04,6.6
288,ORD-10177,2025-11-27,2025-12-02,Standard Class,CUST-0042,Customer 042,Home Office,East,New Jersey,Newark,Office Supplies,Labels,QuickShip Label Roll,1,0,25.22,7.32,6.3
289,ORD-10177,2025-11-27,2025-12-02,Standard Class,CUST-0042,Customer 042,Home Office,East,New Jersey,Newark,Office Supplies,Art,Studio Marker Set,2,0.05,64.85,23.22,6.82
290,ORD-10178,2025-11-29,2025-12-04,Standard Class,CUST-0053,Customer 053,Consumer,Central,Minnesota,Minneapolis,Office Supplies,Binders,ProBind Presentation Set,2,0.2,67.52,12.4,7.01
291,ORD-10179,2024-12-17,2024-12-22,Standard Class,CUST-0096,Customer 096,Consumer,East,Massachusetts,Boston,Office Supplies,Paper,BrightCopy Paper Case,1,0.05,55.32,16.59,6.7
292,ORD-10179,2024-12-17,2024-12-22,Standard Class,CUST-0096,Customer 096,Consumer,East,Massachusetts,Boston,Technology,Computers,Vertex 24 Monitor,1,0.1,314.23,63.13,10.19
293,ORD-10179,2024-12-17,2024-12-22,Standard Class,CUST-0096,Customer 096,Consumer,East,Massachusetts,Boston,Office Supplies,Binders,ProBind Presentation Set,3,0.3,94.45,9.92,7.62
294,ORD-10179,2024-12-17,2024-12-22,Standard Class,CUST-0096,Customer 096,Consumer,East,Massachusetts,Boston,Office Supplies,Labels,QuickShip Label Roll,2,0.3,36.28,5.82,6.62
295,ORD-10180,2024-05-17,2024-05-20,Second Class,CUST-0213,Customer 213,Home Office,West,California,San Francisco,Technology,Phones,Nova X Smartphone,4,0.15,2345.2,436.01,60.62
296,ORD-10181,2024-02-18,2024-02-18,Same Day,CUST-0154,Customer 154,Consumer,West,Washington,Seattle,Furniture,Chairs,ErgoMesh Office Chair,4,0,1707.35,419.92,41.06
297,ORD-10181,2024-02-18,2024-02-18,Same Day,CUST-0154,Customer 154,Consumer,West,Washington,Seattle,Office Supplies,Writing,Glide Gel Pen Pack,3,0.1,47.74,11.99,10.29
298,ORD-10181,2024-02-18,2024-02-18,Same Day,CUST-0154,Customer 154,Consumer,West,Washington,Seattle,Office Supplies,Writing,Glide Gel Pen Pack,4,0.2,53.52,10.87,10.54
299,ORD-10182,2025-06-17,2025-06-22,Standard Class,CUST-0117,Customer 117,Corporate,East,New Jersey,Newark,Furniture,Storage,Compact File Cabinet,1,0,196.52,54.53,8.36
300,ORD-10183,2025-10-03,2025-10-08,Standard Class,CUST-0099,Customer 099,Corporate,East,Massachusetts,Boston,Furniture,Tables,Oakline Writing Desk,1,0.05,551.68,-47.81,12.97
301,ORD-10183,2025-10-03,2025-10-08,Standard Class,CUST-0099,Customer 099,Corporate,East,Massachusetts,Boston,Furniture,Tables,LiftPro Standing Desk,1,0.15,722.19,-177.63,16.2
302,ORD-10184,2023-11-30,2023-12-05,Standard Class,CUST-0091,Customer 091,Consumer,South,Florida,Miami,Office Supplies,Writing,Glide Gel Pen Pack,4,0.05,81.26,33.17,7.03
303,ORD-10184,2023-11-30,2023-12-05,Standard Class,CUST-0091,Customer 091,Consumer,South,Florida,Miami,Technology,Accessories,Orbit Wireless Headset,2,0,284.02,109.88,9.41
304,ORD-10185,2023-08-15,2023-08-20,Standard Class,CUST-0101,Customer 101,Corporate,West,California,San Francisco,Technology,Accessories,Orbit Wireless Headset,2,0.3,176.97,21.31,9.03
305,ORD-10186,2023-12-07,2023-12-12,Standard Class,CUST-0191,Customer 191,Home Office,East,Pennsylvania,Philadelphia,Office Supplies,Binders,ProBind Presentation Set,1,0,41.49,11.34,6.5
306,ORD-10186,2023-12-07,2023-12-12,Standard Class,CUST-0191,Customer 191,Home Office,East,Pennsylvania,Philadelphia,Office Supplies,Art,Studio Marker Set,2,0,71.01,27.95,6.85
307,ORD-10186,2023-12-07,2023-12-12,Standard Class,CUST-0191,Customer 191,Home Office,East,Pennsylvania,Philadelphia,Technology,Computers,Vertex 24 Monitor,1,0.2,280.23,28.33,10.2
308,ORD-10187,2025-02-02,2025-02-07,Standard Class,CUST-0209,Customer 209,Consumer,East,Pennsylvania,Philadelphia,Office Supplies,Binders,ProBind Presentation Set,2,0,68.26,22.53,6.82
309,ORD-10187,2025-02-02,2025-02-07,Standard Class,CUST-0209,Customer 209,Consumer,East,Pennsylvania,Philadelphia,Office Supplies,Paper,BrightCopy Paper Case,3,0.1,138.19,45.9,7.84
310,ORD-10187,2025-02-02,2025-02-07,Standard Class,CUST-0209,Customer 209,Consumer,East,Pennsylvania,Philadelphia,Office Supplies,Writing,Glide Gel Pen Pack,2,0.15,26.83,5.3,6.38
311,ORD-10188,2023-01-25,2023-01-30,Standard Class,CUST-0002,Customer 002,Corporate,East,New York,New York City,Technology,Accessories,Orbit Wireless Headset,1,0.1,106.52,30.46,7.42
312,ORD-10188,2023-01-25,2023-01-30,Standard Class,CUST-0002,Customer 002,Corporate,East,New York,New York City,Furniture,Chairs,ErgoMesh Office Chair,3,0.05,1148.22,245.41,20.5
313,ORD-10189,2025-12-17,2025-12-19,First Class,CUST-0157,Customer 157,Home Office,West,Washington,Seattle,Technology,Accessories,Vector USB-C Hub,2,0.3,114.59,17.13,12.34
314,ORD-10190,2025-03-25,2025-03-30,Standard Class,CUST-0172,Customer 172,Home Office,West,Washington,Seattle,Technology,Computers,Vertex 24 Monitor,1,0.1,304.35,60.95,10.06
315,ORD-10191,2025-01-21,2025-01-23,First Class,CUST-0047,Customer 047,Corporate,East,Massachusetts,Boston,Technology,Computers,Apex 14 Laptop,5,0.1,5187.93,690.49,116.52
316,ORD-10191,2025-01-21,2025-01-23,First Class,CUST-0047,Customer 047,Corporate,East,Massachusetts,Boston,Furniture,Chairs,ErgoMesh Office Chair,1,0.05,404.52,76.46,17.22
317,ORD-10192,2024-11-22,2024-11-24,First Class,CUST-0223,Customer 223,Home Office,South,Florida,Miami,Office Supplies,Art,Studio Marker Set,3,0,104.23,39.83,11.24
318,ORD-10192,2024-11-22,2024-11-24,First Class,CUST-0223,Customer 223,Home Office,South,Florida,Miami,Office Supplies,Paper,BrightCopy Paper Case,1,0.1,57.13,11.74,10.48
319,ORD-10192,2024-11-22,2024-11-24,First Class,CUST-0223,Customer 223,Home Office,South,Florida,Miami,Office Supplies,Binders,ProBind Presentation Set,3,0.05,114.97,34.44,11.55
320,ORD-10192,2024-11-22,2024-11-24,First Class,CUST-0223,Customer 223,Home Office,South,Florida,Miami,Office Supplies,Writing,Glide Gel Pen Pack,2,0.05,38.82,9.15,10.06
321,ORD-10193,2023-12-07,2023-12-12,Standard Class,CUST-0062,Customer 062,Home Office,South,Georgia,Atlanta,Furniture,Storage,Compact File Cabinet,4,0.15,715.37,126.98,16.1
322,ORD-10194,2023-08-26,2023-08-31,Standard Class,CUST-0198,Customer 198,Corporate,South,North Carolina,Charlotte,Office Supplies,Art,Studio Marker Set,1,0.2,25.65,2.92,6.38
323,ORD-10195,2024-12-14,2024-12-19,Standard Class,CUST-0169,Customer 169,Home Office,Central,Texas,Houston,Technology,Accessories,Vector USB-C Hub,1,0,83.58,33.12,7.0
324,ORD-10196,2025-08-16,2025-08-19,Second Class,CUST-0189,Customer 189,Consumer,Central,Texas,Houston,Furniture,Tables,LiftPro Standing Desk,3,0.05,2373.87,-280.68,55.78
325,ORD-10197,2025-02-13,2025-02-15,First Class,CUST-0131,Customer 131,Consumer,South,Georgia,Atlanta,Office Supplies,Paper,BrightCopy Paper Case,1,0,47.74,11.29,10.19
326,ORD-10198,2024-07-09,2024-07-14,Standard Class,CUST-0119,Customer 119,Home Office,South,Georgia,Atlanta,Office Supplies,Binders,ProBind Presentation Set,1,0.1,32.3,5.41,6.43
327,ORD-10199,2024-01-25,2024-01-30,Standard Class,CUST-0179,Customer 179,Home Office,West,California,San Francisco,Furniture,Chairs,ErgoMesh Office Chair,2,0.2,621.85,39.08,15.33
328,ORD-10200,2023-03-31,2023-04-05,Standard Class,CUST-0039,Customer 039,Consumer,West,Oregon,Portland,Office Supplies,Art,Studio Marker Set,2,0.15,53.47,14.64,6.75
329,ORD-10200,2023-03-31,2023-04-05,Standard Class,CUST-0039,Customer 039,Consumer,West,Oregon,Portland,Office Supplies,Paper,BrightCopy Paper Case,2,0.1,102.71,32.57,7.37
330,ORD-10201,2025-11-01,2025-11-06,Standard Class,CUST-0122,Customer 122,Consumer,Central,Minnesota,Minneapolis,Technology,Accessories,Orbit Wireless Headset,5,0,729.72,291.72,14.76
331,ORD-10201,2025-11-01,2025-11-06,Standard Class,CUST-0122,Customer 122,Consumer,Central,Minnesota,Minneapolis,Technology,Accessories,Vector USB-C Hub,5,0.3,319.5,70.67,11.48
332,ORD-10202,2023-12-10,2023-12-13,Second Class,CUST-0056,Customer 056,Consumer,East,Massachusetts,Boston,Office Supplies,Binders,ProBind Presentation Set,5,0.1,178.64,52.51,12.99
333,ORD-10203,2024-07-08,2024-07-13,Standard Class,CUST-0132,Customer 132,Consumer,West,Oregon,Portland,Furniture,Chairs,ErgoMesh Office Chair,2,0.3,631.2,-43.87,16.82
334,ORD-10204,2023-01-19,2023-01-24,Standard Class,CUST-0040,Customer 040,Home Office,Central,Texas,Houston,Office Supplies,Binders,ProBind Presentation Set,4,0,152.4,57.7,7.83
335,ORD-10204,2023-01-19,2023-01-24,Standard Class,CUST-0040,Customer 040,Home Office,Central,Texas,Houston,Office Supplies,Writing,Glide Gel Pen Pack,1,0,16.99,2.63,6.2
336,ORD-10204,2023-01-19,2023-01-24,Standard Class,CUST-0040,Customer 040,Home Office,Central,Texas,Houston,Office Supplies,Binders,ProBind Presentation Set,1,0,36.54,9.27,6.44
337,ORD-10204,2023-01-19,2023-01-24,Standard Class,CUST-0040,Customer 040,Home Office,Central,Texas,Houston,Technology,Computers,Apex 14 Laptop,1,0.05,1084.29,197.15,19.7
338,ORD-10205,2025-08-09,2025-08-12,Second Class,CUST-0081,Customer 081,Home Office,West,California,Los Angeles,Furniture,Storage,Flex 5-Shelf Bookcase,1,0,303.09,60.83,14.94
339,ORD-10205,2025-08-09,2025-08-12,Second Class,CUST-0081,Customer 081,Home Office,West,California,Los Angeles,Office Supplies,Labels,QuickShip Label Roll,4,0,100.41,43.05,11.17
340,ORD-10205,2025-08-09,2025-08-12,Second Class,CUST-0081,Customer 081,Home Office,West,California,Los Angeles,Furniture,Tables,LiftPro Standing Desk,1,0.1,755.63,-142.46,24.92
341,ORD-10206,2023-06-16,2023-06-21,Standard Class,CUST-0105,Customer 105,Corporate,West,Washington,Seattle,Furniture,Storage,Compact File Cabinet,1,0,187.97,51.89,8.26
342,ORD-10207,2025-12-04,2025-12-09,Standard Class,CUST-0023,Customer 023,Home Office,East,New Jersey,Newark,Furniture,Tables,LiftPro Standing Desk,3,0.05,2410.63,-264.82,36.45
343,ORD-10207,2025-12-04,2025-12-09,Standard Class,CUST-0023,Customer 023,Home Office,East,New Jersey,Newark,Office Supplies,Labels,QuickShip Label Roll,4,0.15,94.9,36.2,7.34
344,ORD-10207,2025-12-04,2025-12-09,Standard Class,CUST-0023,Customer 023,Home Office,East,New Jersey,Newark,Technology,Phones,Pulse Pro Smartphone,4,0,4143.22,1145.81,55.72
345,ORD-10208,2024-04-21,2024-04-26,Standard Class,CUST-0203,Customer 203,Home Office,Central,Texas,Houston,Technology,Accessories,Orbit Wireless Headset,5,0,595.47,236.95,13.15
346,ORD-10209,2025-05-24,2025-05-29,Standard Class,CUST-0141,Customer 141,Corporate,Central,Illinois,Chicago,Office Supplies,Paper,BrightCopy Paper Case,3,0,153.45,61.21,7.84
347,ORD-10210,2024-12-07,2024-12-09,First Class,CUST-0033,Customer 033,Consumer,Central,Texas,Houston,Office Supplies,Paper,BrightCopy Paper Case,2,0.1,112.12,31.98,11.62
348,ORD-10211,2024-11-28,2024-12-03,Standard Class,CUST-0082,Customer 082,Consumer,Central,Illinois,Chicago,Furniture,Chairs,ErgoMesh Office Chair,1,0.05,459.89,94.69,11.81
349,ORD-10212,2025-05-23,2025-05-26,Second Class,CUST-0237,Customer 237,Consumer,West,California,San Francisco,Office Supplies,Writing,Glide Gel Pen Pack,2,0,37.08,9.29,9.99
350,ORD-10212,2025-05-23,2025-05-26,Second Class,CUST-0237,Customer 237,Consumer,West,California,San Francisco,Office Supplies,Storage,Archive Storage Box Set,3,0,128.01,40.8,11.68
351,ORD-10213,2023-08-08,2023-08-13,Standard Class,CUST-0129,Customer 129,Corporate,Central,Texas,Dallas,Technology,Computers,Vertex 24 Monitor,4,0,1407.37,413.39,22.89
352,ORD-10213,2023-08-08,2023-08-13,Standard Class,CUST-0129,Customer 129,Corporate,Central,Texas,Dallas,Office Supplies,Binders,ProBind Presentation Set,3,0,120.99,44.57,7.45
353,ORD-10214,2024-07-28,2024-08-02,Standard Class,CUST-0073,Customer 073,Corporate,Central,Texas,Houston,Office Supplies,Art,Studio Marker Set,1,0,33.47,10.0,6.4
354,ORD-10214,2024-07-28,2024-08-02,Standard Class,CUST-0073,Customer 073,Corporate,Central,Texas,Houston,Technology,Accessories,Orbit Wireless Headset,4,0,524.18,207.86,12.29
355,ORD-10214,2024-07-28,2024-08-02,Standard Class,CUST-0073,Customer 073,Corporate,Central,Texas,Houston,Furniture,Chairs,Metro Task Chair,5,0,1169.14,330.71,20.03
356,ORD-10215,2023-03-07,2023-03-12,Standard Class,CUST-0089,Customer 089,Consumer,Central,Illinois,Chicago,Technology,Computers,Vertex 24 Monitor,4,0,1395.72,409.92,22.75
357,ORD-10216,2024-01-07,2024-01-12,Standard Class,CUST-0114,Customer 114,Corporate,East,New York,New York City,Furniture,Chairs,Metro Task Chair,3,0,702.09,196.19,14.43
358,ORD-10217,2023-10-11,2023-10-16,Standard Class,CUST-0029,Customer 029,Consumer,West,California,San Francisco,Furniture,Tables,LiftPro Standing Desk,2,0.2,1307.14,-417.75,25.61
359,ORD-10218,2024-09-03,2024-09-06,Second Class,CUST-0047,Customer 047,Corporate,West,California,San Francisco,Office Supplies,Paper,BrightCopy Paper Case,4,0.05,196.94,69.76,13.16
360,ORD-10218,2024-09-03,2024-09-06,Second Class,CUST-0047,Customer 047,Corporate,West,California,San Francisco,Technology,Phones,Pulse Pro Smartphone,2,0,1696.91,451.24,40.86
361,ORD-10219,2024-07-06,2024-07-08,First Class,CUST-0068,Customer 068,Consumer,Central,Illinois,Chicago,Technology,Phones,Nova X Smartphone,1,0.2,577.83,71.17,22.73
362,ORD-10219,2024-07-06,2024-07-08,First Class,CUST-0068,Customer 068,Consumer,Central,Illinois,Chicago,Office Supplies,Labels,QuickShip Label Roll,2,0,46.64,15.01,10.17
363,ORD-10220,2023-09-06,2023-09-11,Standard Class,CUST-0047,Customer 047,Corporate,West,California,San Francisco,Technology,Phones,Pulse Pro Smartphone,1,0.15,740.52,105.52,16.45
364,ORD-10220,2023-09-06,2023-09-11,Standard Class,CUST-0047,Customer 047,Corporate,West,California,San Francisco,Furniture,Storage,Flex 5-Shelf Bookcase,3,0.15,785.81,75.35,17.09
365,ORD-10220,2023-09-06,2023-09-11,Standard Class,CUST-0047,Customer 047,Corporate,West,California,San Francisco,Office Supplies,Binders,ProBind Presentation Set,3,0.1,109.05,32.53,7.45
366,ORD-10220,2023-09-06,2023-09-11,Standard Class,CUST-0047,Customer 047,Corporate,West,California,San Francisco,Technology,Accessories,Orbit Wireless Headset,2,0.15,203.57,55.79,8.87
367,ORD-10221,2024-07-06,2024-07-11,Standard Class,CUST-0239,Customer 239,Home Office,West,California,San Francisco,Technology,Computers,Apex 14 Laptop,4,0.1,4197.18,590.94,61.96
368,ORD-10221,2024-07-06,2024-07-11,Standard Class,CUST-0239,Customer 239,Home Office,West,California,San Francisco,Technology,Accessories,Vector USB-C Hub,3,0,222.84,98.29,8.67
369,ORD-10222,2025-11-03,2025-11-03,Same Day,CUST-0225,Customer 225,Consumer,East,Massachusetts,Boston,Office Supplies,Labels,QuickShip Label Roll,2,0.1,44.68,11.62,10.22
370,ORD-10223,2023-07-27,2023-08-01,Standard Class,CUST-0070,Customer 070,Home Office,West,Washington,Seattle,Technology,Computers,Apex 14 Laptop,1,0.1,999.62,136.17,19.33
371,ORD-10224,2023-11-27,2023-11-30,Second Class,CUST-0038,Customer 038,Consumer,West,Oregon,Portland,Technology,Computers,Vertex 24 Monitor,1,0.1,317.14,58.15,15.85
372,ORD-10224,2023-11-27,2023-11-30,Second Class,CUST-0038,Customer 038,Consumer,West,Oregon,Portland,Office Supplies,Storage,Archive Storage Box Set,2,0.15,82.33,14.08,11.1
373,ORD-10224,2023-11-27,2023-11-30,Second Class,CUST-0038,Customer 038,Consumer,West,Oregon,Portland,Technology,Phones,Nova X Smartphone,1,0,774.3,231.82,23.7
374,ORD-10225,2023-11-08,2023-11-11,Second Class,CUST-0102,Customer 102,Home Office,West,California,San Francisco,Furniture,Storage,Compact File Cabinet,2,0.1,396.92,79.53,17.5
375,ORD-10226,2025-09-18,2025-09-23,Standard Class,CUST-0038,Customer 038,Consumer,West,California,Los Angeles,Furniture,Chairs,Metro Task Chair,3,0.05,726.84,176.09,15.18
376,ORD-10227,2024-01-29,2024-02-01,Second Class,CUST-0211,Customer 211,Home Office,East,Massachusetts,Boston,Office Supplies,Paper,BrightCopy Paper Case,2,0.05,102.87,32.01,11.31
377,ORD-10228,2023-08-26,2023-08-31,Standard Class,CUST-0240,Customer 240,Consumer,South,Tennessee,Nashville,Technology,Phones,Nova X Smartphone,4,0.05,2533.71,708.78,38.0
378,ORD-10228,2023-08-26,2023-08-31,Standard Class,CUST-0240,Customer 240,Consumer,South,Tennessee,Nashville,Technology,Accessories,Vector USB-C Hub,1,0.2,62.76,15.03,6.94
379,ORD-10229,2025-10-23,2025-10-26,Second Class,CUST-0135,Customer 135,Home Office,East,Massachusetts,Boston,Furniture,Chairs,Metro Task Chair,2,0,515.89,135.87,18.9
380,ORD-10230,2025-02-21,2025-02-26,Standard Class,CUST-0067,Customer 067,Corporate,Central,Texas,Houston,Furniture,Storage,Flex 5-Shelf Bookcase,5,0,1364.06,318.64,22.37
381,ORD-10230,2025-02-21,2025-02-26,Standard Class,CUST-0067,Customer 067,Corporate,Central,Texas,Houston,Office Supplies,Art,Studio Marker Set,1,0.1,25.9,4.87,6.35
382,ORD-10231,2025-11-21,2025-11-24,Second Class,CUST-0117,Customer 117,Corporate,South,North Carolina,Charlotte,Office Supplies,Binders,ProBind Presentation Set,1,0.05,43.22,7.14,10.15
383,ORD-10232,2024-06-25,2024-06-30,Standard Class,CUST-0108,Customer 108,Home Office,East,Pennsylvania,Philadelphia,Technology,Computers,Vertex 24 Monitor,5,0,1559.59,458.75,24.72
384,ORD-10233,2024-09-15,2024-09-17,First Class,CUST-0235,Customer 235,Corporate,Central,Illinois,Chicago,Technology,Phones,Nova X Smartphone,2,0.1,1234.08,280.57,34.8
385,ORD-10233,2024-09-15,2024-09-17,First Class,CUST-0235,Customer 235,Corporate,Central,Illinois,Chicago,Technology,Accessories,Orbit Wireless Headset,2,0.15,217.12,54.92,14.05
386,ORD-10233,2024-09-15,2024-09-17,First Class,CUST-0235,Customer 235,Corporate,Central,Illinois,Chicago,Office Supplies,Binders,ProBind Presentation Set,3,0,111.59,36.6,11.38
387,ORD-10233,2024-09-15,2024-09-17,First Class,CUST-0235,Customer 235,Corporate,Central,Illinois,Chicago,Technology,Phones,Pulse Pro Smartphone,1,0.15,725.03,94.25,25.17
388,ORD-10234,2025-04-04,2025-04-06,First Class,CUST-0147,Customer 147,Corporate,West,Oregon,Portland,Office Supplies,Labels,QuickShip Label Roll,5,0.2,93.73,28.36,11.48
389,ORD-10235,2023-04-08,2023-04-13,Standard Class,CUST-0037,Customer 037,Corporate,West,Oregon,Portland,Office Supplies,Writing,Glide Gel Pen Pack,2,0.3,23.29,0.92,6.4
390,ORD-10236,2023-10-18,2023-10-23,Standard Class,CUST-0082,Customer 082,Consumer,Central,Texas,Houston,Office Supplies,Art,Studio Marker Set,1,0.15,28.57,5.03,6.4
391,ORD-10236,2023-10-18,2023-10-23,Standard Class,CUST-0082,Customer 082,Consumer,Central,Texas,Houston,Office Supplies,Paper,BrightCopy Paper Case,2,0.05,106.25,37.4,7.34
392,ORD-10237,2025-11-12,2025-11-17,Standard Class,CUST-0073,Customer 073,Corporate,West,California,Los Angeles,Office Supplies,Art,Studio Marker Set,1,0.15,31.11,6.0,6.44
393,ORD-10237,2025-11-12,2025-11-17,Standard Class,CUST-0073,Customer 073,Corporate,West,California,Los Angeles,Office Supplies,Paper,BrightCopy Paper Case,1,0,58.06,19.43,6.7
394,ORD-10237,2025-11-12,2025-11-17,Standard Class,CUST-0073,Customer 073,Corporate,West,California,Los Angeles,Furniture,Storage,Flex 5-Shelf Bookcase,4,0,1387.64,324.26,22.65
395,ORD-10238,2024-07-12,2024-07-17,Standard Class,CUST-0222,Customer 222,Home Office,South,Florida,Miami,Technology,Phones,Nova X Smartphone,4,0.2,2306.25,334.17,40.59
396,ORD-10239,2024-03-11,2024-03-16,Standard Class,CUST-0184,Customer 184,Home Office,South,North Carolina,Charlotte,Office Supplies,Art,Studio Marker Set,1,0,30.23,8.45,6.36
397,ORD-10239,2024-03-11,2024-03-16,Standard Class,CUST-0184,Customer 184,Home Office,South,North Carolina,Charlotte,Technology,Accessories,Orbit Wireless Headset,2,0,267.42,103.11,9.21
398,ORD-10240,2024-08-01,2024-08-06,Standard Class,CUST-0008,Customer 008,Corporate,East,Pennsylvania,Philadelphia,Technology,Computers,Vertex 24 Monitor,2,0.1,587.69,123.29,13.84
399,ORD-10241,2024-06-12,2024-06-15,Second Class,CUST-0207,Customer 207,Home Office,Central,Texas,Dallas,Office Supplies,Binders,ProBind Presentation Set,2,0.2,56.43,5.62,10.61
400,ORD-10241,2024-06-12,2024-06-15,Second Class,CUST-0207,Customer 207,Home Office,Central,Texas,Dallas,Office Supplies,Binders,ProBind Presentation Set,1,0.15,34.35,1.27,10.05
401,ORD-10241,2024-06-12,2024-06-15,Second Class,CUST-0207,Customer 207,Home Office,Central,Texas,Dallas,Office Supplies,Writing,Glide Gel Pen Pack,5,0.1,75.28,24.27,10.86
402,ORD-10241,2024-06-12,2024-06-15,Second Class,CUST-0207,Customer 207,Home Office,Central,Texas,Dallas,Furniture,Storage,Compact File Cabinet,3,0,551.95,157.05,19.57
403,ORD-10242,2025-01-18,2025-01-20,First Class,CUST-0130,Customer 130,Corporate,East,Pennsylvania,Philadelphia,Office Supplies,Paper,BrightCopy Paper Case,2,0.05,99.21,30.53,11.24
404,ORD-10243,2025-03-04,2025-03-09,Standard Class,CUST-0217,Customer 217,Consumer,West,Washington,Seattle,Technology,Accessories,Vector USB-C Hub,1,0.2,60.29,14.2,6.9
405,ORD-10244,2025-05-05,2025-05-08,Second Class,CUST-0101,Customer 101,Corporate,Central,Texas,Dallas,Technology,Computers,Vertex 24 Monitor,1,0,335.27,88.39,15.54
406,ORD-10245,2024-08-08,2024-08-08,Same Day,CUST-0033,Customer 033,Consumer,East,Pennsylvania,Philadelphia,Office Supplies,Paper,BrightCopy Paper Case,4,0,199.18,76.63,13.0
407,ORD-10246,2025-04-12,2025-04-17,Standard Class,CUST-0059,Customer 059,Consumer,West,Oregon,Portland,Office Supplies,Storage,Archive Storage Box Set,1,0.2,33.63,2.33,6.5
408,ORD-10247,2023-10-18,2023-10-23,Standard Class,CUST-0151,Customer 151,Corporate,West,California,Los Angeles,Furniture,Tables,Oakline Writing Desk,4,0.15,1948.34,-400.26,33.51
409,ORD-10247,2023-10-18,2023-10-23,Standard Class,CUST-0151,Customer 151,Corporate,West,California,Los Angeles,Office Supplies,Art,Studio Marker Set,3,0.1,91.17,32.28,7.22
410,ORD-10248,2023-04-13,2023-04-15,First Class,CUST-0075,Customer 075,Consumer,West,Washington,Seattle,Office Supplies,Paper,BrightCopy Paper Case,4,0,203.46,78.47,13.08
411,ORD-10248,2023-04-13,2023-04-15,First Class,CUST-0075,Customer 075,Consumer,West,Washington,Seattle,Office Supplies,Paper,BrightCopy Paper Case,1,0.05,52.37,11.72,10.33
412,ORD-10249,2023-08-31,2023-09-03,Second Class,CUST-0024,Customer 024,Home Office,West,California,San Francisco,Technology,Accessories,Vector USB-C Hub,1,0.05,71.26,21.55,10.7
413,ORD-10250,2023-12-26,2023-12-26,Same Day,CUST-0008,Customer 008,Corporate,West,California,Los Angeles,Technology,Accessories,Orbit Wireless Headset,1,0,144.16,48.57,11.98
414,ORD-10250,2023-12-26,2023-12-26,Same Day,CUST-0008,Customer 008,Corporate,West,California,Los Angeles,Office Supplies,Binders,ProBind Presentation Set,1,0.2,35.93,0.19,10.14
415,ORD-10251,2023-03-07,2023-03-10,Second Class,CUST-0190,Customer 190,Consumer,Central,Illinois,Chicago,Technology,Computers,Apex 14 Laptop,3,0.2,2714.21,63.3,72.41
416,ORD-10252,2025-01-31,2025-02-05,Standard Class,CUST-0122,Customer 122,Consumer,West,California,San Francisco,Technology,Phones,Pulse Pro Smartphone,2,0,1608.85,441.26,25.31
417,ORD-10252,2025-01-31,2025-02-05,Standard Class,CUST-0122,Customer 122,Consumer,West,California,San Francisco,Office Supplies,Labels,QuickShip Label Roll,1,0.15,17.94,1.98,6.25
418,ORD-10253,2025-09-12,2025-09-17,Standard Class,CUST-0088,Customer 088,Home Office,South,Tennessee,Nashville,Office Supplies,Storage,Archive Storage Box Set,3,0.05,127.83,40.83,7.61
419,ORD-10254,2025-05-29,2025-06-03,Standard Class,CUST-0170,Customer 170,Home Office,Central,Illinois,Chicago,Office Supplies,Writing,Glide Gel Pen Pack,4,0.1,65.65,23.75,6.88
420,ORD-10254,2025-05-29,2025-06-03,Standard Class,CUST-0170,Customer 170,Home Office,Central,Illinois,Chicago,Office Supplies,Art,Studio Marker Set,4,0.3,92.49,17.51,7.59
421,ORD-10255,2023-07-09,2023-07-09,Same Day,CUST-0041,Customer 041,Consumer,West,California,San Francisco,Technology,Phones,Pulse Pro Smartphone,2,0.05,1839.59,419.42,45.32
422,ORD-10255,2023-07-09,2023-07-09,Same Day,CUST-0041,Customer 041,Consumer,West,California,San Francisco,Technology,Computers,Apex 14 Laptop,3,0.3,2707.78,-313.35,81.25
423,ORD-10255,2023-07-09,2023-07-09,Same Day,CUST-0041,Customer 041,Consumer,West,California,San Francisco,Office Supplies,Paper,BrightCopy Paper Case,2,0,103.9,35.53,11.23
424,ORD-10256,2024-12-23,2024-12-28,Standard Class,CUST-0136,Customer 136,Home Office,South,Georgia,Atlanta,Office Supplies,Labels,QuickShip Label Roll,1,0.4,16.35,-2.51,6.33
425,ORD-10256,2024-12-23,2024-12-28,Standard Class,CUST-0136,Customer 136,Home Office,South,Georgia,Atlanta,Office Supplies,Labels,QuickShip Label Roll,4,0.15,97.27,37.26,7.37
426,ORD-10256,2024-12-23,2024-12-28,Standard Class,CUST-0136,Customer 136,Home Office,South,Georgia,Atlanta,Office Supplies,Labels,QuickShip Label Roll,3,0.15,68.84,24.62,6.97
427,ORD-10257,2025-09-28,2025-10-01,Second Class,CUST-0138,Customer 138,Corporate,Central,Texas,Houston,Furniture,Chairs,ErgoMesh Office Chair,3,0,1358.85,332.32,34.57
428,ORD-10257,2025-09-28,2025-10-01,Second Class,CUST-0138,Customer 138,Corporate,Central,Texas,Houston,Furniture,Chairs,ErgoMesh Office Chair,4,0.15,1349.23,151.66,38.82
429,ORD-10258,2023-11-12,2023-11-14,First Class,CUST-0134,Customer 134,Home Office,East,New York,New York City,Office Supplies,Art,Studio Marker Set,1,0.4,22.57,-6.61,10.0
430,ORD-10259,2024-03-27,2024-04-01,Standard Class,CUST-0218,Customer 218,Consumer,Central,Illinois,Chicago,Furniture,Tables,LiftPro Standing Desk,4,0,3310.9,-178.17,45.73
431,ORD-10259,2024-03-27,2024-04-01,Standard Class,CUST-0218,Customer 218,Consumer,Central,Illinois,Chicago,Office Supplies,Labels,QuickShip Label Roll,2,0.1,40.71,13.36,6.54
432,ORD-10259,2024-03-27,2024-04-01,Standard Class,CUST-0218,Customer 218,Consumer,Central,Illinois,Chicago,Office Supplies,Storage,Archive Storage Box Set,1,0.05,39.94,8.63,6.5
433,ORD-10259,2024-03-27,2024-04-01,Standard Class,CUST-0218,Customer 218,Consumer,Central,Illinois,Chicago,Office Supplies,Writing,Glide Gel Pen Pack,4,0.1,67.06,24.41,6.89
434,ORD-10260,2025-12-24,2025-12-27,Second Class,CUST-0138,Customer 138,Corporate,South,Tennessee,Nashville,Furniture,Chairs,Metro Task Chair,3,0.05,762.76,176.5,24.23
435,ORD-10261,2024-04-23,2024-04-28,Standard Class,CUST-0124,Customer 124,Home Office,West,Washington,Seattle,Office Supplies,Storage,Archive Storage Box Set,4,0.1,142.87,41.31,7.9
436,ORD-10262,2024-06-20,2024-06-23,Second Class,CUST-0224,Customer 224,Corporate,East,New York,New York City,Technology,Phones,Pulse Pro Smartphone,3,0.05,2746.31,630.73,63.07
437,ORD-10262,2024-06-20,2024-06-23,Second Class,CUST-0224,Customer 224,Corporate,East,New York,New York City,Technology,Accessories,Vector USB-C Hub,2,0.3,103.37,14.53,12.05
438,ORD-10263,2024-07-14,2024-07-17,Second Class,CUST-0028,Customer 028,Home Office,West,California,San Francisco,Office Supplies,Binders,ProBind Presentation Set,3,0.15,94.8,19.86,11.37
439,ORD-10264,2025-11-06,2025-11-09,Second Class,CUST-0184,Customer 184,Home Office,East,Massachusetts,Boston,Furniture,Tables,LiftPro Standing Desk,3,0.1,2395.09,-431.37,58.8
440,ORD-10264,2025-11-06,2025-11-09,Second Class,CUST-0184,Customer 184,Home Office,East,Massachusetts,Boston,Technology,Computers,Vertex 24 Monitor,3,0,1153.67,326.88,30.76
441,ORD-10265,2025-03-17,2025-03-20,Second Class,CUST-0027,Customer 027,Consumer,South,Florida,Miami,Technology,Accessories,Orbit Wireless Headset,2,0.1,221.02,64.72,13.87
442,ORD-10265,2025-03-17,2025-03-20,Second Class,CUST-0027,Customer 027,Consumer,South,Florida,Miami,Furniture,Tables,LiftPro Standing Desk,3,0.05,2301.49,-272.4,54.36
443,ORD-10266,2024-05-17,2024-05-22,Standard Class,CUST-0103,Customer 103,Corporate,South,Tennessee,Nashville,Office Supplies,Paper,BrightCopy Paper Case,3,0.05,163.34,60.72,8.06
444,ORD-10267,2023-03-26,2023-03-28,First Class,CUST-0043,Customer 043,Home Office,West,California,Los Angeles,Office Supplies,Storage,Archive Storage Box Set,1,0.05,39.33,4.83,10.07
445,ORD-10268,2024-04-15,2024-04-18,Second Class,CUST-0157,Customer 157,Home Office,East,New York,New York City,Office Supplies,Labels,QuickShip Label Roll,1,0,23.95,3.18,9.75
446,ORD-10268,2024-04-15,2024-04-18,Second Class,CUST-0157,Customer 157,Home Office,East,New York,New York City,Technology,Accessories,Orbit Wireless Headset,4,0.05,505.81,177.8,19.2
447,ORD-10268,2024-04-15,2024-04-18,Second Class,CUST-0157,Customer 157,Home Office,East,New York,New York City,Technology,Accessories,Orbit Wireless Headset,2,0.1,249.96,74.4,14.47
448,ORD-10269,2024-01-24,2024-01-29,Standard Class,CUST-0046,Customer 046,Consumer,West,Oregon,Portland,Office Supplies,Binders,ProBind Presentation Set,3,0,109.19,39.64,7.31
449,ORD-10270,2024-10-26,2024-10-31,Standard Class,CUST-0221,Customer 221,Home Office,South,Tennessee,Nashville,Office Supplies,Binders,ProBind Presentation Set,1,0.1,31.54,5.15,6.42
450,ORD-10271,2025-06-12,2025-06-17,Standard Class,CUST-0116,Customer 116,Corporate,South,Georgia,Atlanta,Furniture,Chairs,ErgoMesh Office Chair,4,0,1754.63,446.69,27.06
451,ORD-10271,2025-06-12,2025-06-17,Standard Class,CUST-0116,Customer 116,Corporate,South,Georgia,Atlanta,Office Supplies,Paper,BrightCopy Paper Case,3,0.05,151.1,55.71,7.91
452,ORD-10272,2023-04-26,2023-04-29,Second Class,CUST-0139,Customer 139,Corporate,South,Florida,Miami,Office Supplies,Labels,QuickShip Label Roll,1,0.1,21.79,0.9,9.75
453,ORD-10272,2023-04-26,2023-04-29,Second Class,CUST-0139,Customer 139,Corporate,South,Florida,Miami,Furniture,Chairs,Metro Task Chair,2,0,466.73,122.04,17.98
454,ORD-10272,2023-04-26,2023-04-29,Second Class,CUST-0139,Customer 139,Corporate,South,Florida,Miami,Technology,Accessories,Vector USB-C Hub,4,0,321.68,139.13,15.28
455,ORD-10272,2023-04-26,2023-04-29,Second Class,CUST-0139,Customer 139,Corporate,South,Florida,Miami,Furniture,Tables,Oakline Writing Desk,1,0,587.56,-26.11,20.23
456,ORD-10273,2025-10-04,2025-10-09,Standard Class,CUST-0209,Customer 209,Consumer,West,Washington,Seattle,Furniture,Chairs,ErgoMesh Office Chair,1,0.3,288.62,-23.32,10.95
457,ORD-10274,2023-11-01,2023-11-06,Standard Class,CUST-0138,Customer 138,Corporate,East,Massachusetts,Boston,Furniture,Tables,LiftPro Standing Desk,3,0,2634.41,-142.99,37.61
458,ORD-10274,2023-11-01,2023-11-06,Standard Class,CUST-0138,Customer 138,Corporate,East,Massachusetts,Boston,Office Supplies,Binders,ProBind Presentation Set,2,0.05,84.12,26.59,7.06
459,ORD-10274,2023-11-01,2023-11-06,Standard Class,CUST-0138,Customer 138,Corporate,East,Massachusetts,Boston,Furniture,Chairs,Metro Task Chair,3,0.05,760.42,184.5,15.61
460,ORD-10275,2024-12-29,2025-01-03,Standard Class,CUST-0032,Customer 032,Corporate,East,Massachusetts,Boston,Office Supplies,Art,Studio Marker Set,3,0.2,84.28,23.29,7.26
461,ORD-10276,2024-05-28,2024-05-31,Second Class,CUST-0134,Customer 134,Home Office,Central,Minnesota,Minneapolis,Office Supplies,Binders,ProBind Presentation Set,3,0,106.04,34.33,11.27
462,ORD-10276,2024-05-28,2024-05-31,Second Class,CUST-0134,Customer 134,Home Office,Central,Minnesota,Minneapolis,Furniture,Tables,LiftPro Standing Desk,1,0,736.54,-52.47,23.0
463,ORD-10276,2024-05-28,2024-05-31,Second Class,CUST-0134,Customer 134,Home Office,Central,Minnesota,Minneapolis,Technology,Computers,Apex 14 Laptop,4,0.3,3178.67,-366.21,93.76
464,ORD-10277,2025-03-21,2025-03-26,Standard Class,CUST-0233,Customer 233,Home Office,South,Florida,Miami,Technology,Computers,Vertex 24 Monitor,3,0,1055.61,308.57,18.67
465,ORD-10277,2025-03-21,2025-03-26,Standard Class,CUST-0233,Customer 233,Home Office,South,Florida,Miami,Technology,Phones,Pulse Pro Smartphone,4,0.05,3406.97,811.66,49.04
466,ORD-10277,2025-03-21,2025-03-26,Standard Class,CUST-0233,Customer 233,Home Office,South,Florida,Miami,Furniture,Storage,Flex 5-Shelf Bookcase,2,0.2,449.83,15.37,12.75
467,ORD-10278,2025-12-27,2026-01-01,Standard Class,CUST-0091,Customer 091,Consumer,South,Florida,Miami,Furniture,Chairs,Metro Task Chair,2,0.2,456.61,44.22,12.85
468,ORD-10279,2025-10-01,2025-10-06,Standard Class,CUST-0119,Customer 119,Home Office,West,California,Los Angeles,Office Supplies,Paper,BrightCopy Paper Case,2,0.05,106.81,37.62,7.35
469,ORD-10279,2025-10-01,2025-10-06,Standard Class,CUST-0119,Customer 119,Home Office,West,California,Los Angeles,Office Supplies,Labels,QuickShip Label Roll,1,0.3,17.83,-0.2,6.31
470,ORD-10279,2025-10-01,2025-10-06,Standard Class,CUST-0119,Customer 119,Home Office,West,California,Los Angeles,Technology,Phones,Nova X Smartphone,1,0,659.87,203.84,13.92
471,ORD-10280,2025-04-12,2025-04-17,Standard Class,CUST-0160,Customer 160,Corporate,West,Oregon,Portland,Furniture,Chairs,Metro Task Chair,4,0.2,726.06,73.87,16.89
472,ORD-10281,2025-02-05,2025-02-10,Standard Class,CUST-0006,Customer 006,Consumer,East,New Jersey,Newark,Office Supplies,Writing,Glide Gel Pen Pack,4,0.1,60.78,21.55,6.81
473,ORD-10282,2025-08-24,2025-08-29,Standard Class,CUST-0088,Customer 088,Home Office,Central,Texas,Dallas,Technology,Phones,Pulse Pro Smartphone,2,0.3,1340.85,-48.14,28.99
474,ORD-10283,2025-09-27,2025-10-02,Standard Class,CUST-0133,Customer 133,Corporate,East,Pennsylvania,Philadelphia,Furniture,Storage,Flex 5-Shelf Bookcase,1,0,278.57,60.31,9.34
475,ORD-10284,2023-12-11,2023-12-13,First Class,CUST-0123,Customer 123,Corporate,Central,Illinois,Chicago,Office Supplies,Binders,ProBind Presentation Set,4,0.05,158.77,51.1,12.41
476,ORD-10284,2023-12-11,2023-12-13,First Class,CUST-0123,Customer 123,Corporate,Central,Illinois,Chicago,Furniture,Storage,Flex 5-Shelf Bookcase,1,0.1,311.79,36.22,15.74
477,ORD-10285,2025-05-22,2025-05-27,Standard Class,CUST-0055,Customer 055,Consumer,West,California,Los Angeles,Office Supplies,Writing,Glide Gel Pen Pack,2,0,37.74,13.17,6.45
478,ORD-10286,2023-05-06,2023-05-11,Standard Class,CUST-0022,Customer 022,Home Office,South,Georgia,Atlanta,Office Supplies,Writing,Glide Gel Pen Pack,3,0.05,49.88,18.05,6.63
479,ORD-10286,2023-05-06,2023-05-11,Standard Class,CUST-0022,Customer 022,Home Office,South,Georgia,Atlanta,Furniture,Tables,LiftPro Standing Desk,5,0.1,3812.99,-649.98,56.84
480,ORD-10287,2023-08-09,2023-08-12,Second Class,CUST-0113,Customer 113,Corporate,West,Oregon,Portland,Office Supplies,Writing,Glide Gel Pen Pack,1,0.05,17.7,-0.89,9.65
481,ORD-10288,2025-09-26,2025-10-01,Standard Class,CUST-0031,Customer 031,Consumer,East,Pennsylvania,Philadelphia,Office Supplies,Art,Studio Marker Set,3,0,102.13,42.81,7.23
482,ORD-10289,2025-02-07,2025-02-07,Same Day,CUST-0036,Customer 036,Consumer,West,Washington,Seattle,Office Supplies,Paper,BrightCopy Paper Case,5,0.05,253.12,92.32,14.26
483,ORD-10290,2023-10-28,2023-10-30,First Class,CUST-0155,Customer 155,Corporate,Central,Texas,Houston,Office Supplies,Labels,QuickShip Label Roll,5,0,113.48,49.87,11.41
484,ORD-10290,2023-10-28,2023-10-30,First Class,CUST-0155,Customer 155,Corporate,Central,Texas,Houston,Office Supplies,Binders,ProBind Presentation Set,2,0.2,60.06,6.57,10.7
485,ORD-10291,2025-10-19,2025-10-24,Standard Class,CUST-0177,Customer 177,Corporate,East,Pennsylvania,Philadelphia,Office Supplies,Binders,ProBind Presentation Set,3,0.05,111.86,37.34,7.41
486,ORD-10291,2025-10-19,2025-10-24,Standard Class,CUST-0177,Customer 177,Corporate,East,Pennsylvania,Philadelphia,Technology,Accessories,Vector USB-C Hub,1,0,72.95,28.14,6.88
487,ORD-10291,2025-10-19,2025-10-24,Standard Class,CUST-0177,Customer 177,Corporate,East,Pennsylvania,Philadelphia,Furniture,Storage,Flex 5-Shelf Bookcase,2,0,581.52,132.4,12.98
488,ORD-10291,2025-10-19,2025-10-24,Standard Class,CUST-0177,Customer 177,Corporate,East,Pennsylvania,Philadelphia,Office Supplies,Paper,BrightCopy Paper Case,2,0.2,91.26,21.15,7.37
489,ORD-10292,2023-12-12,2023-12-17,Standard Class,CUST-0215,Customer 215,Corporate,South,Florida,Miami,Technology,Accessories,Vector USB-C Hub,1,0.05,80.96,29.63,7.02
490,ORD-10292,2023-12-12,2023-12-17,Standard Class,CUST-0215,Customer 215,Corporate,South,Florida,Miami,Technology,Accessories,Vector USB-C Hub,1,0.05,89.58,33.42,7.13
491,ORD-10293,2023-07-19,2023-07-24,Standard Class,CUST-0129,Customer 129,Corporate,South,Georgia,Atlanta,Furniture,Storage,Compact File Cabinet,1,0,177.95,48.8,8.14
492,ORD-10294,2025-09-20,2025-09-25,Standard Class,CUST-0115,Customer 115,Corporate,South,North Carolina,Charlotte,Office Supplies,Writing,Glide Gel Pen Pack,3,0.15,43.42,12.29,6.61
493,ORD-10294,2025-09-20,2025-09-25,Standard Class,CUST-0115,Customer 115,Corporate,South,North Carolina,Charlotte,Technology,Accessories,Orbit Wireless Headset,2,0.1,238.48,75.61,9.18
494,ORD-10295,2024-10-05,2024-10-08,Second Class,CUST-0032,Customer 032,Corporate,West,Washington,Seattle,Technology,Accessories,Orbit Wireless Headset,3,0,408.77,154.78,16.9
495,ORD-10296,2024-08-10,2024-08-13,Second Class,CUST-0214,Customer 214,Consumer,West,California,San Francisco,Office Supplies,Writing,Glide Gel Pen Pack,4,0.15,65.9,17.94,10.74
496,ORD-10297,2024-07-29,2024-08-03,Standard Class,CUST-0084,Customer 084,Corporate,West,Washington,Seattle,Office Supplies,Labels,QuickShip Label Roll,2,0.15,41.86,12.62,6.59
497,ORD-10297,2024-07-29,2024-08-03,Standard Class,CUST-0084,Customer 084,Corporate,West,Washington,Seattle,Office Supplies,Paper,BrightCopy Paper Case,1,0.05,50.86,14.77,6.64
498,ORD-10297,2024-07-29,2024-08-03,Standard Class,CUST-0084,Customer 084,Corporate,West,Washington,Seattle,Furniture,Chairs,Metro Task Chair,4,0,968.54,272.94,17.62
499,ORD-10298,2025-01-03,2025-01-08,Standard Class,CUST-0062,Customer 062,Home Office,West,Washington,Seattle,Office Supplies,Labels,QuickShip Label Roll,2,0.1,41.69,13.82,6.56
500,ORD-10298,2025-01-03,2025-01-08,Standard Class,CUST-0062,Customer 062,Home Office,West,Washington,Seattle,Office Supplies,Paper,BrightCopy Paper Case,1,0.15,45.92,9.55,6.65
501,ORD-10298,2025-01-03,2025-01-08,Standard Class,CUST-0062,Customer 062,Home Office,West,Washington,Seattle,Office Supplies,Storage,Archive Storage Box Set,4,0.05,140.35,45.41,7.77
502,ORD-10299,2023-10-30,2023-10-30,Same Day,CUST-0066,Customer 066,Home Office,West,California,San Francisco,Office Supplies,Labels,QuickShip Label Roll,5,0.4,68.44,4.55,11.42
503,ORD-10300,2025-03-03,2025-03-08,Standard Class,CUST-0181,Customer 181,Consumer,Central,Texas,Houston,Office Supplies,Labels,QuickShip Label Roll,1,0.3,15.55,-0.94,6.27
504,ORD-10301,2024-07-30,2024-08-04,Standard Class,CUST-0108,Customer 108,Home Office,South,Tennessee,Nashville,Office Supplies,Writing,Glide Gel Pen Pack,3,0,51.07,19.95,6.61
505,ORD-10302,2023-12-01,2023-12-06,Standard Class,CUST-0199,Customer 199,Home Office,Central,Texas,Dallas,Office Supplies,Art,Studio Marker Set,3,0.05,96.18,37.34,7.21
506,ORD-10302,2023-12-01,2023-12-06,Standard Class,CUST-0199,Customer 199,Home Office,Central,Texas,Dallas,Furniture,Chairs,ErgoMesh Office Chair,3,0,1541.17,391.63,24.49
507,ORD-10302,2023-12-01,2023-12-06,Standard Class,CUST-0199,Customer 199,Home Office,Central,Texas,Dallas,Technology,Phones,Pulse Pro Smartphone,4,0.15,3494.86,520.29,55.34
508,ORD-10303,2024-02-27,2024-03-01,Second Class,CUST-0116,Customer 116,Corporate,Central,Minnesota,Minneapolis,Office Supplies,Storage,Archive Storage Box Set,1,0,37.53,5.39,10.0
509,ORD-10303,2024-02-27,2024-03-01,Second Class,CUST-0116,Customer 116,Corporate,Central,Minnesota,Minneapolis,Office Supplies,Art,Studio Marker Set,3,0.4,57.94,-2.41,11.1
510,ORD-10304,2023-11-26,2023-12-01,Standard Class,CUST-0104,Customer 104,Consumer,East,New York,New York City,Technology,Phones,Nova X Smartphone,2,0,1639.81,515.46,25.68
511,ORD-10304,2023-11-26,2023-12-01,Standard Class,CUST-0104,Customer 104,Consumer,East,New York,New York City,Technology,Phones,Nova X Smartphone,5,0.15,3127.83,612.2,50.16
512,ORD-10304,2023-11-26,2023-12-01,Standard Class,CUST-0104,Customer 104,Consumer,East,New York,New York City,Office Supplies,Labels,QuickShip Label Roll,3,0.05,75.44,31.96,6.95
513,ORD-10304,2023-11-26,2023-12-01,Standard Class,CUST-0104,Customer 104,Consumer,East,New York,New York City,Technology,Accessories,Vector USB-C Hub,4,0,334.37,150.49,10.01
514,ORD-10305,2023-11-06,2023-11-08,First Class,CUST-0183,Customer 183,Home Office,East,Massachusetts,Boston,Office Supplies,Art,Studio Marker Set,1,0.15,29.47,1.85,9.94
515,ORD-10306,2023-08-31,2023-09-05,Standard Class,CUST-0213,Customer 213,Home Office,West,Washington,Seattle,Office Supplies,Binders,ProBind Presentation Set,4,0,160.78,61.21,7.93
516,ORD-10307,2024-03-16,2024-03-21,Standard Class,CUST-0154,Customer 154,Consumer,South,Florida,Miami,Office Supplies,Labels,QuickShip Label Roll,3,0,70.84,31.4,6.85
517,ORD-10308,2023-01-21,2023-01-26,Standard Class,CUST-0218,Customer 218,Consumer,Central,Minnesota,Minneapolis,Technology,Phones,Nova X Smartphone,3,0,2116.58,667.07,31.4
518,ORD-10308,2023-01-21,2023-01-26,Standard Class,CUST-0218,Customer 218,Consumer,Central,Minnesota,Minneapolis,Office Supplies,Binders,ProBind Presentation Set,1,0.05,35.07,7.59,6.44
519,ORD-10309,2025-01-19,2025-01-24,Standard Class,CUST-0076,Customer 076,Corporate,Central,Minnesota,Minneapolis,Furniture,Storage,Compact File Cabinet,4,0.1,648.73,143.93,14.65
520,ORD-10309,2025-01-19,2025-01-24,Standard Class,CUST-0076,Customer 076,Corporate,Central,Minnesota,Minneapolis,Office Supplies,Binders,ProBind Presentation Set,4,0.05,141.85,48.95,7.79
521,ORD-10309,2025-01-19,2025-01-24,Standard Class,CUST-0076,Customer 076,Corporate,Central,Minnesota,Minneapolis,Furniture,Chairs,ErgoMesh Office Chair,3,0.2,988.06,65.63,20.82
522,ORD-10310,2023-11-27,2023-11-29,First Class,CUST-0143,Customer 143,Home Office,West,Washington,Seattle,Technology,Computers,Apex 14 Laptop,2,0.15,2165.8,172.63,56.69
523,ORD-10311,2023-05-06,2023-05-11,Standard Class,CUST-0087,Customer 087,Corporate,West,Oregon,Portland,Technology,Computers,Apex 14 Laptop,4,0,5081.28,1152.53,66.98
524,ORD-10311,2023-05-06,2023-05-11,Standard Class,CUST-0087,Customer 087,Corporate,West,Oregon,Portland,Office Supplies,Labels,QuickShip Label Roll,1,0.1,22.61,4.75,6.3
525,ORD-10311,2023-05-06,2023-05-11,Standard Class,CUST-0087,Customer 087,Corporate,West,Oregon,Portland,Technology,Phones,Nova X Smartphone,2,0.2,1145.44,162.95,23.18
526,ORD-10312,2025-08-14,2025-08-16,First Class,CUST-0077,Customer 077,Home Office,Central,Texas,Dallas,Office Supplies,Paper,BrightCopy Paper Case,1,0,56.69,15.16,10.35
527,ORD-10312,2025-08-14,2025-08-16,First Class,CUST-0077,Customer 077,Home Office,Central,Texas,Dallas,Furniture,Storage,Compact File Cabinet,1,0.1,164.77,27.57,12.71
528,ORD-10313,2023-05-29,2023-06-01,Second Class,CUST-0104,Customer 104,Consumer,Central,Texas,Houston,Furniture,Storage,Compact File Cabinet,1,0,182.32,45.65,12.69
529,ORD-10313,2023-05-29,2023-06-01,Second Class,CUST-0104,Customer 104,Consumer,Central,Texas,Houston,Office Supplies,Labels,QuickShip Label Roll,4,0,92.63,39.0,11.02
530,ORD-10313,2023-05-29,2023-06-01,Second Class,CUST-0104,Customer 104,Consumer,Central,Texas,Houston,Furniture,Storage,Compact File Cabinet,1,0.1,182.95,31.64,13.08
531,ORD-10314,2025-08-15,2025-08-20,Standard Class,CUST-0059,Customer 059,Consumer,Central,Illinois,Chicago,Furniture,Chairs,ErgoMesh Office Chair,2,0,911.14,229.08,16.93
532,ORD-10315,2023-07-27,2023-08-01,Standard Class,CUST-0018,Customer 018,Corporate,Central,Texas,Houston,Technology,Accessories,Vector USB-C Hub,1,0.4,50.58,-0.26,7.01
533,ORD-10316,2024-06-21,2024-06-26,Standard Class,CUST-0003,Customer 003,Corporate,East,New Jersey,Newark,Furniture,Chairs,Metro Task Chair,2,0.05,453.08,107.51,11.72
534,ORD-10316,2024-06-21,2024-06-26,Standard Class,CUST-0003,Customer 003,Corporate,East,New Jersey,Newark,Technology,Phones,Nova X Smartphone,3,0.15,1857.8,361.18,32.23
535,ORD-10317,2025-12-29,2026-01-03,Standard Class,CUST-0239,Customer 239,Home Office,East,Pennsylvania,Philadelphia,Technology,Accessories,Vector USB-C Hub,3,0.1,236.24,90.6,9.15
536,ORD-10317,2025-12-29,2026-01-03,Standard Class,CUST-0239,Customer 239,Home Office,East,Pennsylvania,Philadelphia,Technology,Accessories,Vector USB-C Hub,1,0.1,80.03,26.72,7.07
537,ORD-10318,2023-02-08,2023-02-13,Standard Class,CUST-0234,Customer 234,Home Office,Central,Texas,Dallas,Technology,Phones,Nova X Smartphone,3,0.05,1938.3,540.81,30.48
538,ORD-10318,2023-02-08,2023-02-13,Standard Class,CUST-0234,Customer 234,Home Office,Central,Texas,Dallas,Furniture,Tables,Oakline Writing Desk,1,0.15,456.48,-98.37,12.44
539,ORD-10318,2023-02-08,2023-02-13,Standard Class,CUST-0234,Customer 234,Home Office,Central,Texas,Dallas,Office Supplies,Writing,Glide Gel Pen Pack,2,0.05,31.08,8.99,6.39
540,ORD-10319,2023-11-03,2023-11-06,Second Class,CUST-0005,Customer 005,Consumer,West,California,San Francisco,Technology,Computers,Vertex 24 Monitor,2,0.2,625.09,62.12,23.83
541,ORD-10320,2023-05-09,2023-05-09,Same Day,CUST-0133,Customer 133,Corporate,Central,Texas,Dallas,Office Supplies,Writing,Glide Gel Pen Pack,1,0.05,16.04,-1.67,9.61
542,ORD-10320,2023-05-09,2023-05-09,Same Day,CUST-0133,Customer 133,Corporate,Central,Texas,Dallas,Technology,Phones,Nova X Smartphone,1,0.05,634.57,165.31,21.72
543,ORD-10320,2023-05-09,2023-05-09,Same Day,CUST-0133,Customer 133,Corporate,Central,Texas,Dallas,Office Supplies,Binders,ProBind Presentation Set,3,0.3,83.78,4.03,11.53
544,ORD-10320,2023-05-09,2023-05-09,Same Day,CUST-0133,Customer 133,Corporate,Central,Texas,Dallas,Technology,Computers,Vertex 24 Monitor,1,0,332.11,87.47,15.48
545,ORD-10321,2023-04-29,2023-05-01,First Class,CUST-0234,Customer 234,Home Office,East,New York,New York City,Furniture,Storage,Compact File Cabinet,2,0,351.67,96.69,15.84
546,ORD-10321,2023-04-29,2023-05-01,First Class,CUST-0234,Customer 234,Home Office,East,New York,New York City,Office Supplies,Paper,BrightCopy Paper Case,2,0,107.44,37.05,11.3
547,ORD-10321,2023-04-29,2023-05-01,First Class,CUST-0234,Customer 234,Home Office,East,New York,New York City,Technology,Phones,Nova X Smartphone,2,0.1,1324.65,301.84,36.68
548,ORD-10322,2025-09-27,2025-09-29,First Class,CUST-0191,Customer 191,Home Office,West,California,San Francisco,Technology,Accessories,Vector USB-C Hub,1,0,74.36,25.01,10.68
549,ORD-10322,2025-09-27,2025-09-29,First Class,CUST-0191,Customer 191,Home Office,West,California,San Francisco,Office Supplies,Paper,BrightCopy Paper Case,2,0.1,95.25,25.77,11.27
550,ORD-10323,2023-10-17,2023-10-20,Second Class,CUST-0148,Customer 148,Home Office,West,California,San Francisco,Office Supplies,Labels,QuickShip Label Roll,2,0.1,46.25,12.35,10.26
551,ORD-10324,2023-06-17,2023-06-19,First Class,CUST-0155,Customer 155,Corporate,West,Oregon,Portland,Furniture,Chairs,Metro Task Chair,1,0,241.67,58.7,13.8
552,ORD-10324,2023-06-17,2023-06-19,First Class,CUST-0155,Customer 155,Corporate,West,Oregon,Portland,Technology,Accessories,Vector USB-C Hub,1,0.15,70.77,16.63,10.85
553,ORD-10325,2025-10-10,2025-10-10,Same Day,CUST-0132,Customer 132,Consumer,South,Georgia,Atlanta,Technology,Computers,Vertex 24 Monitor,1,0,352.55,93.43,15.86
554,ORD-10326,2024-06-02,2024-06-04,First Class,CUST-0236,Customer 236,Consumer,East,New York,New York City,Office Supplies,Storage,Archive Storage Box Set,3,0.05,114.17,31.72,11.54
555,ORD-10326,2024-06-02,2024-06-04,First Class,CUST-0236,Customer 236,Consumer,East,New York,New York City,Furniture,Chairs,Metro Task Chair,3,0.05,720.82,166.28,23.41
556,ORD-10326,2024-06-02,2024-06-04,First Class,CUST-0236,Customer 236,Consumer,East,New York,New York City,Technology,Computers,Vertex 24 Monitor,1,0,344.49,91.08,15.71
557,ORD-10327,2025-11-16,2025-11-21,Standard Class,CUST-0180,Customer 180,Consumer,Central,Minnesota,Minneapolis,Technology,Phones,Pulse Pro Smartphone,2,0.05,1862.03,440.89,29.52
558,ORD-10327,2025-11-16,2025-11-21,Standard Class,CUST-0180,Customer 180,Consumer,Central,Minnesota,Minneapolis,Technology,Phones,Nova X Smartphone,1,0.05,693.08,189.53,14.75
559,ORD-10328,2025-07-26,2025-07-28,First Class,CUST-0225,Customer 225,Consumer,East,New Jersey,Newark,Office Supplies,Storage,Archive Storage Box Set,5,0.15,190.25,44.73,13.46
560,ORD-10329,2024-05-22,2024-05-27,Standard Class,CUST-0034,Customer 034,Home Office,West,California,San Francisco,Office Supplies,Paper,BrightCopy Paper Case,1,0,56.77,18.87,6.68
561,ORD-10330,2024-06-13,2024-06-16,Second Class,CUST-0042,Customer 042,Home Office,East,New Jersey,Newark,Furniture,Tables,LiftPro Standing Desk,2,0,1528.27,-98.87,37.73
562,ORD-10331,2024-05-20,2024-05-22,First Class,CUST-0148,Customer 148,Home Office,East,Pennsylvania,Philadelphia,Furniture,Chairs,Metro Task Chair,1,0.1,223.08,35.67,13.91
563,ORD-10331,2024-05-20,2024-05-22,First Class,CUST-0148,Customer 148,Home Office,East,Pennsylvania,Philadelphia,Furniture,Tables,Oakline Writing Desk,2,0,1080.75,-40.21,29.4
564,ORD-10332,2025-07-15,2025-07-18,Second Class,CUST-0096,Customer 096,Consumer,East,New York,New York City,Furniture,Chairs,Metro Task Chair,1,0.05,211.55,42.23,13.44
565,ORD-10332,2025-07-15,2025-07-18,Second Class,CUST-0096,Customer 096,Consumer,East,New York,New York City,Technology,Phones,Nova X Smartphone,1,0,738.75,220.75,23.04
566,ORD-10333,2025-03-11,2025-03-16,Standard Class,CUST-0216,Customer 216,Corporate,South,Florida,Miami,Office Supplies,Binders,ProBind Presentation Set,2,0,78.8,26.93,6.95
567,ORD-10334,2024-01-02,2024-01-07,Standard Class,CUST-0030,Customer 030,Home Office,Central,Illinois,Chicago,Furniture,Storage,Compact File Cabinet,3,0.3,371.65,-1.75,12.37
568,ORD-10335,2024-06-28,2024-07-03,Standard Class,CUST-0141,Customer 141,Corporate,West,California,San Francisco,Technology,Phones,Pulse Pro Smartphone,1,0.1,839.8,160.09,17.2
569,ORD-10336,2024-03-19,2024-03-21,First Class,CUST-0048,Customer 048,Home Office,West,Washington,Seattle,Office Supplies,Writing,Glide Gel Pen Pack,2,0,37.18,9.34,9.99
570,ORD-10336,2024-03-19,2024-03-21,First Class,CUST-0048,Customer 048,Home Office,West,Washington,Seattle,Technology,Computers,Apex 14 Laptop,3,0,3719.32,814.16,78.48
571,ORD-10336,2024-03-19,2024-03-21,First Class,CUST-0048,Customer 048,Home Office,West,Washington,Seattle,Technology,Accessories,Vector USB-C Hub,1,0.1,75.64,21.08,10.86
572,ORD-10337,2024-11-06,2024-11-11,Standard Class,CUST-0142,Customer 142,Home Office,Central,Texas,Houston,Office Supplies,Binders,ProBind Presentation Set,3,0.15,99.91,25.5,7.41
573,ORD-10337,2024-11-06,2024-11-11,Standard Class,CUST-0142,Customer 142,Home Office,Central,Texas,Houston,Office Supplies,Labels,QuickShip Label Roll,2,0.15,43.1,13.16,6.61
574,ORD-10338,2023-12-14,2023-12-19,Standard Class,CUST-0172,Customer 172,Home Office,East,Massachusetts,Boston,Office Supplies,Binders,ProBind Presentation Set,4,0.05,155.06,54.07,7.96
575,ORD-10338,2023-12-14,2023-12-19,Standard Class,CUST-0172,Customer 172,Home Office,East,Massachusetts,Boston,Technology,Accessories,Orbit Wireless Headset,1,0.05,140.09,46.79,7.77
576,ORD-10339,2024-11-28,2024-12-03,Standard Class,CUST-0045,Customer 045,Consumer,West,California,Los Angeles,Technology,Accessories,Orbit Wireless Headset,1,0.15,117.06,29.53,7.65
577,ORD-10340,2023-07-05,2023-07-10,Standard Class,CUST-0080,Customer 080,Consumer,South,Tennessee,Nashville,Furniture,Storage,Flex 5-Shelf Bookcase,2,0.2,492.52,17.39,13.39
578,ORD-10341,2023-02-05,2023-02-10,Standard Class,CUST-0237,Customer 237,Consumer,West,California,Los Angeles,Technology,Accessories,Orbit Wireless Headset,2,0,240.1,91.96,8.88
579,ORD-10342,2023-03-21,2023-03-24,Second Class,CUST-0238,Customer 238,Home Office,West,Oregon,Portland,Technology,Computers,Vertex 24 Monitor,5,0.05,1613.89,400.8,40.9
580,ORD-10343,2023-09-01,2023-09-03,First Class,CUST-0192,Customer 192,Consumer,West,California,Los Angeles,Technology,Phones,Pulse Pro Smartphone,4,0.05,3163.08,727.87,71.23
581,ORD-10343,2023-09-01,2023-09-03,First Class,CUST-0192,Customer 192,Consumer,West,California,Los Angeles,Technology,Accessories,Vector USB-C Hub,2,0,169.13,68.73,12.45
582,ORD-10343,2023-09-01,2023-09-03,First Class,CUST-0192,Customer 192,Consumer,West,California,Los Angeles,Office Supplies,Paper,BrightCopy Paper Case,2,0.1,97.66,26.66,11.32
583,ORD-10344,2023-12-11,2023-12-16,Standard Class,CUST-0053,Customer 053,Consumer,East,Pennsylvania,Philadelphia,Technology,Computers,Vertex 24 Monitor,1,0,379.81,107.18,10.56
584,ORD-10345,2023-08-08,2023-08-13,Standard Class,CUST-0054,Customer 054,Home Office,South,Florida,Miami,Technology,Accessories,Orbit Wireless Headset,4,0,546.12,216.82,12.55
585,ORD-10346,2024-12-08,2024-12-11,Second Class,CUST-0213,Customer 213,Home Office,East,New Jersey,Newark,Technology,Accessories,Orbit Wireless Headset,2,0.4,184.13,-8.88,15.01
586,ORD-10346,2024-12-08,2024-12-11,Second Class,CUST-0213,Customer 213,Home Office,East,New Jersey,Newark,Furniture,Storage,Flex 5-Shelf Bookcase,3,0.15,824.05,69.61,27.33
587,ORD-10347,2024-09-13,2024-09-18,Standard Class,CUST-0025,Customer 025,Consumer,West,California,San Francisco,Furniture,Storage,Flex 5-Shelf Bookcase,2,0.15,464.19,42.06,12.55
588,ORD-10347,2024-09-13,2024-09-18,Standard Class,CUST-0025,Customer 025,Consumer,West,California,San Francisco,Technology,Computers,Vertex 24 Monitor,3,0,978.41,285.56,17.74
589,ORD-10348,2025-05-03,2025-05-05,First Class,CUST-0188,Customer 188,Consumer,East,Pennsylvania,Philadelphia,Furniture,Chairs,Metro Task Chair,3,0.2,599.81,51.72,23.25
590,ORD-10349,2024-08-02,2024-08-07,Standard Class,CUST-0208,Customer 208,Home Office,Central,Minnesota,Minneapolis,Office Supplies,Writing,Glide Gel Pen Pack,1,0,18.89,3.6,6.23
591,ORD-10350,2025-07-07,2025-07-10,Second Class,CUST-0192,Customer 192,Consumer,Central,Texas,Houston,Office Supplies,Binders,ProBind Presentation Set,2,0,76.9,22.34,10.73
592,ORD-10350,2025-07-07,2025-07-10,Second Class,CUST-0192,Customer 192,Consumer,Central,Texas,Houston,Technology,Computers,Vertex 24 Monitor,1,0,303.55,79.15,14.95
593,ORD-10351,2023-10-25,2023-10-30,Standard Class,CUST-0115,Customer 115,Corporate,South,Florida,Miami,Furniture,Chairs,Metro Task Chair,1,0,249.82,65.95,9.0
594,ORD-10352,2023-02-26,2023-02-26,Same Day,CUST-0077,Customer 077,Home Office,West,Washington,Seattle,Office Supplies,Writing,Glide Gel Pen Pack,4,0,66.08,23.83,10.53
595,ORD-10352,2023-02-26,2023-02-26,Same Day,CUST-0077,Customer 077,Home Office,West,Washington,Seattle,Technology,Accessories,Orbit Wireless Headset,5,0.15,485.89,134.41,19.93
596,ORD-10353,2023-04-14,2023-04-19,Standard Class,CUST-0049,Customer 049,Corporate,South,Georgia,Atlanta,Technology,Phones,Pulse Pro Smartphone,4,0.05,3294.94,784.79,47.62
597,ORD-10353,2023-04-14,2023-04-19,Standard Class,CUST-0049,Customer 049,Corporate,South,Georgia,Atlanta,Technology,Accessories,Vector USB-C Hub,3,0.2,187.58,56.84,8.81
598,ORD-10354,2025-03-04,2025-03-09,Standard Class,CUST-0007,Customer 007,Corporate,West,Oregon,Portland,Technology,Phones,Pulse Pro Smartphone,3,0,2579.13,710.99,36.95
599,ORD-10355,2024-08-04,2024-08-07,Second Class,CUST-0074,Customer 074,Consumer,South,Florida,Miami,Office Supplies,Art,Studio Marker Set,3,0,100.62,38.14,11.17
600,ORD-10355,2024-08-04,2024-08-07,Second Class,CUST-0074,Customer 074,Consumer,South,Florida,Miami,Furniture,Chairs,ErgoMesh Office Chair,2,0.1,765.75,119.51,25.13
601,ORD-10356,2023-06-10,2023-06-10,Same Day,CUST-0195,Customer 195,Consumer,Central,Illinois,Chicago,Office Supplies,Art,Studio Marker Set,2,0.1,55.49,13.6,10.45
602,ORD-10356,2023-06-10,2023-06-10,Same Day,CUST-0195,Customer 195,Consumer,Central,Illinois,Chicago,Office Supplies,Labels,QuickShip Label Roll,2,0.15,41.19,8.7,10.2
603,ORD-10357,2024-02-17,2024-02-22,Standard Class,CUST-0043,Customer 043,Home Office,Central,Illinois,Chicago,Office Supplies,Art,Studio Marker Set,3,0.1,84.13,29.34,7.12
604,ORD-10358,2025-05-07,2025-05-12,Standard Class,CUST-0229,Customer 229,Consumer,Central,Illinois,Chicago,Furniture,Chairs,Metro Task Chair,1,0.1,229.45,41.93,9.06
605,ORD-10359,2024-12-24,2024-12-29,Standard Class,CUST-0098,Customer 098,Corporate,Central,Texas,Dallas,Furniture,Storage,Flex 5-Shelf Bookcase,2,0.1,600.4,86.06,14.01
606,ORD-10359,2024-12-24,2024-12-29,Standard Class,CUST-0098,Customer 098,Corporate,Central,Texas,Dallas,Office Supplies,Writing,Glide Gel Pen Pack,1,0.2,17.18,0.61,6.26
607,ORD-10359,2024-12-24,2024-12-29,Standard Class,CUST-0098,Customer 098,Corporate,Central,Texas,Dallas,Furniture,Storage,Flex 5-Shelf Bookcase,3,0,932.14,215.84,17.19
608,ORD-10360,2024-08-28,2024-08-31,Second Class,CUST-0091,Customer 091,Consumer,South,Georgia,Atlanta,Office Supplies,Storage,Archive Storage Box Set,1,0.2,34.42,-1.06,10.1
609,ORD-10361,2025-05-09,2025-05-14,Standard Class,CUST-0100,Customer 100,Corporate,South,North Carolina,Charlotte,Furniture,Tables,Oakline Writing Desk,4,0.1,1976.04,-273.86,32.35
610,ORD-10362,2023-12-16,2023-12-21,Standard Class,CUST-0019,Customer 019,Consumer,West,Washington,Seattle,Office Supplies,Labels,QuickShip Label Roll,2,0,55.51,23.31,6.67
611,ORD-10363,2024-07-06,2024-07-09,Second Class,CUST-0037,Customer 037,Corporate,East,New Jersey,Newark,Office Supplies,Labels,QuickShip Label Roll,2,0.05,42.19,11.63,10.13
612,ORD-10363,2024-07-06,2024-07-09,Second Class,CUST-0037,Customer 037,Corporate,East,New Jersey,Newark,Office Supplies,Storage,Archive Storage Box Set,2,0,80.22,22.1,10.79
613,ORD-10364,2023-02-11,2023-02-11,Same Day,CUST-0017,Customer 017,Corporate,Central,Illinois,Chicago,Office Supplies,Paper,BrightCopy Paper Case,2,0.05,98.29,30.17,11.22
614,ORD-10365,2023-11-29,2023-12-04,Standard Class,CUST-0174,Customer 174,Consumer,Central,Minnesota,Minneapolis,Office Supplies,Labels,QuickShip Label Roll,1,0.05,26.87,7.52,6.34
615,ORD-10365,2023-11-29,2023-12-04,Standard Class,CUST-0174,Customer 174,Consumer,Central,Minnesota,Minneapolis,Office Supplies,Binders,ProBind Presentation Set,3,0,127.61,47.34,7.53
616,ORD-10366,2025-03-16,2025-03-21,Standard Class,CUST-0240,Customer 240,Consumer,South,Florida,Miami,Office Supplies,Paper,BrightCopy Paper Case,3,0.1,140.8,46.87,7.88
617,ORD-10367,2023-12-17,2023-12-22,Standard Class,CUST-0052,Customer 052,Corporate,South,North Carolina,Charlotte,Technology,Accessories,Orbit Wireless Headset,2,0.05,261.57,92.58,9.3
618,ORD-10368,2023-11-30,2023-12-02,First Class,CUST-0239,Customer 239,Home Office,West,California,San Francisco,Office Supplies,Binders,ProBind Presentation Set,2,0,80.42,23.78,10.8
619,ORD-10369,2023-10-10,2023-10-15,Standard Class,CUST-0001,Customer 001,Consumer,East,Pennsylvania,Philadelphia,Office Supplies,Writing,Glide Gel Pen Pack,1,0,17.03,2.66,6.2
620,ORD-10369,2023-10-10,2023-10-15,Standard Class,CUST-0001,Customer 001,Consumer,East,Pennsylvania,Philadelphia,Office Supplies,Paper,BrightCopy Paper Case,1,0,55.75,18.42,6.67
621,ORD-10370,2025-04-16,2025-04-18,First Class,CUST-0063,Customer 063,Home Office,West,California,San Francisco,Technology,Accessories,Orbit Wireless Headset,3,0,360.56,135.43,16.01
622,ORD-10370,2025-04-16,2025-04-18,First Class,CUST-0063,Customer 063,Home Office,West,California,San Francisco,Office Supplies,Writing,Glide Gel Pen Pack,3,0.1,47.1,11.71,10.27
623,ORD-10371,2024-01-27,2024-01-30,Second Class,CUST-0044,Customer 044,Corporate,West,California,Los Angeles,Furniture,Chairs,Metro Task Chair,4,0,936.44,254.21,26.72
624,ORD-10371,2024-01-27,2024-01-30,Second Class,CUST-0044,Customer 044,Corporate,West,California,Los Angeles,Technology,Computers,Vertex 24 Monitor,2,0.2,527.57,50.97,21.57
625,ORD-10372,2024-10-26,2024-10-29,Second Class,CUST-0168,Customer 168,Home Office,South,Georgia,Atlanta,Furniture,Tables,LiftPro Standing Desk,1,0,841.62,-58.61,24.95
626,ORD-10372,2024-10-26,2024-10-29,Second Class,CUST-0168,Customer 168,Home Office,South,Georgia,Atlanta,Technology,Computers,Apex 14 Laptop,2,0.1,2326.69,304.54,57.39
627,ORD-10372,2024-10-26,2024-10-29,Second Class,CUST-0168,Customer 168,Home Office,South,Georgia,Atlanta,Furniture,Chairs,Metro Task Chair,2,0.05,468.19,104.74,18.47
628,ORD-10372,2024-10-26,2024-10-29,Second Class,CUST-0168,Customer 168,Home Office,South,Georgia,Atlanta,Office Supplies,Binders,ProBind Presentation Set,1,0.1,34.4,2.6,10.01
629,ORD-10373,2024-05-09,2024-05-14,Standard Class,CUST-0156,Customer 156,Consumer,Central,Minnesota,Minneapolis,Technology,Phones,Nova X Smartphone,1,0.05,650.43,177.49,14.22
630,ORD-10373,2024-05-09,2024-05-14,Standard Class,CUST-0156,Customer 156,Consumer,Central,Minnesota,Minneapolis,Office Supplies,Paper,BrightCopy Paper Case,1,0.15,48.23,10.34,6.68
631,ORD-10374,2025-08-10,2025-08-15,Standard Class,CUST-0094,Customer 094,Home Office,East,New Jersey,Newark,Office Supplies,Art,Studio Marker Set,2,0.1,57.6,18.19,6.77
632,ORD-10375,2025-02-16,2025-02-19,Second Class,CUST-0099,Customer 099,Corporate,Central,Minnesota,Minneapolis,Office Supplies,Binders,ProBind Presentation Set,2,0.15,58.54,8.7,10.58
633,ORD-10375,2025-02-16,2025-02-19,Second Class,CUST-0099,Customer 099,Corporate,Central,Minnesota,Minneapolis,Office Supplies,Paper,BrightCopy Paper Case,3,0.2,117.33,24.63,12.03
634,ORD-10376,2024-12-24,2024-12-29,Standard Class,CUST-0225,Customer 225,Consumer,Central,Texas,Houston,Technology,Accessories,Orbit Wireless Headset,1,0.15,126.67,32.44,7.79
635,ORD-10377,2023-03-02,2023-03-05,Second Class,CUST-0002,Customer 002,Corporate,Central,Texas,Houston,Office Supplies,Writing,Glide Gel Pen Pack,1,0.15,15.69,-2.81,9.64
636,ORD-10378,2024-05-04,2024-05-09,Standard Class,CUST-0130,Customer 130,Corporate,Central,Texas,Houston,Office Supplies,Paper,BrightCopy Paper Case,4,0.1,188.06,64.63,8.51
637,ORD-10378,2024-05-04,2024-05-09,Standard Class,CUST-0130,Customer 130,Corporate,Central,Texas,Houston,Office Supplies,Paper,BrightCopy Paper Case,2,0,107.25,40.97,7.29
638,ORD-10378,2024-05-04,2024-05-09,Standard Class,CUST-0130,Customer 130,Corporate,Central,Texas,Houston,Office Supplies,Writing,Glide Gel Pen Pack,3,0,58.06,23.49,6.7
639,ORD-10379,2023-09-20,2023-09-22,First Class,CUST-0142,Customer 142,Home Office,East,Massachusetts,Boston,Office Supplies,Paper,BrightCopy Paper Case,1,0,51.7,13.0,10.26
640,ORD-10379,2023-09-20,2023-09-22,First Class,CUST-0142,Customer 142,Home Office,East,Massachusetts,Boston,Office Supplies,Paper,BrightCopy Paper Case,3,0,151.54,56.08,12.12
641,ORD-10380,2025-06-10,2025-06-12,First Class,CUST-0052,Customer 052,Corporate,East,New Jersey,Newark,Office Supplies,Writing,Glide Gel Pen Pack,2,0,35.9,8.7,9.97
642,ORD-10380,2025-06-10,2025-06-12,First Class,CUST-0052,Customer 052,Corporate,East,New Jersey,Newark,Technology,Computers,Apex 14 Laptop,2,0.15,2030.03,161.22,53.72
643,ORD-10381,2024-05-03,2024-05-06,Second Class,CUST-0051,Customer 051,Consumer,East,Pennsylvania,Philadelphia,Office Supplies,Binders,ProBind Presentation Set,2,0.4,46.45,-8.41,10.74
644,ORD-10381,2024-05-03,2024-05-06,Second Class,CUST-0051,Customer 051,Consumer,East,Pennsylvania,Philadelphia,Office Supplies,Paper,BrightCopy Paper Case,4,0,226.43,88.38,13.51
645,ORD-10382,2024-02-18,2024-02-20,First Class,CUST-0240,Customer 240,Consumer,East,New York,New York City,Technology,Phones,Pulse Pro Smartphone,3,0.2,2128.54,180.67,58.79
646,ORD-10382,2024-02-18,2024-02-20,First Class,CUST-0240,Customer 240,Consumer,East,New York,New York City,Furniture,Tables,LiftPro Standing Desk,3,0,2155.34,-135.61,49.39
647,ORD-10383,2024-03-10,2024-03-15,Standard Class,CUST-0121,Customer 121,Home Office,Central,Minnesota,Minneapolis,Office Supplies,Labels,QuickShip Label Roll,2,0.1,43.74,14.8,6.58
648,ORD-10383,2024-03-10,2024-03-15,Standard Class,CUST-0121,Customer 121,Home Office,Central,Minnesota,Minneapolis,Office Supplies,Writing,Glide Gel Pen Pack,1,0.2,13.55,-0.78,6.2
649,ORD-10384,2024-06-20,2024-06-22,First Class,CUST-0109,Customer 109,Home Office,Central,Illinois,Chicago,Office Supplies,Storage,Archive Storage Box Set,4,0,180.81,61.47,12.66
650,ORD-10384,2024-06-20,2024-06-22,First Class,CUST-0109,Customer 109,Home Office,Central,Illinois,Chicago,Office Supplies,Writing,Glide Gel Pen Pack,1,0.15,16.49,-2.48,9.66
651,ORD-10385,2025-03-05,2025-03-08,Second Class,CUST-0025,Customer 025,Consumer,West,Washington,Seattle,Office Supplies,Binders,ProBind Presentation Set,4,0.15,129.76,30.6,12.14
652,ORD-10386,2024-01-30,2024-02-04,Standard Class,CUST-0201,Customer 201,Corporate,South,Tennessee,Nashville,Office Supplies,Binders,ProBind Presentation Set,1,0,33.1,7.83,6.4
653,ORD-10386,2024-01-30,2024-02-04,Standard Class,CUST-0201,Customer 201,Corporate,South,Tennessee,Nashville,Office Supplies,Writing,Glide Gel Pen Pack,2,0.15,26.76,5.27,6.38
654,ORD-10387,2024-04-21,2024-04-24,Second Class,CUST-0150,Customer 150,Home Office,West,Oregon,Portland,Office Supplies,Binders,ProBind Presentation Set,3,0.3,79.3,3.32,11.41
655,ORD-10387,2024-04-21,2024-04-24,Second Class,CUST-0150,Customer 150,Home Office,West,Oregon,Portland,Technology,Accessories,Orbit Wireless Headset,2,0.05,238.41,78.89,13.97
656,ORD-10388,2024-11-02,2024-11-07,Standard Class,CUST-0045,Customer 045,Consumer,South,Georgia,Atlanta,Furniture,Chairs,Metro Task Chair,1,0,271.04,72.06,9.25
657,ORD-10389,2024-05-15,2024-05-17,First Class,CUST-0204,Customer 204,Consumer,West,California,Los Angeles,Furniture,Chairs,Metro Task Chair,2,0,482.83,126.57,18.28
658,ORD-10390,2023-12-29,2024-01-03,Standard Class,CUST-0073,Customer 073,Corporate,East,New York,New York City,Office Supplies,Art,Studio Marker Set,4,0.2,110.43,32.37,7.66
659,ORD-10390,2023-12-29,2024-01-03,Standard Class,CUST-0073,Customer 073,Corporate,East,New York,New York City,Office Supplies,Art,Studio Marker Set,3,0.4,65.42,2.5,7.31
660,ORD-10390,2023-12-29,2024-01-03,Standard Class,CUST-0073,Customer 073,Corporate,East,New York,New York City,Office Supplies,Paper,BrightCopy Paper Case,4,0.2,198.43,53.03,8.98
661,ORD-10391,2023-06-29,2023-07-02,Second Class,CUST-0202,Customer 202,Consumer,South,North Carolina,Charlotte,Office Supplies,Writing,Glide Gel Pen Pack,4,0,71.1,26.35,10.62
662,ORD-10391,2023-06-29,2023-07-02,Second Class,CUST-0202,Customer 202,Consumer,South,North Carolina,Charlotte,Furniture,Chairs,ErgoMesh Office Chair,3,0,1228.54,299.55,32.15
663,ORD-10392,2023-07-17,2023-07-19,First Class,CUST-0004,Customer 004,Consumer,Central,Minnesota,Minneapolis,Technology,Computers,Vertex 24 Monitor,1,0.05,326.42,73.65,15.69
664,ORD-10393,2025-08-17,2025-08-20,Second Class,CUST-0008,Customer 008,Corporate,West,Washington,Seattle,Technology,Phones,Pulse Pro Smartphone,3,0.05,2658.84,610.34,61.36
665,ORD-10393,2025-08-17,2025-08-20,Second Class,CUST-0008,Customer 008,Corporate,West,Washington,Seattle,Furniture,Chairs,Metro Task Chair,1,0,244.92,59.61,13.86
666,ORD-10394,2025-12-06,2025-12-11,Standard Class,CUST-0152,Customer 152,Corporate,East,Pennsylvania,Philadelphia,Office Supplies,Paper,BrightCopy Paper Case,3,0.1,173.16,59.03,8.31
667,ORD-10394,2025-12-06,2025-12-11,Standard Class,CUST-0152,Customer 152,Corporate,East,Pennsylvania,Philadelphia,Technology,Accessories,Orbit Wireless Headset,3,0.05,419.21,151.97,11.3
668,ORD-10395,2024-10-09,2024-10-14,Standard Class,CUST-0115,Customer 115,Corporate,West,Washington,Seattle,Furniture,Chairs,ErgoMesh Office Chair,1,0,409.41,99.63,10.91
669,ORD-10395,2024-10-09,2024-10-14,Standard Class,CUST-0115,Customer 115,Corporate,West,Washington,Seattle,Technology,Phones,Pulse Pro Smartphone,2,0,1716.82,471.28,26.6
670,ORD-10396,2025-09-20,2025-09-25,Standard Class,CUST-0123,Customer 123,Corporate,Central,Minnesota,Minneapolis,Furniture,Tables,Oakline Writing Desk,1,0.4,315.48,-227.88,12.31
671,ORD-10396,2025-09-20,2025-09-25,Standard Class,CUST-0123,Customer 123,Corporate,Central,Minnesota,Minneapolis,Furniture,Storage,Flex 5-Shelf Bookcase,3,0.1,801.44,116.88,16.69
672,ORD-10397,2023-12-20,2023-12-25,Standard Class,CUST-0164,Customer 164,Corporate,Central,Illinois,Chicago,Office Supplies,Art,Studio Marker Set,2,0.2,52.95,12.41,6.79
673,ORD-10397,2023-12-20,2023-12-25,Standard Class,CUST-0164,Customer 164,Corporate,Central,Illinois,Chicago,Office Supplies,Paper,BrightCopy Paper Case,3,0.05,161.09,59.8,8.03
674,ORD-10398,2025-11-30,2025-12-05,Standard Class,CUST-0052,Customer 052,Corporate,Central,Texas,Dallas,Office Supplies,Binders,ProBind Presentation Set,1,0.05,37.59,8.56,6.47
675,ORD-10399,2024-09-25,2024-09-28,Second Class,CUST-0043,Customer 043,Home Office,West,California,Los Angeles,Office Supplies,Paper,BrightCopy Paper Case,1,0.3,36.73,-2.41,10.28
676,ORD-10400,2024-06-24,2024-06-29,Standard Class,CUST-0143,Customer 143,Home Office,East,Pennsylvania,Philadelphia,Office Supplies,Paper,BrightCopy Paper Case,1,0.2,43.73,7.0,6.66
677,ORD-10400,2024-06-24,2024-06-29,Standard Class,CUST-0143,Customer 143,Home Office,East,Pennsylvania,Philadelphia,Furniture,Storage,Flex 5-Shelf Bookcase,2,0.05,517.39,96.38,12.54
678,ORD-10401,2023-02-05,2023-02-10,Standard Class,CUST-0056,Customer 056,Consumer,South,North Carolina,Charlotte,Office Supplies,Writing,Glide Gel Pen Pack,2,0.1,30.02,7.61,6.4
679,ORD-10401,2023-02-05,2023-02-10,Standard Class,CUST-0056,Customer 056,Consumer,South,North Carolina,Charlotte,Office Supplies,Writing,Glide Gel Pen Pack,3,0,49.06,18.92,6.59
680,ORD-10401,2023-02-05,2023-02-10,Standard Class,CUST-0056,Customer 056,Consumer,South,North Carolina,Charlotte,Furniture,Tables,LiftPro Standing Desk,3,0,2210.13,-120.92,32.52
681,ORD-10401,2023-02-05,2023-02-10,Standard Class,CUST-0056,Customer 056,Consumer,South,North Carolina,Charlotte,Furniture,Chairs,Metro Task Chair,2,0,445.46,122.29,11.35
682,ORD-10402,2025-07-24,2025-07-29,Standard Class,CUST-0106,Customer 106,Consumer,West,Oregon,Portland,Office Supplies,Paper,BrightCopy Paper Case,3,0.2,131.13,33.01,7.97
683,ORD-10403,2023-09-16,2023-09-21,Standard Class,CUST-0121,Customer 121,Home Office,West,California,San Francisco,Office Supplies,Storage,Archive Storage Box Set,3,0,116.88,40.52,7.4
684,ORD-10404,2023-01-27,2023-02-01,Standard Class,CUST-0189,Customer 189,Consumer,South,Georgia,Atlanta,Office Supplies,Labels,QuickShip Label Roll,4,0.1,86.6,35.19,7.15
685,ORD-10405,2023-04-27,2023-05-02,Standard Class,CUST-0097,Customer 097,Consumer,West,California,Los Angeles,Office Supplies,Binders,ProBind Presentation Set,3,0.2,94.67,19.8,7.42
686,ORD-10406,2025-07-17,2025-07-22,Standard Class,CUST-0223,Customer 223,Home Office,West,California,Los Angeles,Office Supplies,Paper,BrightCopy Paper Case,1,0.05,53.41,15.82,6.67
687,ORD-10407,2025-08-21,2025-08-26,Standard Class,CUST-0067,Customer 067,Corporate,East,New Jersey,Newark,Technology,Computers,Apex 14 Laptop,1,0,1190.41,265.41,20.28
688,ORD-10407,2025-08-21,2025-08-26,Standard Class,CUST-0067,Customer 067,Corporate,East,New Jersey,Newark,Office Supplies,Art,Studio Marker Set,1,0.2,24.91,2.66,6.37
689,ORD-10408,2025-01-20,2025-01-25,Standard Class,CUST-0152,Customer 152,Corporate,West,California,San Francisco,Technology,Computers,Vertex 24 Monitor,2,0.05,625.11,157.18,13.9
690,ORD-10408,2025-01-20,2025-01-25,Standard Class,CUST-0152,Customer 152,Corporate,West,California,San Francisco,Technology,Accessories,Vector USB-C Hub,1,0,69.46,26.51,6.83
691,ORD-10408,2025-01-20,2025-01-25,Standard Class,CUST-0152,Customer 152,Corporate,West,California,San Francisco,Office Supplies,Writing,Glide Gel Pen Pack,1,0,16.63,2.45,6.2
692,ORD-10409,2023-06-16,2023-06-18,First Class,CUST-0113,Customer 113,Corporate,Central,Texas,Dallas,Furniture,Tables,Oakline Writing Desk,2,0.3,825.93,-397.02,31.25
693,ORD-10410,2023-07-21,2023-07-26,Standard Class,CUST-0183,Customer 183,Home Office,West,Oregon,Portland,Office Supplies,Writing,Glide Gel Pen Pack,2,0.3,24.17,1.19,6.41
694,ORD-10411,2023-01-17,2023-01-20,Second Class,CUST-0168,Customer 168,Home Office,Central,Illinois,Chicago,Office Supplies,Binders,ProBind Presentation Set,3,0.05,101.81,29.43,11.29
695,ORD-10411,2023-01-17,2023-01-20,Second Class,CUST-0168,Customer 168,Home Office,Central,Illinois,Chicago,Office Supplies,Paper,BrightCopy Paper Case,3,0.15,132.39,34.53,12.2
696,ORD-10412,2024-11-21,2024-11-26,Standard Class,CUST-0097,Customer 097,Consumer,West,Washington,Seattle,Technology,Phones,Nova X Smartphone,4,0.1,2740.13,657.72,42.54
697,ORD-10413,2023-08-07,2023-08-10,Second Class,CUST-0042,Customer 042,Home Office,South,North Carolina,Charlotte,Technology,Accessories,Vector USB-C Hub,1,0,76.28,25.89,10.72
698,ORD-10414,2024-05-24,2024-05-29,Standard Class,CUST-0231,Customer 231,Corporate,West,California,San Francisco,Office Supplies,Art,Studio Marker Set,2,0,62.41,23.83,6.75
699,ORD-10414,2024-05-24,2024-05-29,Standard Class,CUST-0231,Customer 231,Corporate,West,California,San Francisco,Furniture,Storage,Compact File Cabinet,1,0,201.28,55.99,8.42
700,ORD-10415,2023-07-14,2023-07-17,Second Class,CUST-0119,Customer 119,Home Office,West,Washington,Seattle,Office Supplies,Storage,Archive Storage Box Set,1,0,42.48,7.33,10.09
701,ORD-10415,2023-07-14,2023-07-17,Second Class,CUST-0119,Customer 119,Home Office,West,Washington,Seattle,Office Supplies,Paper,BrightCopy Paper Case,4,0,199.34,76.69,13.01
702,ORD-10416,2025-07-19,2025-07-24,Standard Class,CUST-0062,Customer 062,Home Office,South,Tennessee,Nashville,Office Supplies,Labels,QuickShip Label Roll,1,0.05,22.91,5.53,6.29
703,ORD-10416,2025-07-19,2025-07-24,Standard Class,CUST-0062,Customer 062,Home Office,South,Tennessee,Nashville,Technology,Phones,Nova X Smartphone,3,0.05,2133.26,595.8,32.95
704,ORD-10417,2024-05-10,2024-05-15,Standard Class,CUST-0088,Customer 088,Home Office,West,Washington,Seattle,Office Supplies,Labels,QuickShip Label Roll,2,0.15,41.91,12.64,6.59
705,ORD-10417,2024-05-10,2024-05-15,Standard Class,CUST-0088,Customer 088,Home Office,West,Washington,Seattle,Office Supplies,Binders,ProBind Presentation Set,2,0,76.94,26.16,6.92
706,ORD-10418,2024-03-02,2024-03-04,First Class,CUST-0060,Customer 060,Consumer,East,Pennsylvania,Philadelphia,Office Supplies,Labels,QuickShip Label Roll,2,0,46.31,14.85,10.16
707,ORD-10419,2024-06-23,2024-06-26,Second Class,CUST-0139,Customer 139,Corporate,West,Washington,Seattle,Office Supplies,Writing,Glide Gel Pen Pack,3,0.05,50.45,14.67,10.29
708,ORD-10420,2023-02-24,2023-02-27,Second Class,CUST-0225,Customer 225,Consumer,East,New York,New York City,Office Supplies,Writing,Glide Gel Pen Pack,1,0,17.76,-0.4,9.63
709,ORD-10421,2024-05-19,2024-05-19,Same Day,CUST-0222,Customer 222,Home Office,Central,Minnesota,Minneapolis,Technology,Accessories,Orbit Wireless Headset,3,0.05,349.6,120.02,16.14
710,ORD-10421,2024-05-19,2024-05-19,Same Day,CUST-0222,Customer 222,Home Office,Central,Minnesota,Minneapolis,Office Supplies,Binders,ProBind Presentation Set,2,0.15,68.98,11.91,10.81
711,ORD-10422,2024-08-12,2024-08-14,First Class,CUST-0058,Customer 058,Consumer,East,Massachusetts,Boston,Office Supplies,Labels,QuickShip Label Roll,2,0.3,35.48,1.92,10.24
712,ORD-10422,2024-08-12,2024-08-14,First Class,CUST-0058,Customer 058,Consumer,East,Massachusetts,Boston,Furniture,Tables,LiftPro Standing Desk,1,0.2,672.38,-226.64,24.93
713,ORD-10423,2024-08-19,2024-08-24,Standard Class,CUST-0194,Customer 194,Consumer,Central,Texas,Houston,Office Supplies,Storage,Archive Storage Box Set,4,0,176.42,64.21,8.12
714,ORD-10424,2025-09-06,2025-09-08,First Class,CUST-0031,Customer 031,Consumer,Central,Texas,Dallas,Furniture,Chairs,Metro Task Chair,1,0.1,221.33,35.32,13.87
715,ORD-10425,2023-04-15,2023-04-20,Standard Class,CUST-0052,Customer 052,Corporate,West,California,Los Angeles,Office Supplies,Writing,Glide Gel Pen Pack,1,0.3,12.13,-2.4,6.21
716,ORD-10426,2025-03-26,2025-03-29,Second Class,CUST-0070,Customer 070,Home Office,East,New York,New York City,Furniture,Tables,LiftPro Standing Desk,4,0.3,2223.7,-1148.47,68.39
717,ORD-10427,2024-10-02,2024-10-07,Standard Class,CUST-0126,Customer 126,Consumer,West,Washington,Seattle,Furniture,Chairs,ErgoMesh Office Chair,2,0.15,746.48,88.84,16.54
718,ORD-10428,2024-04-13,2024-04-16,Second Class,CUST-0097,Customer 097,Consumer,Central,Texas,Houston,Office Supplies,Labels,QuickShip Label Roll,3,0,72.22,28.36,10.64
719,ORD-10428,2024-04-13,2024-04-16,Second Class,CUST-0097,Customer 097,Consumer,Central,Texas,Houston,Technology,Computers,Vertex 24 Monitor,1,0.05,336.84,76.3,15.89
720,ORD-10428,2024-04-13,2024-04-16,Second Class,CUST-0097,Customer 097,Consumer,Central,Texas,Houston,Furniture,Chairs,ErgoMesh Office Chair,2,0.05,774.79,154.95,24.47
721,ORD-10429,2023-10-26,2023-10-31,Standard Class,CUST-0047,Customer 047,Corporate,Central,Texas,Dallas,Technology,Phones,Nova X Smartphone,3,0.2,1594.69,229.21,29.92
722,ORD-10429,2023-10-26,2023-10-31,Standard Class,CUST-0047,Customer 047,Corporate,Central,Texas,Dallas,Technology,Computers,Apex 14 Laptop,2,0,2534.71,571.91,36.42
723,ORD-10430,2023-05-17,2023-05-19,First Class,CUST-0007,Customer 007,Corporate,East,Pennsylvania,Philadelphia,Office Supplies,Storage,Archive Storage Box Set,2,0.15,68.54,10.16,10.8
724,ORD-10431,2023-11-12,2023-11-17,Standard Class,CUST-0138,Customer 138,Corporate,East,Pennsylvania,Philadelphia,Furniture,Chairs,Metro Task Chair,5,0.15,1112.69,174.65,21.71
725,ORD-10432,2025-10-21,2025-10-23,First Class,CUST-0197,Customer 197,Home Office,West,Washington,Seattle,Furniture,Tables,LiftPro Standing Desk,1,0.15,718.66,-185.67,25.03
726,ORD-10433,2025-09-08,2025-09-11,Second Class,CUST-0023,Customer 023,Home Office,West,California,Los Angeles,Office Supplies,Binders,ProBind Presentation Set,1,0.1,33.78,2.38,10.0
727,ORD-10434,2024-11-09,2024-11-12,Second Class,CUST-0205,Customer 205,Corporate,West,Washington,Seattle,Office Supplies,Writing,Glide Gel Pen Pack,3,0,57.35,19.45,10.37
728,ORD-10434,2024-11-09,2024-11-12,Second Class,CUST-0205,Customer 205,Corporate,West,Washington,Seattle,Technology,Accessories,Orbit Wireless Headset,5,0.05,709.21,253.03,23.19
729,ORD-10435,2024-08-01,2024-08-06,Standard Class,CUST-0070,Customer 070,Home Office,West,California,Los Angeles,Technology,Accessories,Vector USB-C Hub,2,0,151.33,64.82,7.82
730,ORD-10435,2024-08-01,2024-08-06,Standard Class,CUST-0070,Customer 070,Home Office,West,California,Los Angeles,Office Supplies,Paper,BrightCopy Paper Case,3,0.05,153.19,56.56,7.94
731,ORD-10436,2023-10-14,2023-10-19,Standard Class,CUST-0077,Customer 077,Home Office,East,Massachusetts,Boston,Office Supplies,Binders,ProBind Presentation Set,2,0.1,63.5,16.43,6.85
732,ORD-10437,2023-10-27,2023-10-27,Same Day,CUST-0206,Customer 206,Corporate,West,California,San Francisco,Office Supplies,Labels,QuickShip Label Roll,3,0.05,65.65,23.27,10.59
733,ORD-10437,2023-10-27,2023-10-27,Same Day,CUST-0206,Customer 206,Corporate,West,California,San Francisco,Office Supplies,Writing,Glide Gel Pen Pack,1,0,17.94,-0.3,9.63
734,ORD-10438,2025-08-12,2025-08-17,Standard Class,CUST-0100,Customer 100,Corporate,South,North Carolina,Charlotte,Furniture,Storage,Compact File Cabinet,2,0.2,300.79,34.61,10.51
735,ORD-10439,2025-02-15,2025-02-20,Standard Class,CUST-0174,Customer 174,Consumer,East,New Jersey,Newark,Office Supplies,Binders,ProBind Presentation Set,2,0.05,72.55,22.1,6.92
736,ORD-10440,2023-04-03,2023-04-08,Standard Class,CUST-0179,Customer 179,Home Office,West,Washington,Seattle,Office Supplies,Paper,BrightCopy Paper Case,3,0,164.42,66.02,7.97
737,ORD-10441,2024-01-11,2024-01-16,Standard Class,CUST-0063,Customer 063,Home Office,Central,Minnesota,Minneapolis,Office Supplies,Art,Studio Marker Set,5,0.1,145.22,54.99,7.94
738,ORD-10442,2024-03-07,2024-03-10,Second Class,CUST-0204,Customer 204,Consumer,West,Washington,Seattle,Furniture,Tables,LiftPro Standing Desk,4,0.4,2042.44,-1570.41,72.62
739,ORD-10443,2024-08-21,2024-08-26,Standard Class,CUST-0147,Customer 147,Corporate,West,California,Los Angeles,Office Supplies,Writing,Glide Gel Pen Pack,2,0.05,36.08,11.39,6.46
740,ORD-10444,2024-09-17,2024-09-22,Standard Class,CUST-0030,Customer 030,Home Office,Central,Texas,Houston,Technology,Phones,Pulse Pro Smartphone,4,0.15,3126.52,464.81,50.14
741,ORD-10445,2023-10-30,2023-11-04,Standard Class,CUST-0240,Customer 240,Consumer,Central,Texas,Houston,Technology,Phones,Pulse Pro Smartphone,2,0.3,1293.77,-46.66,28.18
742,ORD-10446,2024-12-03,2024-12-03,Same Day,CUST-0090,Customer 090,Home Office,East,Pennsylvania,Philadelphia,Technology,Phones,Nova X Smartphone,4,0.05,3108.82,846.12,70.17
743,ORD-10447,2024-02-22,2024-02-27,Standard Class,CUST-0170,Customer 170,Home Office,Central,Texas,Dallas,Office Supplies,Storage,Archive Storage Box Set,2,0.05,69.13,19.32,6.87
744,ORD-10447,2024-02-22,2024-02-27,Standard Class,CUST-0170,Customer 170,Home Office,Central,Texas,Dallas,Technology,Accessories,Vector USB-C Hub,5,0.15,326.9,116.29,10.62
745,ORD-10448,2023-01-08,2023-01-11,Second Class,CUST-0076,Customer 076,Corporate,West,Oregon,Portland,Office Supplies,Writing,Glide Gel Pen Pack,3,0.2,42.36,6.67,10.28
746,ORD-10449,2023-03-12,2023-03-17,Standard Class,CUST-0197,Customer 197,Home Office,South,Florida,Miami,Technology,Computers,Apex 14 Laptop,4,0,4933.86,1118.92,65.21
747,ORD-10450,2023-10-26,2023-10-31,Standard Class,CUST-0161,Customer 161,Corporate,South,North Carolina,Charlotte,Office Supplies,Paper,BrightCopy Paper Case,2,0,112.95,43.47,7.36
748,ORD-10451,2023-04-09,2023-04-11,First Class,CUST-0236,Customer 236,Consumer,East,Massachusetts,Boston,Furniture,Chairs,ErgoMesh Office Chair,3,0.1,1104.91,176.58,32.13
749,ORD-10452,2025-12-07,2025-12-12,Standard Class,CUST-0083,Customer 083,Consumer,South,North Carolina,Charlotte,Furniture,Storage,Flex 5-Shelf Bookcase,3,0,1047.26,243.25,18.57
750,ORD-10452,2025-12-07,2025-12-12,Standard Class,CUST-0083,Customer 083,Consumer,South,North Carolina,Charlotte,Office Supplies,Binders,ProBind Presentation Set,1,0,44.51,12.61,6.53
751,ORD-10452,2025-12-07,2025-12-12,Standard Class,CUST-0083,Customer 083,Consumer,South,North Carolina,Charlotte,Office Supplies,Paper,BrightCopy Paper Case,2,0.05,109.59,38.77,7.38
752,ORD-10452,2025-12-07,2025-12-12,Standard Class,CUST-0083,Customer 083,Consumer,South,North Carolina,Charlotte,Furniture,Tables,LiftPro Standing Desk,3,0.05,2573.32,-282.3,38.51
753,ORD-10453,2025-01-17,2025-01-22,Standard Class,CUST-0140,Customer 140,Consumer,East,Massachusetts,Boston,Office Supplies,Writing,Glide Gel Pen Pack,3,0,47.42,18.09,6.57
754,ORD-10454,2025-06-03,2025-06-08,Standard Class,CUST-0187,Customer 187,Consumer,South,Florida,Miami,Office Supplies,Binders,ProBind Presentation Set,2,0,76.45,25.95,6.92
755,ORD-10455,2024-11-19,2024-11-24,Standard Class,CUST-0009,Customer 009,Corporate,East,Massachusetts,Boston,Technology,Phones,Pulse Pro Smartphone,1,0.05,929.32,217.04,17.74
756,ORD-10456,2023-05-30,2023-06-01,First Class,CUST-0164,Customer 164,Corporate,Central,Minnesota,Minneapolis,Furniture,Tables,LiftPro Standing Desk,2,0.1,1425.91,-260.58,38.77
757,ORD-10456,2023-05-30,2023-06-01,First Class,CUST-0164,Customer 164,Corporate,Central,Minnesota,Minneapolis,Furniture,Storage,Compact File Cabinet,2,0.05,385.36,92.68,16.84
758,ORD-10456,2023-05-30,2023-06-01,First Class,CUST-0164,Customer 164,Corporate,Central,Minnesota,Minneapolis,Office Supplies,Labels,QuickShip Label Roll,1,0,25.42,3.96,9.77
759,ORD-10457,2025-05-20,2025-05-23,Second Class,CUST-0019,Customer 019,Consumer,West,Oregon,Portland,Office Supplies,Art,Studio Marker Set,1,0,31.29,5.45,9.88
760,ORD-10457,2025-05-20,2025-05-23,Second Class,CUST-0019,Customer 019,Consumer,West,Oregon,Portland,Technology,Accessories,Orbit Wireless Headset,2,0.05,226.35,74.43,13.73
761,ORD-10457,2025-05-20,2025-05-23,Second Class,CUST-0019,Customer 019,Consumer,West,Oregon,Portland,Office Supplies,Writing,Glide Gel Pen Pack,1,0.05,17.36,-1.05,9.64
762,ORD-10457,2025-05-20,2025-05-23,Second Class,CUST-0019,Customer 019,Consumer,West,Oregon,Portland,Technology,Accessories,Orbit Wireless Headset,1,0,133.77,44.39,11.79
763,ORD-10458,2024-04-18,2024-04-23,Standard Class,CUST-0005,Customer 005,Consumer,South,Florida,Miami,Office Supplies,Writing,Glide Gel Pen Pack,3,0.15,43.58,12.35,6.62
764,ORD-10459,2025-09-10,2025-09-15,Standard Class,CUST-0204,Customer 204,Consumer,Central,Texas,Dallas,Office Supplies,Writing,Glide Gel Pen Pack,2,0,38.2,13.4,6.46
765,ORD-10459,2025-09-10,2025-09-15,Standard Class,CUST-0204,Customer 204,Consumer,Central,Texas,Dallas,Office Supplies,Paper,BrightCopy Paper Case,1,0,51.58,16.59,6.62
766,ORD-10460,2024-03-06,2024-03-11,Standard Class,CUST-0155,Customer 155,Corporate,Central,Texas,Dallas,Office Supplies,Binders,ProBind Presentation Set,3,0.1,101.57,29.89,7.35
767,ORD-10460,2024-03-06,2024-03-11,Standard Class,CUST-0155,Customer 155,Corporate,Central,Texas,Dallas,Office Supplies,Binders,ProBind Presentation Set,3,0,109.72,39.86,7.32
768,ORD-10460,2024-03-06,2024-03-11,Standard Class,CUST-0155,Customer 155,Corporate,Central,Texas,Dallas,Office Supplies,Storage,Archive Storage Box Set,4,0,172.1,62.49,8.07
769,ORD-10461,2025-10-06,2025-10-08,First Class,CUST-0035,Customer 035,Corporate,Central,Minnesota,Minneapolis,Technology,Phones,Nova X Smartphone,4,0.05,2595.68,704.92,60.12
770,ORD-10461,2025-10-06,2025-10-08,First Class,CUST-0035,Customer 035,Corporate,Central,Minnesota,Minneapolis,Furniture,Tables,LiftPro Standing Desk,3,0.2,2016.25,-661.06,56.18
771,ORD-10461,2025-10-06,2025-10-08,First Class,CUST-0035,Customer 035,Corporate,Central,Minnesota,Minneapolis,Office Supplies,Paper,BrightCopy Paper Case,3,0.05,158.3,54.25,12.4
772,ORD-10461,2025-10-06,2025-10-08,First Class,CUST-0035,Customer 035,Corporate,Central,Minnesota,Minneapolis,Technology,Phones,Nova X Smartphone,3,0.1,1759.37,403.96,45.66
773,ORD-10462,2025-09-02,2025-09-07,Standard Class,CUST-0186,Customer 186,Home Office,West,California,San Francisco,Technology,Phones,Nova X Smartphone,1,0.15,560.23,104.72,13.91
774,ORD-10463,2025-02-06,2025-02-09,Second Class,CUST-0109,Customer 109,Home Office,East,Massachusetts,Boston,Office Supplies,Writing,Glide Gel Pen Pack,1,0.05,17.12,-1.17,9.64
775,ORD-10463,2025-02-06,2025-02-09,Second Class,CUST-0109,Customer 109,Home Office,East,Massachusetts,Boston,Office Supplies,Labels,QuickShip Label Roll,1,0.1,19.31,-0.26,9.7
776,ORD-10464,2023-07-16,2023-07-19,Second Class,CUST-0027,Customer 027,Consumer,Central,Texas,Dallas,Furniture,Tables,LiftPro Standing Desk,2,0.1,1509.27,-275.26,40.49
777,ORD-10465,2025-12-12,2025-12-17,Standard Class,CUST-0056,Customer 056,Consumer,South,Georgia,Atlanta,Office Supplies,Storage,Archive Storage Box Set,3,0,150.38,53.86,7.8
778,ORD-10465,2025-12-12,2025-12-17,Standard Class,CUST-0056,Customer 056,Consumer,South,Georgia,Atlanta,Office Supplies,Paper,BrightCopy Paper Case,2,0.15,98.38,27.33,7.39
779,ORD-10466,2024-11-27,2024-12-02,Standard Class,CUST-0106,Customer 106,Consumer,West,California,San Francisco,Office Supplies,Binders,ProBind Presentation Set,1,0.05,40.93,9.85,6.52
780,ORD-10467,2023-03-03,2023-03-08,Standard Class,CUST-0123,Customer 123,Corporate,South,Florida,Miami,Furniture,Storage,Flex 5-Shelf Bookcase,3,0.05,767.21,145.83,15.69
781,ORD-10467,2023-03-03,2023-03-08,Standard Class,CUST-0123,Customer 123,Corporate,South,Florida,Miami,Technology,Phones,Pulse Pro Smartphone,4,0.1,3076.83,602.53,47.02
782,ORD-10467,2023-03-03,2023-03-08,Standard Class,CUST-0123,Customer 123,Corporate,South,Florida,Miami,Office Supplies,Storage,Archive Storage Box Set,2,0.05,78.9,22.9,7.0
783,ORD-10468,2024-07-13,2024-07-18,Standard Class,CUST-0110,Customer 110,Home Office,South,Georgia,Atlanta,Office Supplies,Writing,Glide Gel Pen Pack,2,0,36.47,12.52,6.44
784,ORD-10469,2023-08-06,2023-08-11,Standard Class,CUST-0239,Customer 239,Home Office,Central,Texas,Houston,Furniture,Storage,Compact File Cabinet,4,0.1,642.95,142.6,14.57
785,ORD-10470,2024-12-17,2024-12-22,Standard Class,CUST-0073,Customer 073,Corporate,South,Georgia,Atlanta,Office Supplies,Binders,ProBind Presentation Set,1,0.1,39.91,8.1,6.53
786,ORD-10471,2024-10-08,2024-10-13,Standard Class,CUST-0215,Customer 215,Corporate,South,Florida,Miami,Office Supplies,Binders,ProBind Presentation Set,2,0.4,45.74,-4.62,6.91
787,ORD-10472,2025-10-01,2025-10-06,Standard Class,CUST-0113,Customer 113,Corporate,East,Massachusetts,Boston,Office Supplies,Binders,ProBind Presentation Set,1,0,37.48,9.67,6.45
788,ORD-10472,2025-10-01,2025-10-06,Standard Class,CUST-0113,Customer 113,Corporate,East,Massachusetts,Boston,Furniture,Storage,Flex 5-Shelf Bookcase,4,0.05,1051.45,202.08,19.28
789,ORD-10472,2025-10-01,2025-10-06,Standard Class,CUST-0113,Customer 113,Corporate,East,Massachusetts,Boston,Technology,Computers,Vertex 24 Monitor,1,0,350.0,98.3,10.2
790,ORD-10473,2024-03-21,2024-03-26,Standard Class,CUST-0024,Customer 024,Home Office,West,California,Los Angeles,Furniture,Tables,Oakline Writing Desk,2,0.1,947.85,-134.49,18.64
791,ORD-10473,2024-03-21,2024-03-26,Standard Class,CUST-0024,Customer 024,Home Office,West,California,Los Angeles,Office Supplies,Writing,Glide Gel Pen Pack,2,0.05,36.48,11.59,6.46
792,ORD-10474,2024-08-17,2024-08-20,Second Class,CUST-0231,Customer 231,Corporate,East,New Jersey,Newark,Technology,Computers,Vertex 24 Monitor,3,0.1,929.95,188.47,28.52
793,ORD-10475,2023-10-31,2023-11-05,Standard Class,CUST-0205,Customer 205,Corporate,West,Oregon,Portland,Technology,Phones,Nova X Smartphone,1,0.1,646.18,150.52,14.62
794,ORD-10475,2023-10-31,2023-11-05,Standard Class,CUST-0205,Customer 205,Corporate,West,Oregon,Portland,Furniture,Tables,LiftPro Standing Desk,3,0.15,1990.21,-478.97,34.1
795,ORD-10476,2024-08-26,2024-08-31,Standard Class,CUST-0120,Customer 120,Home Office,West,Washington,Seattle,Technology,Computers,Apex 14 Laptop,2,0.05,2433.56,449.97,36.74
796,ORD-10476,2024-08-26,2024-08-31,Standard Class,CUST-0120,Customer 120,Home Office,West,Washington,Seattle,Office Supplies,Writing,Glide Gel Pen Pack,3,0.15,47.98,14.2,6.68
797,ORD-10476,2024-08-26,2024-08-31,Standard Class,CUST-0120,Customer 120,Home Office,West,Washington,Seattle,Office Supplies,Writing,Glide Gel Pen Pack,2,0.2,27.07,4.42,6.41
798,ORD-10477,2023-03-10,2023-03-12,First Class,CUST-0130,Customer 130,Corporate,South,Florida,Miami,Office Supplies,Writing,Glide Gel Pen Pack,1,0.05,18.01,-0.74,9.65
799,ORD-10478,2023-08-24,2023-08-29,Standard Class,CUST-0060,Customer 060,Consumer,West,California,San Francisco,Office Supplies,Art,Studio Marker Set,1,0.1,26.94,5.31,6.36
800,ORD-10479,2024-01-11,2024-01-11,Same Day,CUST-0033,Customer 033,Consumer,East,New York,New York City,Office Supplies,Writing,Glide Gel Pen Pack,1,0.05,16.48,-1.46,9.62
801,ORD-10480,2024-06-08,2024-06-13,Standard Class,CUST-0105,Customer 105,Corporate,East,Massachusetts,Boston,Office Supplies,Labels,QuickShip Label Roll,1,0.05,21.5,4.82,6.27
802,ORD-10480,2024-06-08,2024-06-13,Standard Class,CUST-0105,Customer 105,Corporate,East,Massachusetts,Boston,Office Supplies,Paper,BrightCopy Paper Case,1,0.1,48.72,12.29,6.65
803,ORD-10481,2023-06-21,2023-06-26,Standard Class,CUST-0217,Customer 217,Consumer,West,California,Los Angeles,Technology,Accessories,Orbit Wireless Headset,3,0,385.74,151.38,10.63
804,ORD-10481,2023-06-21,2023-06-26,Standard Class,CUST-0217,Customer 217,Consumer,West,California,Los Angeles,Office Supplies,Writing,Glide Gel Pen Pack,2,0.05,32.04,9.45,6.4
805,ORD-10481,2023-06-21,2023-06-26,Standard Class,CUST-0217,Customer 217,Consumer,West,California,Los Angeles,Office Supplies,Art,Studio Marker Set,3,0.15,86.92,27.54,7.23
806,ORD-10482,2023-03-28,2023-04-02,Standard Class,CUST-0029,Customer 029,Consumer,East,New Jersey,Newark,Technology,Phones,Nova X Smartphone,2,0.3,943.27,18.25,22.17
807,ORD-10482,2023-03-28,2023-04-02,Standard Class,CUST-0029,Customer 029,Consumer,East,New Jersey,Newark,Technology,Phones,Pulse Pro Smartphone,3,0.1,2302.67,449.42,36.7
808,ORD-10483,2025-05-18,2025-05-23,Standard Class,CUST-0171,Customer 171,Consumer,East,Pennsylvania,Philadelphia,Technology,Accessories,Orbit Wireless Headset,3,0,370.12,145.01,10.44
809,ORD-10484,2025-04-12,2025-04-15,Second Class,CUST-0179,Customer 179,Home Office,East,New York,New York City,Furniture,Tables,Oakline Writing Desk,1,0.15,486.51,-111.52,19.95
810,ORD-10485,2025-10-10,2025-10-15,Standard Class,CUST-0029,Customer 029,Consumer,West,California,San Francisco,Office Supplies,Labels,QuickShip Label Roll,1,0.1,22.0,4.47,6.29
811,ORD-10486,2024-12-20,2024-12-22,First Class,CUST-0177,Customer 177,Corporate,West,California,Los Angeles,Office Supplies,Binders,ProBind Presentation Set,1,0.05,37.74,5.06,10.04
812,ORD-10486,2024-12-20,2024-12-22,First Class,CUST-0177,Customer 177,Corporate,West,California,Los Angeles,Furniture,Tables,Oakline Writing Desk,1,0.15,492.59,-112.8,20.08
813,ORD-10487,2025-02-06,2025-02-11,Standard Class,CUST-0145,Customer 145,Home Office,East,New Jersey,Newark,Office Supplies,Labels,QuickShip Label Roll,4,0.2,71.64,23.38,7.07
814,ORD-10487,2025-02-06,2025-02-11,Standard Class,CUST-0145,Customer 145,Home Office,East,New Jersey,Newark,Technology,Accessories,Orbit Wireless Headset,2,0,227.35,86.76,8.73
815,ORD-10488,2024-11-19,2024-11-24,Standard Class,CUST-0236,Customer 236,Consumer,West,Oregon,Portland,Office Supplies,Writing,Glide Gel Pen Pack,2,0.1,34.77,9.77,6.46
816,ORD-10489,2025-01-20,2025-01-25,Standard Class,CUST-0160,Customer 160,Corporate,East,New York,New York City,Office Supplies,Paper,BrightCopy Paper Case,2,0.05,100.85,35.19,7.27
817,ORD-10490,2023-06-22,2023-06-27,Standard Class,CUST-0101,Customer 101,Corporate,East,Massachusetts,Boston,Technology,Phones,Pulse Pro Smartphone,4,0,3825.56,1057.5,51.91
818,ORD-10490,2023-06-22,2023-06-27,Standard Class,CUST-0101,Customer 101,Corporate,East,Massachusetts,Boston,Technology,Phones,Nova X Smartphone,2,0,1298.83,407.03,21.59
819,ORD-10491,2024-12-03,2024-12-06,Second Class,CUST-0091,Customer 091,Consumer,East,Pennsylvania,Philadelphia,Office Supplies,Paper,BrightCopy Paper Case,2,0.1,105.81,29.66,11.49
820,ORD-10491,2024-12-03,2024-12-06,Second Class,CUST-0091,Customer 091,Consumer,East,Pennsylvania,Philadelphia,Office Supplies,Art,Studio Marker Set,2,0.05,69.45,21.51,10.66
821,ORD-10491,2024-12-03,2024-12-06,Second Class,CUST-0091,Customer 091,Consumer,East,Pennsylvania,Philadelphia,Office Supplies,Paper,BrightCopy Paper Case,2,0.15,96.16,22.54,11.4
822,ORD-10492,2023-04-10,2023-04-15,Standard Class,CUST-0131,Customer 131,Consumer,East,Pennsylvania,Philadelphia,Office Supplies,Binders,ProBind Presentation Set,3,0.2,94.79,19.83,7.42
823,ORD-10492,2023-04-10,2023-04-15,Standard Class,CUST-0131,Customer 131,Consumer,East,Pennsylvania,Philadelphia,Office Supplies,Labels,QuickShip Label Roll,4,0.15,85.43,31.99,7.21
824,ORD-10493,2025-12-13,2025-12-16,Second Class,CUST-0149,Customer 149,Corporate,South,North Carolina,Charlotte,Office Supplies,Binders,ProBind Presentation Set,2,0,87.0,26.49,10.92
825,ORD-10494,2025-03-22,2025-03-27,Standard Class,CUST-0167,Customer 167,Corporate,East,Massachusetts,Boston,Furniture,Tables,Oakline Writing Desk,1,0.1,518.78,-76.33,12.92
826,ORD-10495,2023-06-26,2023-07-01,Standard Class,CUST-0058,Customer 058,Consumer,West,Washington,Seattle,Technology,Accessories,Vector USB-C Hub,3,0,249.37,110.71,8.99
827,ORD-10496,2025-03-05,2025-03-07,First Class,CUST-0121,Customer 121,Home Office,South,North Carolina,Charlotte,Office Supplies,Paper,BrightCopy Paper Case,3,0.15,144.6,38.58,12.46
828,ORD-10497,2024-09-12,2024-09-17,Standard Class,CUST-0048,Customer 048,Home Office,South,Georgia,Atlanta,Furniture,Tables,Oakline Writing Desk,3,0,1679.2,-42.94,26.15
829,ORD-10497,2024-09-12,2024-09-17,Standard Class,CUST-0048,Customer 048,Home Office,South,Georgia,Atlanta,Technology,Accessories,Orbit Wireless Headset,4,0.1,471.12,155.23,12.28
830,ORD-10498,2024-12-07,2024-12-10,Second Class,CUST-0100,Customer 100,Corporate,East,Pennsylvania,Philadelphia,Technology,Accessories,Vector USB-C Hub,2,0.2,151.39,40.17,12.82
831,ORD-10498,2024-12-07,2024-12-10,Second Class,CUST-0100,Customer 100,Corporate,East,Pennsylvania,Philadelphia,Furniture,Storage,Compact File Cabinet,2,0,401.61,111.75,16.77
832,ORD-10499,2024-11-08,2024-11-13,Standard Class,CUST-0107,Customer 107,Consumer,East,Massachusetts,Boston,Furniture,Storage,Compact File Cabinet,1,0.05,188.01,45.07,8.37
833,ORD-10499,2024-11-08,2024-11-13,Standard Class,CUST-0107,Customer 107,Consumer,East,Massachusetts,Boston,Office Supplies,Writing,Glide Gel Pen Pack,2,0,43.23,15.96,6.52
834,ORD-10499,2024-11-08,2024-11-13,Standard Class,CUST-0107,Customer 107,Consumer,East,Massachusetts,Boston,Office Supplies,Labels,QuickShip Label Roll,2,0,51.59,21.24,6.62
835,ORD-10500,2024-06-14,2024-06-19,Standard Class,CUST-0225,Customer 225,Consumer,Central,Texas,Dallas,Technology,Accessories,Vector USB-C Hub,2,0.1,142.46,52.25,7.9
836,ORD-10501,2024-03-04,2024-03-09,Standard Class,CUST-0103,Customer 103,Corporate,West,California,San Francisco,Office Supplies,Labels,QuickShip Label Roll,1,0.05,21.29,4.71,6.27
837,ORD-10501,2024-03-04,2024-03-09,Standard Class,CUST-0103,Customer 103,Corporate,West,California,San Francisco,Office Supplies,Paper,BrightCopy Paper Case,3,0,153.33,61.16,7.84
838,ORD-10502,2025-06-16,2025-06-19,Second Class,CUST-0220,Customer 220,Corporate,East,Massachusetts,Boston,Technology,Computers,Vertex 24 Monitor,3,0.15,877.73,136.71,28.51
839,ORD-10503,2025-05-24,2025-05-26,First Class,CUST-0063,Customer 063,Home Office,East,Pennsylvania,Philadelphia,Office Supplies,Paper,BrightCopy Paper Case,2,0.1,91.12,24.25,11.18
840,ORD-10504,2024-09-28,2024-10-03,Standard Class,CUST-0071,Customer 071,Consumer,Central,Illinois,Chicago,Furniture,Storage,Compact File Cabinet,2,0.15,299.72,49.72,10.23
841,ORD-10504,2024-09-28,2024-10-03,Standard Class,CUST-0071,Customer 071,Consumer,Central,Illinois,Chicago,Furniture,Chairs,ErgoMesh Office Chair,5,0,2105.63,537.25,31.27
842,ORD-10504,2024-09-28,2024-10-03,Standard Class,CUST-0071,Customer 071,Consumer,Central,Illinois,Chicago,Furniture,Chairs,ErgoMesh Office Chair,5,0,2274.7,580.87,33.3
843,ORD-10505,2025-01-06,2025-01-06,Same Day,CUST-0133,Customer 133,Corporate,Central,Illinois,Chicago,Furniture,Chairs,ErgoMesh Office Chair,3,0.2,967.52,52.86,31.79
844,ORD-10506,2023-10-07,2023-10-12,Standard Class,CUST-0060,Customer 060,Consumer,Central,Minnesota,Minneapolis,Technology,Accessories,Vector USB-C Hub,5,0.3,277.54,60.61,10.76
845,ORD-10507,2023-06-25,2023-06-28,Second Class,CUST-0181,Customer 181,Consumer,Central,Illinois,Chicago,Furniture,Chairs,Metro Task Chair,3,0.05,652.89,149.74,22.08
846,ORD-10507,2023-06-25,2023-06-28,Second Class,CUST-0181,Customer 181,Consumer,Central,Illinois,Chicago,Office Supplies,Labels,QuickShip Label Roll,1,0.05,24.61,2.91,9.78
847,ORD-10508,2025-10-08,2025-10-11,Second Class,CUST-0158,Customer 158,Corporate,Central,Minnesota,Minneapolis,Office Supplies,Paper,BrightCopy Paper Case,3,0,150.07,55.44,12.09
848,ORD-10509,2025-07-04,2025-07-09,Standard Class,CUST-0121,Customer 121,Home Office,West,California,San Francisco,Furniture,Chairs,Metro Task Chair,1,0.1,200.9,35.96,8.68
849,ORD-10509,2025-07-04,2025-07-09,Standard Class,CUST-0121,Customer 121,Home Office,West,California,San Francisco,Technology,Phones,Nova X Smartphone,1,0.4,449.45,-67.42,14.99
850,ORD-10509,2025-07-04,2025-07-09,Standard Class,CUST-0121,Customer 121,Home Office,West,California,San Francisco,Furniture,Chairs,ErgoMesh Office Chair,3,0,1302.56,330.06,21.63
851,ORD-10510,2025-09-28,2025-10-03,Standard Class,CUST-0170,Customer 170,Home Office,East,New Jersey,Newark,Office Supplies,Writing,Glide Gel Pen Pack,1,0.3,13.19,-2.08,6.23
852,ORD-10511,2025-12-08,2025-12-13,Standard Class,CUST-0225,Customer 225,Consumer,Central,Texas,Dallas,Office Supplies,Binders,ProBind Presentation Set,3,0.05,114.98,38.54,7.45
853,ORD-10512,2025-03-28,2025-04-02,Standard Class,CUST-0030,Customer 030,Home Office,West,Washington,Seattle,Office Supplies,Labels,QuickShip Label Roll,1,0.15,21.81,3.7,6.31
854,ORD-10512,2025-03-28,2025-04-02,Standard Class,CUST-0030,Customer 030,Home Office,West,Washington,Seattle,Office Supplies,Writing,Glide Gel Pen Pack,1,0.1,16.2,1.34,6.22
855,ORD-10512,2025-03-28,2025-04-02,Standard Class,CUST-0030,Customer 030,Home Office,West,Washington,Seattle,Office Supplies,Writing,Glide Gel Pen Pack,3,0.2,42.09,10.21,6.63
856,ORD-10513,2023-10-27,2023-10-30,Second Class,CUST-0002,Customer 002,Corporate,South,Georgia,Atlanta,Technology,Accessories,Orbit Wireless Headset,4,0.05,523.1,184.19,19.54
857,ORD-10513,2023-10-27,2023-10-30,Second Class,CUST-0002,Customer 002,Corporate,South,Georgia,Atlanta,Technology,Phones,Nova X Smartphone,3,0.2,1603.24,213.94,46.58
858,ORD-10513,2023-10-27,2023-10-30,Second Class,CUST-0002,Customer 002,Corporate,South,Georgia,Atlanta,Office Supplies,Binders,ProBind Presentation Set,3,0.3,76.09,2.81,11.32
859,ORD-10513,2023-10-27,2023-10-30,Second Class,CUST-0002,Customer 002,Corporate,South,Georgia,Atlanta,Furniture,Tables,LiftPro Standing Desk,3,0.1,2000.83,-361.89,50.65
860,ORD-10514,2023-07-15,2023-07-20,Standard Class,CUST-0181,Customer 181,Consumer,East,Massachusetts,Boston,Office Supplies,Paper,BrightCopy Paper Case,4,0.3,152.74,24.11,8.62
861,ORD-10515,2023-12-26,2023-12-31,Standard Class,CUST-0022,Customer 022,Home Office,South,North Carolina,Charlotte,Office Supplies,Binders,ProBind Presentation Set,2,0,87.79,30.7,7.05
862,ORD-10516,2024-10-23,2024-10-28,Standard Class,CUST-0088,Customer 088,Home Office,Central,Illinois,Chicago,Office Supplies,Storage,Archive Storage Box Set,2,0.05,84.69,25.02,7.07
863,ORD-10516,2024-10-23,2024-10-28,Standard Class,CUST-0088,Customer 088,Home Office,Central,Illinois,Chicago,Office Supplies,Art,Studio Marker Set,2,0.05,62.9,22.34,6.79
864,ORD-10517,2023-04-11,2023-04-16,Standard Class,CUST-0197,Customer 197,Home Office,South,North Carolina,Charlotte,Technology,Accessories,Vector USB-C Hub,3,0.05,217.8,89.83,8.75
865,ORD-10518,2023-11-27,2023-12-02,Standard Class,CUST-0072,Customer 072,Home Office,West,Washington,Seattle,Office Supplies,Binders,ProBind Presentation Set,3,0.15,109.14,28.41,7.54
866,ORD-10519,2025-10-19,2025-10-22,Second Class,CUST-0079,Customer 079,Consumer,Central,Texas,Dallas,Technology,Accessories,Orbit Wireless Headset,1,0.1,114.81,29.15,11.67
867,ORD-10519,2025-10-19,2025-10-22,Second Class,CUST-0079,Customer 079,Consumer,Central,Texas,Dallas,Furniture,Chairs,ErgoMesh Office Chair,1,0.15,373.15,35.21,17.47
868,ORD-10520,2025-09-26,2025-09-29,Second Class,CUST-0084,Customer 084,Corporate,South,North Carolina,Charlotte,Furniture,Storage,Flex 5-Shelf Bookcase,2,0,572.14,123.1,19.94
869,ORD-10521,2023-12-15,2023-12-18,Second Class,CUST-0231,Customer 231,Corporate,Central,Minnesota,Minneapolis,Office Supplies,Labels,QuickShip Label Roll,1,0.05,26.39,3.79,9.82
870,ORD-10521,2023-12-15,2023-12-18,Second Class,CUST-0231,Customer 231,Corporate,Central,Minnesota,Minneapolis,Office Supplies,Writing,Glide Gel Pen Pack,3,0.05,57.12,17.84,10.42
871,ORD-10522,2023-10-25,2023-10-30,Standard Class,CUST-0129,Customer 129,Corporate,East,New York,New York City,Technology,Computers,Vertex 24 Monitor,3,0,1050.43,307.03,18.61
872,ORD-10522,2023-10-25,2023-10-30,Standard Class,CUST-0129,Customer 129,Corporate,East,New York,New York City,Technology,Phones,Nova X Smartphone,1,0,729.67,226.03,14.76
873,ORD-10523,2025-03-20,2025-03-25,Standard Class,CUST-0223,Customer 223,Home Office,Central,Illinois,Chicago,Office Supplies,Paper,BrightCopy Paper Case,1,0,54.31,17.79,6.65
874,ORD-10524,2025-10-21,2025-10-24,Second Class,CUST-0155,Customer 155,Corporate,South,Florida,Miami,Office Supplies,Writing,Glide Gel Pen Pack,1,0.05,17.7,-0.89,9.65
875,ORD-10524,2025-10-21,2025-10-24,Second Class,CUST-0155,Customer 155,Corporate,South,Florida,Miami,Office Supplies,Labels,QuickShip Label Roll,1,0,25.89,4.2,9.78
876,ORD-10524,2025-10-21,2025-10-24,Second Class,CUST-0155,Customer 155,Corporate,South,Florida,Miami,Office Supplies,Storage,Archive Storage Box Set,4,0.1,149.99,39.26,12.4
877,ORD-10525,2025-05-12,2025-05-17,Standard Class,CUST-0240,Customer 240,Consumer,East,Pennsylvania,Philadelphia,Office Supplies,Storage,Archive Storage Box Set,3,0.05,115.32,36.24,7.46
878,ORD-10526,2023-08-25,2023-08-28,Second Class,CUST-0196,Customer 196,Consumer,East,Pennsylvania,Philadelphia,Office Supplies,Writing,Glide Gel Pen Pack,3,0.05,51.78,15.31,10.31
879,ORD-10527,2025-03-27,2025-03-30,Second Class,CUST-0237,Customer 237,Consumer,East,New York,New York City,Office Supplies,Writing,Glide Gel Pen Pack,2,0.1,33.93,5.83,10.0
880,ORD-10528,2023-05-28,2023-06-02,Standard Class,CUST-0069,Customer 069,Corporate,East,New York,New York City,Technology,Computers,Vertex 24 Monitor,4,0,1314.35,385.68,21.77
881,ORD-10529,2023-03-24,2023-03-29,Standard Class,CUST-0213,Customer 213,Home Office,West,Washington,Seattle,Office Supplies,Binders,ProBind Presentation Set,4,0.1,131.86,40.59,7.76
882,ORD-10529,2023-03-24,2023-03-29,Standard Class,CUST-0213,Customer 213,Home Office,West,Washington,Seattle,Office Supplies,Binders,ProBind Presentation Set,5,0.15,154.1,42.58,8.18
883,ORD-10530,2023-11-17,2023-11-22,Standard Class,CUST-0115,Customer 115,Corporate,East,Pennsylvania,Philadelphia,Technology,Computers,Vertex 24 Monitor,4,0,1519.14,446.7,24.23
884,ORD-10531,2025-08-21,2025-08-24,Second Class,CUST-0200,Customer 200,Corporate,East,Pennsylvania,Philadelphia,Office Supplies,Binders,ProBind Presentation Set,3,0,118.7,39.53,11.51
885,ORD-10531,2025-08-21,2025-08-24,Second Class,CUST-0200,Customer 200,Corporate,East,Pennsylvania,Philadelphia,Office Supplies,Art,Studio Marker Set,3,0,92.21,34.16,11.02
886,ORD-10532,2025-01-04,2025-01-09,Standard Class,CUST-0029,Customer 029,Consumer,West,Oregon,Portland,Office Supplies,Writing,Glide Gel Pen Pack,3,0.05,48.78,17.51,6.62
887,ORD-10532,2025-01-04,2025-01-09,Standard Class,CUST-0029,Customer 029,Consumer,West,Oregon,Portland,Office Supplies,Writing,Glide Gel Pen Pack,2,0,33.7,11.12,6.4
888,ORD-10533,2025-06-30,2025-07-05,Standard Class,CUST-0096,Customer 096,Consumer,West,Oregon,Portland,Technology,Phones,Pulse Pro Smartphone,4,0.4,2114.82,-436.02,48.3
889,ORD-10534,2025-11-28,2025-12-03,Standard Class,CUST-0132,Customer 132,Consumer,West,Washington,Seattle,Office Supplies,Art,Studio Marker Set,4,0.2,105.67,30.73,7.58
890,ORD-10534,2025-11-28,2025-12-03,Standard Class,CUST-0132,Customer 132,Consumer,West,Washington,Seattle,Office Supplies,Storage,Archive Storage Box Set,2,0.2,72.35,11.9,7.09
891,ORD-10534,2025-11-28,2025-12-03,Standard Class,CUST-0132,Customer 132,Consumer,West,Washington,Seattle,Office Supplies,Labels,QuickShip Label Roll,5,0.1,118.1,50.17,7.57
892,ORD-10534,2025-11-28,2025-12-03,Standard Class,CUST-0132,Customer 132,Consumer,West,Washington,Seattle,Furniture,Tables,LiftPro Standing Desk,1,0.1,815.79,-143.78,16.88
893,ORD-10535,2024-09-13,2024-09-18,Standard Class,CUST-0024,Customer 024,Home Office,South,Florida,Miami,Technology,Accessories,Orbit Wireless Headset,1,0.15,116.38,29.33,7.64
894,ORD-10535,2024-09-13,2024-09-18,Standard Class,CUST-0024,Customer 024,Home Office,South,Florida,Miami,Office Supplies,Writing,Glide Gel Pen Pack,2,0.1,34.65,9.71,6.46
895,ORD-10535,2024-09-13,2024-09-18,Standard Class,CUST-0024,Customer 024,Home Office,South,Florida,Miami,Furniture,Chairs,Metro Task Chair,2,0.15,418.55,61.95,11.91
896,ORD-10536,2024-11-01,2024-11-06,Standard Class,CUST-0170,Customer 170,Home Office,Central,Illinois,Chicago,Office Supplies,Art,Studio Marker Set,1,0.1,30.46,6.79,6.41
897,ORD-10537,2024-07-13,2024-07-18,Standard Class,CUST-0186,Customer 186,Home Office,Central,Texas,Houston,Furniture,Chairs,Metro Task Chair,2,0,515.66,142.51,12.19
898,ORD-10538,2025-09-12,2025-09-12,Same Day,CUST-0027,Customer 027,Consumer,West,Washington,Seattle,Office Supplies,Paper,BrightCopy Paper Case,2,0.1,95.38,25.82,11.27
899,ORD-10539,2024-09-27,2024-10-02,Standard Class,CUST-0163,Customer 163,Home Office,West,Washington,Seattle,Office Supplies,Storage,Archive Storage Box Set,2,0.15,72.55,15.17,7.02
900,ORD-10539,2024-09-27,2024-10-02,Standard Class,CUST-0163,Customer 163,Home Office,West,Washington,Seattle,Technology,Accessories,Orbit Wireless Headset,1,0,130.46,47.22,7.57
901,ORD-10539,2024-09-27,2024-10-02,Standard Class,CUST-0163,Customer 163,Home Office,West,Washington,Seattle,Office Supplies,Art,Studio Marker Set,1,0,34.31,10.4,6.41
902,ORD-10540,2023-09-30,2023-10-03,Second Class,CUST-0182,Customer 182,Home Office,East,New York,New York City,Technology,Computers,Vertex 24 Monitor,4,0.15,1102.53,174.11,33.43
903,ORD-10540,2023-09-30,2023-10-03,Second Class,CUST-0182,Customer 182,Home Office,East,New York,New York City,Office Supplies,Paper,BrightCopy Paper Case,3,0.1,147.49,45.01,12.35
904,ORD-10541,2025-06-28,2025-07-03,Standard Class,CUST-0194,Customer 194,Consumer,Central,Minnesota,Minneapolis,Office Supplies,Binders,ProBind Presentation Set,3,0.4,67.55,-3.97,7.35
905,ORD-10542,2025-10-21,2025-10-26,Standard Class,CUST-0111,Customer 111,Corporate,West,California,San Francisco,Office Supplies,Paper,BrightCopy Paper Case,4,0.1,198.51,68.55,8.65
906,ORD-10543,2024-11-19,2024-11-21,First Class,CUST-0067,Customer 067,Corporate,South,Tennessee,Nashville,Office Supplies,Binders,ProBind Presentation Set,3,0,118.17,39.31,11.5
907,ORD-10543,2024-11-19,2024-11-21,First Class,CUST-0067,Customer 067,Corporate,South,Tennessee,Nashville,Technology,Accessories,Orbit Wireless Headset,1,0.4,90.29,-9.09,12.1
908,ORD-10543,2024-11-19,2024-11-21,First Class,CUST-0067,Customer 067,Corporate,South,Tennessee,Nashville,Office Supplies,Art,Studio Marker Set,1,0.4,20.61,-6.85,9.94
909,ORD-10544,2024-02-14,2024-02-19,Standard Class,CUST-0229,Customer 229,Consumer,West,California,San Francisco,Office Supplies,Labels,QuickShip Label Roll,2,0,46.95,18.79,6.56
910,ORD-10545,2024-07-18,2024-07-23,Standard Class,CUST-0011,Customer 011,Consumer,East,New Jersey,Newark,Office Supplies,Paper,BrightCopy Paper Case,1,0,55.85,18.46,6.67
911,ORD-10546,2023-10-05,2023-10-07,First Class,CUST-0177,Customer 177,Corporate,Central,Illinois,Chicago,Technology,Phones,Nova X Smartphone,2,0,1365.25,415.85,34.69
912,ORD-10546,2023-10-05,2023-10-07,First Class,CUST-0177,Customer 177,Corporate,Central,Illinois,Chicago,Office Supplies,Art,Studio Marker Set,2,0.15,51.43,10.14,10.43
913,ORD-10547,2023-07-14,2023-07-17,Second Class,CUST-0146,Customer 146,Home Office,South,Georgia,Atlanta,Office Supplies,Writing,Glide Gel Pen Pack,1,0.2,13.29,-4.29,9.61
914,ORD-10548,2023-02-04,2023-02-06,First Class,CUST-0105,Customer 105,Corporate,Central,Illinois,Chicago,Office Supplies,Storage,Archive Storage Box Set,1,0,39.36,6.11,10.03
915,ORD-10549,2023-03-06,2023-03-11,Standard Class,CUST-0208,Customer 208,Home Office,East,New Jersey,Newark,Office Supplies,Binders,ProBind Presentation Set,1,0.15,29.84,3.41,6.42
916,ORD-10549,2023-03-06,2023-03-11,Standard Class,CUST-0208,Customer 208,Home Office,East,New Jersey,Newark,Office Supplies,Writing,Glide Gel Pen Pack,1,0.1,15.29,0.94,6.2
917,ORD-10549,2023-03-06,2023-03-11,Standard Class,CUST-0208,Customer 208,Home Office,East,New Jersey,Newark,Office Supplies,Writing,Glide Gel Pen Pack,5,0.2,73.56,22.33,7.1
918,ORD-10550,2025-09-19,2025-09-22,Second Class,CUST-0043,Customer 043,Home Office,Central,Texas,Houston,Office Supplies,Art,Studio Marker Set,1,0.2,24.78,-0.9,9.88
919,ORD-10550,2025-09-19,2025-09-22,Second Class,CUST-0043,Customer 043,Home Office,Central,Texas,Houston,Office Supplies,Writing,Glide Gel Pen Pack,2,0,38.31,9.91,10.01
920,ORD-10551,2024-11-06,2024-11-11,Standard Class,CUST-0215,Customer 215,Corporate,East,New Jersey,Newark,Office Supplies,Writing,Glide Gel Pen Pack,3,0.05,54.13,20.1,6.68
921,ORD-10551,2024-11-06,2024-11-11,Standard Class,CUST-0215,Customer 215,Corporate,East,New Jersey,Newark,Technology,Computers,Apex 14 Laptop,4,0.05,4933.11,918.31,68.31
922,ORD-10551,2024-11-06,2024-11-11,Standard Class,CUST-0215,Customer 215,Corporate,East,New Jersey,Newark,Technology,Phones,Pulse Pro Smartphone,3,0.2,2378.37,225.88,41.68
923,ORD-10552,2024-09-27,2024-09-27,Same Day,CUST-0160,Customer 160,Corporate,South,Georgia,Atlanta,Technology,Computers,Vertex 24 Monitor,2,0,673.17,186.86,21.82
924,ORD-10553,2024-02-04,2024-02-07,Second Class,CUST-0195,Customer 195,Consumer,East,Massachusetts,Boston,Technology,Phones,Pulse Pro Smartphone,1,0.1,791.36,141.41,25.65
925,ORD-10553,2024-02-04,2024-02-07,Second Class,CUST-0195,Customer 195,Consumer,East,Massachusetts,Boston,Furniture,Storage,Flex 5-Shelf Bookcase,4,0,1132.2,252.69,30.36
926,ORD-10553,2024-02-04,2024-02-07,Second Class,CUST-0195,Customer 195,Consumer,East,Massachusetts,Boston,Technology,Phones,Pulse Pro Smartphone,2,0,1677.82,446.06,40.51
927,ORD-10554,2024-10-05,2024-10-08,Second Class,CUST-0033,Customer 033,Consumer,East,New Jersey,Newark,Office Supplies,Writing,Glide Gel Pen Pack,2,0.1,33.51,5.65,9.99
928,ORD-10554,2024-10-05,2024-10-08,Second Class,CUST-0033,Customer 033,Consumer,East,New Jersey,Newark,Technology,Computers,Vertex 24 Monitor,4,0,1411.37,401.97,35.55
929,ORD-10554,2024-10-05,2024-10-08,Second Class,CUST-0033,Customer 033,Consumer,East,New Jersey,Newark,Furniture,Chairs,ErgoMesh Office Chair,3,0,1279.65,312.4,33.1
930,ORD-10555,2024-07-15,2024-07-20,Standard Class,CUST-0210,Customer 210,Home Office,East,New York,New York City,Technology,Phones,Pulse Pro Smartphone,4,0.05,3326.74,792.42,48.02
931,ORD-10555,2024-07-15,2024-07-20,Standard Class,CUST-0210,Customer 210,Home Office,East,New York,New York City,Furniture,Storage,Flex 5-Shelf Bookcase,2,0.3,392.22,-40.74,12.72
932,ORD-10556,2025-09-16,2025-09-16,Same Day,CUST-0072,Customer 072,Home Office,South,Georgia,Atlanta,Technology,Accessories,Orbit Wireless Headset,1,0,136.13,45.34,11.83
933,ORD-10557,2023-02-14,2023-02-17,Second Class,CUST-0084,Customer 084,Corporate,Central,Texas,Houston,Office Supplies,Writing,Glide Gel Pen Pack,1,0,16.78,-0.88,9.61
934,ORD-10557,2023-02-14,2023-02-17,Second Class,CUST-0084,Customer 084,Corporate,Central,Texas,Houston,Technology,Phones,Nova X Smartphone,2,0.1,1149.3,260.66,33.05
935,ORD-10558,2025-04-12,2025-04-15,Second Class,CUST-0168,Customer 168,Home Office,West,California,San Francisco,Furniture,Chairs,Metro Task Chair,3,0.15,647.61,90.82,23.47
936,ORD-10558,2025-04-12,2025-04-15,Second Class,CUST-0168,Customer 168,Home Office,West,California,San Francisco,Furniture,Tables,LiftPro Standing Desk,2,0.1,1417.98,-259.19,38.61
937,ORD-10559,2024-07-13,2024-07-16,Second Class,CUST-0129,Customer 129,Corporate,West,Oregon,Portland,Furniture,Chairs,Metro Task Chair,3,0,771.06,207.68,23.64
938,ORD-10560,2024-03-08,2024-03-13,Standard Class,CUST-0069,Customer 069,Corporate,East,New Jersey,Newark,Office Supplies,Labels,QuickShip Label Roll,4,0.1,89.83,36.72,7.2
939,ORD-10560,2024-03-08,2024-03-13,Standard Class,CUST-0069,Customer 069,Corporate,East,New Jersey,Newark,Furniture,Chairs,Metro Task Chair,4,0,1024.8,289.14,18.3
940,ORD-10560,2024-03-08,2024-03-13,Standard Class,CUST-0069,Customer 069,Corporate,East,New Jersey,Newark,Technology,Accessories,Vector USB-C Hub,1,0,78.13,30.56,6.94
941,ORD-10561,2023-08-23,2023-08-28,Standard Class,CUST-0054,Customer 054,Home Office,Central,Texas,Dallas,Office Supplies,Storage,Archive Storage Box Set,4,0.05,166.0,54.8,8.1
942,ORD-10562,2025-09-17,2025-09-22,Standard Class,CUST-0115,Customer 115,Corporate,South,Florida,Miami,Office Supplies,Writing,Glide Gel Pen Pack,2,0.2,29.07,5.19,6.44
943,ORD-10562,2025-09-17,2025-09-22,Standard Class,CUST-0115,Customer 115,Corporate,South,Florida,Miami,Office Supplies,Labels,QuickShip Label Roll,3,0.05,63.05,25.72,6.8
944,ORD-10563,2025-08-13,2025-08-18,Standard Class,CUST-0159,Customer 159,Consumer,South,Georgia,Atlanta,Office Supplies,Art,Studio Marker Set,2,0.15,52.63,14.31,6.74
945,ORD-10563,2025-08-13,2025-08-18,Standard Class,CUST-0159,Customer 159,Consumer,South,Georgia,Atlanta,Office Supplies,Writing,Glide Gel Pen Pack,2,0.15,31.06,7.08,6.44
946,ORD-10564,2025-10-14,2025-10-19,Standard Class,CUST-0065,Customer 065,Consumer,East,Pennsylvania,Philadelphia,Office Supplies,Paper,BrightCopy Paper Case,1,0,52.43,16.96,6.63
947,ORD-10565,2025-01-01,2025-01-04,Second Class,CUST-0212,Customer 212,Consumer,West,California,San Francisco,Technology,Phones,Nova X Smartphone,4,0,2746.55,845.97,60.39
948,ORD-10566,2024-08-26,2024-08-28,First Class,CUST-0238,Customer 238,Home Office,South,North Carolina,Charlotte,Technology,Accessories,Orbit Wireless Headset,3,0.1,324.17,99.26,16.0
949,ORD-10567,2025-06-17,2025-06-22,Standard Class,CUST-0024,Customer 024,Home Office,Central,Texas,Dallas,Office Supplies,Writing,Glide Gel Pen Pack,3,0.15,44.14,12.59,6.62
950,ORD-10567,2025-06-17,2025-06-22,Standard Class,CUST-0024,Customer 024,Home Office,Central,Texas,Dallas,Office Supplies,Writing,Glide Gel Pen Pack,2,0,36.25,12.41,6.44
951,ORD-10568,2023-01-28,2023-02-02,Standard Class,CUST-0142,Customer 142,Home Office,Central,Texas,Dallas,Office Supplies,Storage,Archive Storage Box Set,1,0.2,29.87,1.39,6.45
952,ORD-10569,2023-04-08,2023-04-13,Standard Class,CUST-0144,Customer 144,Corporate,East,New York,New York City,Furniture,Chairs,Metro Task Chair,1,0.15,199.86,26.45,8.82
953,ORD-10570,2025-05-27,2025-06-01,Standard Class,CUST-0117,Customer 117,Corporate,East,New Jersey,Newark,Furniture,Chairs,ErgoMesh Office Chair,2,0.15,716.65,85.05,16.12
954,ORD-10570,2025-05-27,2025-06-01,Standard Class,CUST-0117,Customer 117,Corporate,East,New Jersey,Newark,Technology,Accessories,Vector USB-C Hub,2,0.15,133.69,44.01,7.89
955,ORD-10570,2025-05-27,2025-06-01,Standard Class,CUST-0117,Customer 117,Corporate,East,New Jersey,Newark,Technology,Accessories,Vector USB-C Hub,1,0.05,80.92,29.61,7.02
956,ORD-10571,2024-02-19,2024-02-24,Standard Class,CUST-0085,Customer 085,Home Office,East,Massachusetts,Boston,Office Supplies,Binders,ProBind Presentation Set,2,0,73.44,24.7,6.88
957,ORD-10572,2025-09-25,2025-09-30,Standard Class,CUST-0040,Customer 040,Home Office,Central,Illinois,Chicago,Technology,Phones,Nova X Smartphone,1,0.05,675.28,184.5,14.53
958,ORD-10572,2025-09-25,2025-09-30,Standard Class,CUST-0040,Customer 040,Home Office,Central,Illinois,Chicago,Furniture,Tables,LiftPro Standing Desk,1,0,813.65,-48.31,15.76
959,ORD-10572,2025-09-25,2025-09-30,Standard Class,CUST-0040,Customer 040,Home Office,Central,Illinois,Chicago,Office Supplies,Labels,QuickShip Label Roll,1,0,23.9,6.61,6.29
960,ORD-10573,2025-01-28,2025-02-02,Standard Class,CUST-0230,Customer 230,Corporate,West,Oregon,Portland,Technology,Accessories,Orbit Wireless Headset,3,0.1,322.31,104.3,10.3
961,ORD-10574,2025-12-27,2026-01-01,Standard Class,CUST-0228,Customer 228,Corporate,Central,Minnesota,Minneapolis,Furniture,Chairs,Metro Task Chair,3,0,798.62,224.01,15.58
962,ORD-10575,2023-04-22,2023-04-25,Second Class,CUST-0239,Customer 239,Home Office,West,California,Los Angeles,Furniture,Chairs,Metro Task Chair,3,0.05,680.44,156.44,22.62
963,ORD-10576,2023-12-13,2023-12-18,Standard Class,CUST-0047,Customer 047,Corporate,Central,Minnesota,Minneapolis,Furniture,Storage,Compact File Cabinet,2,0,400.87,117.47,10.81
964,ORD-10576,2023-12-13,2023-12-18,Standard Class,CUST-0047,Customer 047,Corporate,Central,Minnesota,Minneapolis,Technology,Computers,Vertex 24 Monitor,4,0,1405.84,412.94,22.87
965,ORD-10577,2025-06-18,2025-06-23,Standard Class,CUST-0112,Customer 112,Home Office,West,California,Los Angeles,Office Supplies,Storage,Archive Storage Box Set,1,0,39.38,9.67,6.47
966,ORD-10577,2025-06-18,2025-06-23,Standard Class,CUST-0112,Customer 112,Home Office,West,California,Los Angeles,Office Supplies,Binders,ProBind Presentation Set,1,0.15,30.8,3.72,6.43
967,ORD-10578,2024-08-01,2024-08-06,Standard Class,CUST-0039,Customer 039,Consumer,West,Oregon,Portland,Office Supplies,Paper,BrightCopy Paper Case,2,0,101.9,38.63,7.22
968,ORD-10578,2024-08-01,2024-08-06,Standard Class,CUST-0039,Customer 039,Consumer,West,Oregon,Portland,Office Supplies,Writing,Glide Gel Pen Pack,3,0,50.37,19.59,6.6
969,ORD-10579,2024-08-03,2024-08-06,Second Class,CUST-0095,Customer 095,Consumer,Central,Texas,Houston,Furniture,Chairs,ErgoMesh Office Chair,2,0.05,766.38,153.18,24.3
970,ORD-10580,2024-07-02,2024-07-07,Standard Class,CUST-0124,Customer 124,Home Office,East,New Jersey,Newark,Office Supplies,Art,Studio Marker Set,4,0,137.59,59.77,7.65
971,ORD-10581,2024-05-03,2024-05-06,Second Class,CUST-0231,Customer 231,Corporate,East,New Jersey,Newark,Office Supplies,Binders,ProBind Presentation Set,1,0.15,31.19,0.29,9.98
972,ORD-10582,2024-10-19,2024-10-24,Standard Class,CUST-0206,Customer 206,Corporate,East,Massachusetts,Boston,Technology,Computers,Vertex 24 Monitor,2,0,645.09,186.24,13.74
973,ORD-10583,2023-07-03,2023-07-06,Second Class,CUST-0142,Customer 142,Home Office,South,Georgia,Atlanta,Office Supplies,Storage,Archive Storage Box Set,3,0,126.01,40.02,11.64
974,ORD-10583,2023-07-03,2023-07-06,Second Class,CUST-0142,Customer 142,Home Office,South,Georgia,Atlanta,Office Supplies,Storage,Archive Storage Box Set,5,0.15,172.93,39.82,13.08
975,ORD-10584,2024-06-05,2024-06-10,Standard Class,CUST-0058,Customer 058,Consumer,Central,Texas,Houston,Office Supplies,Binders,ProBind Presentation Set,3,0.05,107.87,35.79,7.36
976,ORD-10585,2025-02-02,2025-02-07,Standard Class,CUST-0062,Customer 062,Home Office,Central,Texas,Houston,Furniture,Storage,Flex 5-Shelf Bookcase,3,0,830.29,191.61,15.96
977,ORD-10586,2025-07-24,2025-07-27,Second Class,CUST-0089,Customer 089,Consumer,West,Washington,Seattle,Technology,Accessories,Orbit Wireless Headset,1,0,134.15,44.54,11.8
978,ORD-10587,2023-10-22,2023-10-27,Standard Class,CUST-0237,Customer 237,Consumer,Central,Texas,Dallas,Technology,Accessories,Orbit Wireless Headset,3,0.15,310.79,88.33,10.39
979,ORD-10587,2023-10-22,2023-10-27,Standard Class,CUST-0237,Customer 237,Consumer,Central,Texas,Dallas,Office Supplies,Art,Studio Marker Set,2,0.4,40.34,-0.76,6.81
980,ORD-10588,2023-03-30,2023-04-04,Standard Class,CUST-0240,Customer 240,Consumer,West,Washington,Seattle,Technology,Accessories,Vector USB-C Hub,2,0,167.9,72.58,8.01
981,ORD-10588,2023-03-30,2023-04-04,Standard Class,CUST-0240,Customer 240,Consumer,West,Washington,Seattle,Office Supplies,Art,Studio Marker Set,2,0.15,53.27,14.56,6.75
982,ORD-10589,2023-04-10,2023-04-15,Standard Class,CUST-0063,Customer 063,Home Office,West,Oregon,Portland,Technology,Computers,Vertex 24 Monitor,4,0,1315.49,386.01,21.79
983,ORD-10590,2024-09-25,2024-09-27,First Class,CUST-0127,Customer 127,Corporate,West,California,Los Angeles,Technology,Accessories,Orbit Wireless Headset,2,0.1,222.32,65.16,13.89
984,ORD-10591,2025-09-11,2025-09-14,Second Class,CUST-0024,Customer 024,Home Office,East,Pennsylvania,Philadelphia,Furniture,Chairs,ErgoMesh Office Chair,2,0.15,737.15,78.64,25.43
985,ORD-10591,2025-09-11,2025-09-14,Second Class,CUST-0024,Customer 024,Home Office,East,Pennsylvania,Philadelphia,Furniture,Chairs,ErgoMesh Office Chair,4,0.1,1663.54,270.55,43.68
986,ORD-10591,2025-09-11,2025-09-14,Second Class,CUST-0024,Customer 024,Home Office,East,Pennsylvania,Philadelphia,Technology,Accessories,Orbit Wireless Headset,2,0.3,183.72,17.32,14.18
987,ORD-10592,2024-05-26,2024-05-31,Standard Class,CUST-0073,Customer 073,Corporate,East,New Jersey,Newark,Office Supplies,Art,Studio Marker Set,2,0,59.17,22.28,6.71
988,ORD-10592,2024-05-26,2024-05-31,Standard Class,CUST-0073,Customer 073,Corporate,East,New Jersey,Newark,Technology,Computers,Vertex 24 Monitor,2,0.15,525.83,85.56,13.42
989,ORD-10593,2023-02-20,2023-02-22,First Class,CUST-0155,Customer 155,Corporate,West,Washington,Seattle,Technology,Computers,Apex 14 Laptop,2,0,2138.35,464.13,49.07
990,ORD-10594,2023-01-08,2023-01-10,First Class,CUST-0054,Customer 054,Home Office,East,Massachusetts,Boston,Technology,Accessories,Orbit Wireless Headset,4,0.15,427.76,117.22,18.66
991,ORD-10594,2023-01-08,2023-01-10,First Class,CUST-0054,Customer 054,Home Office,East,Massachusetts,Boston,Office Supplies,Labels,QuickShip Label Roll,3,0.3,50.06,6.54,10.63
992,ORD-10594,2023-01-08,2023-01-10,First Class,CUST-0054,Customer 054,Home Office,East,Massachusetts,Boston,Technology,Phones,Pulse Pro Smartphone,3,0,2632.3,705.11,58.26
993,ORD-10595,2025-09-25,2025-09-28,Second Class,CUST-0008,Customer 008,Corporate,South,Tennessee,Nashville,Technology,Accessories,Vector USB-C Hub,2,0.05,139.17,50.97,12.02
994,ORD-10595,2025-09-25,2025-09-28,Second Class,CUST-0008,Customer 008,Corporate,South,Tennessee,Nashville,Technology,Accessories,Vector USB-C Hub,2,0.05,157.24,58.79,12.38
995,ORD-10595,2025-09-25,2025-09-28,Second Class,CUST-0008,Customer 008,Corporate,South,Tennessee,Nashville,Technology,Accessories,Vector USB-C Hub,2,0.2,120.88,30.2,12.11
996,ORD-10595,2025-09-25,2025-09-28,Second Class,CUST-0008,Customer 008,Corporate,South,Tennessee,Nashville,Technology,Accessories,Orbit Wireless Headset,1,0,123.08,40.1,11.59
997,ORD-10596,2024-09-20,2024-09-25,Standard Class,CUST-0025,Customer 025,Consumer,East,New Jersey,Newark,Office Supplies,Art,Studio Marker Set,2,0.1,59.94,19.17,6.8
998,ORD-10596,2024-09-20,2024-09-25,Standard Class,CUST-0025,Customer 025,Consumer,East,New Jersey,Newark,Office Supplies,Writing,Glide Gel Pen Pack,2,0.3,25.52,1.58,6.44
999,ORD-10596,2024-09-20,2024-09-25,Standard Class,CUST-0025,Customer 025,Consumer,East,New Jersey,Newark,Technology,Phones,Pulse Pro Smartphone,1,0.05,840.22,195.66,16.61
1000,ORD-10597,2025-04-14,2025-04-17,Second Class,CUST-0209,Customer 209,Consumer,West,Oregon,Portland,Office Supplies,Paper,BrightCopy Paper Case,4,0,229.42,89.67,13.57
1001,ORD-10597,2025-04-14,2025-04-17,Second Class,CUST-0209,Customer 209,Consumer,West,Oregon,Portland,Office Supplies,Paper,BrightCopy Paper Case,3,0.1,155.39,47.92,12.51
1002,ORD-10598,2025-04-27,2025-04-29,First Class,CUST-0234,Customer 234,Home Office,West,California,Los Angeles,Office Supplies,Art,Studio Marker Set,5,0,168.32,70.04,12.43
1003,ORD-10598,2025-04-27,2025-04-29,First Class,CUST-0234,Customer 234,Home Office,West,California,Los Angeles,Office Supplies,Paper,BrightCopy Paper Case,2,0.15,85.99,19.17,11.18
1004,ORD-10599,2024-03-22,2024-03-25,Second Class,CUST-0186,Customer 186,Home Office,West,California,San Francisco,Office Supplies,Binders,ProBind Presentation Set,2,0.15,61.37,9.58,10.64
1005,ORD-10599,2024-03-22,2024-03-25,Second Class,CUST-0186,Customer 186,Home Office,West,California,San Francisco,Furniture,Chairs,Metro Task Chair,2,0.2,403.09,31.72,18.67
1006,ORD-10599,2024-03-22,2024-03-25,Second Class,CUST-0186,Customer 186,Home Office,West,California,San Francisco,Office Supplies,Binders,ProBind Presentation Set,5,0.4,123.06,-6.95,13.11
1007,ORD-10599,2024-03-22,2024-03-25,Second Class,CUST-0186,Customer 186,Home Office,West,California,San Francisco,Furniture,Storage,Flex 5-Shelf Bookcase,2,0,582.06,125.38,20.13
1008,ORD-10600,2023-09-28,2023-10-03,Standard Class,CUST-0169,Customer 169,Home Office,East,New Jersey,Newark,Office Supplies,Storage,Archive Storage Box Set,1,0.1,35.92,5.89,6.48
1009,ORD-10600,2023-09-28,2023-10-03,Standard Class,CUST-0169,Customer 169,Home Office,East,New Jersey,Newark,Office Supplies,Writing,Glide Gel Pen Pack,2,0.15,29.71,6.51,6.42
1010,ORD-10600,2023-09-28,2023-10-03,Standard Class,CUST-0169,Customer 169,Home Office,East,New Jersey,Newark,Furniture,Storage,Compact File Cabinet,1,0,189.84,52.47,8.28
1011,ORD-10601,2025-05-24,2025-05-29,Standard Class,CUST-0210,Customer 210,Home Office,East,Massachusetts,Boston,Technology,Accessories,Vector USB-C Hub,1,0.15,65.82,18.62,6.93
1012,ORD-10601,2025-05-24,2025-05-29,Standard Class,CUST-0210,Customer 210,Home Office,East,Massachusetts,Boston,Technology,Accessories,Orbit Wireless Headset,4,0.1,434.76,142.78,11.8
1013,ORD-10602,2023-09-10,2023-09-13,Second Class,CUST-0045,Customer 045,Consumer,South,Florida,Miami,Office Supplies,Writing,Glide Gel Pen Pack,1,0.15,15.82,-2.76,9.65
1014,ORD-10602,2023-09-10,2023-09-13,Second Class,CUST-0045,Customer 045,Consumer,South,Florida,Miami,Office Supplies,Binders,ProBind Presentation Set,2,0.05,68.92,16.92,10.65
1015,ORD-10603,2025-01-15,2025-01-18,Second Class,CUST-0237,Customer 237,Consumer,Central,Illinois,Chicago,Office Supplies,Art,Studio Marker Set,1,0,30.22,4.95,9.86
1016,ORD-10603,2025-01-15,2025-01-18,Second Class,CUST-0237,Customer 237,Consumer,Central,Illinois,Chicago,Office Supplies,Labels,QuickShip Label Roll,1,0.1,20.38,0.24,9.72
1017,ORD-10604,2024-07-13,2024-07-16,Second Class,CUST-0128,Customer 128,Home Office,West,California,Los Angeles,Technology,Accessories,Orbit Wireless Headset,1,0.1,122.01,31.56,11.82
1018,ORD-10604,2024-07-13,2024-07-16,Second Class,CUST-0128,Customer 128,Home Office,West,California,Los Angeles,Technology,Accessories,Orbit Wireless Headset,1,0.05,112.9,32.46,11.51
1019,ORD-10604,2024-07-13,2024-07-16,Second Class,CUST-0128,Customer 128,Home Office,West,California,Los Angeles,Office Supplies,Paper,BrightCopy Paper Case,1,0.05,49.1,10.41,10.26
1020,ORD-10604,2024-07-13,2024-07-16,Second Class,CUST-0128,Customer 128,Home Office,West,California,Los Angeles,Technology,Computers,Vertex 24 Monitor,1,0.05,316.28,71.07,15.49
1021,ORD-10605,2024-09-15,2024-09-17,First Class,CUST-0191,Customer 191,Home Office,Central,Texas,Dallas,Technology,Computers,Apex 14 Laptop,1,0,1274.91,272.97,33.01
1022,ORD-10606,2023-08-31,2023-09-03,Second Class,CUST-0076,Customer 076,Corporate,Central,Illinois,Chicago,Furniture,Chairs,ErgoMesh Office Chair,4,0,1729.05,425.38,41.46
1023,ORD-10606,2023-08-31,2023-09-03,Second Class,CUST-0076,Customer 076,Corporate,Central,Illinois,Chicago,Technology,Computers,Vertex 24 Monitor,2,0.05,612.35,146.3,21.29
1024,ORD-10607,2025-12-03,2025-12-08,Standard Class,CUST-0164,Customer 164,Corporate,South,Georgia,Atlanta,Office Supplies,Art,Studio Marker Set,1,0.1,31.67,7.3,6.42
1025,ORD-10608,2025-12-08,2025-12-10,First Class,CUST-0156,Customer 156,Consumer,West,California,San Francisco,Technology,Phones,Pulse Pro Smartphone,1,0,990.65,259.56,27.73
1026,ORD-10608,2025-12-08,2025-12-10,First Class,CUST-0156,Customer 156,Consumer,West,California,San Francisco,Office Supplies,Art,Studio Marker Set,1,0,33.26,6.38,9.92
1027,ORD-10609,2025-01-20,2025-01-25,Standard Class,CUST-0117,Customer 117,Corporate,South,Florida,Miami,Office Supplies,Binders,ProBind Presentation Set,2,0.1,66.74,17.58,6.89
1028,ORD-10609,2025-01-20,2025-01-25,Standard Class,CUST-0117,Customer 117,Corporate,South,Florida,Miami,Office Supplies,Binders,ProBind Presentation Set,3,0.3,80.4,7.55,7.38
1029,ORD-10610,2024-12-07,2024-12-12,Standard Class,CUST-0182,Customer 182,Home Office,South,Georgia,Atlanta,Technology,Accessories,Vector USB-C Hub,2,0.05,178.41,72.51,8.25
1030,ORD-10611,2023-04-08,2023-04-13,Standard Class,CUST-0020,Customer 020,Consumer,South,Georgia,Atlanta,Technology,Phones,Nova X Smartphone,2,0.3,954.98,18.55,22.37
1031,ORD-10612,2023-12-29,2024-01-01,Second Class,CUST-0170,Customer 170,Home Office,West,California,San Francisco,Office Supplies,Paper,BrightCopy Paper Case,1,0.3,42.63,-1.3,10.43
1032,ORD-10613,2024-02-26,2024-03-02,Standard Class,CUST-0167,Customer 167,Corporate,South,North Carolina,Charlotte,Furniture,Chairs,ErgoMesh Office Chair,1,0.15,338.49,37.01,10.78
1033,ORD-10614,2023-09-05,2023-09-10,Standard Class,CUST-0106,Customer 106,Consumer,West,Washington,Seattle,Furniture,Chairs,Metro Task Chair,1,0.05,228.88,51.34,8.89
1034,ORD-10615,2025-02-02,2025-02-07,Standard Class,CUST-0136,Customer 136,Home Office,Central,Texas,Dallas,Technology,Accessories,Orbit Wireless Headset,2,0.1,232.06,73.42,9.09
1035,ORD-10615,2025-02-02,2025-02-07,Standard Class,CUST-0136,Customer 136,Home Office,Central,Texas,Dallas,Office Supplies,Labels,QuickShip Label Roll,3,0.15,61.23,21.23,6.86
1036,ORD-10616,2025-02-06,2025-02-11,Standard Class,CUST-0043,Customer 043,Home Office,West,California,Los Angeles,Office Supplies,Binders,ProBind Presentation Set,3,0.2,85.89,17.4,7.29
1037,ORD-10616,2025-02-06,2025-02-11,Standard Class,CUST-0043,Customer 043,Home Office,West,California,Los Angeles,Office Supplies,Paper,BrightCopy Paper Case,1,0.05,45.04,12.4,6.57
1038,ORD-10617,2025-01-29,2025-02-03,Standard Class,CUST-0003,Customer 003,Corporate,Central,Illinois,Chicago,Technology,Accessories,Vector USB-C Hub,1,0.1,68.66,22.07,6.92
1039,ORD-10618,2023-11-11,2023-11-16,Standard Class,CUST-0131,Customer 131,Consumer,West,California,Los Angeles,Technology,Accessories,Vector USB-C Hub,1,0.05,90.67,33.89,7.15
1040,ORD-10619,2023-10-13,2023-10-18,Standard Class,CUST-0067,Customer 067,Corporate,South,Tennessee,Nashville,Furniture,Chairs,Metro Task Chair,1,0.4,133.03,-30.84,8.66
1041,ORD-10620,2024-12-28,2025-01-02,Standard Class,CUST-0231,Customer 231,Corporate,South,Tennessee,Nashville,Technology,Accessories,Orbit Wireless Headset,3,0.15,362.26,103.96,11.11
1042,ORD-10620,2024-12-28,2025-01-02,Standard Class,CUST-0231,Customer 231,Corporate,South,Tennessee,Nashville,Technology,Accessories,Orbit Wireless Headset,2,0.2,236.52,55.49,9.55
1043,ORD-10621,2024-05-13,2024-05-16,Second Class,CUST-0190,Customer 190,Consumer,East,New York,New York City,Technology,Accessories,Orbit Wireless Headset,3,0.1,328.41,100.68,16.09
1044,ORD-10621,2024-05-13,2024-05-16,Second Class,CUST-0190,Customer 190,Consumer,East,New York,New York City,Office Supplies,Binders,ProBind Presentation Set,1,0,40.39,7.32,10.05
1045,ORD-10622,2025-09-07,2025-09-12,Standard Class,CUST-0092,Customer 092,Corporate,West,California,Los Angeles,Office Supplies,Paper,BrightCopy Paper Case,1,0.05,49.12,14.06,6.62
1046,ORD-10622,2025-09-07,2025-09-12,Standard Class,CUST-0092,Customer 092,Corporate,West,California,Los Angeles,Technology,Phones,Nova X Smartphone,4,0,2923.28,923.6,41.08
1047,ORD-10623,2025-06-18,2025-06-21,Second Class,CUST-0191,Customer 191,Home Office,Central,Illinois,Chicago,Office Supplies,Labels,QuickShip Label Roll,3,0.2,56.9,13.56,10.62
1048,ORD-10623,2025-06-18,2025-06-21,Second Class,CUST-0191,Customer 191,Home Office,Central,Illinois,Chicago,Technology,Phones,Pulse Pro Smartphone,2,0.2,1418.89,117.33,42.29
1049,ORD-10623,2025-06-18,2025-06-21,Second Class,CUST-0191,Customer 191,Home Office,Central,Illinois,Chicago,Furniture,Chairs,ErgoMesh Office Chair,2,0.2,710.92,36.37,25.83
1050,ORD-10624,2024-03-28,2024-03-30,First Class,CUST-0104,Customer 104,Consumer,West,Washington,Seattle,Furniture,Storage,Flex 5-Shelf Bookcase,3,0.15,705.9,58.3,24.75
1051,ORD-10625,2025-04-08,2025-04-13,Standard Class,CUST-0179,Customer 179,Home Office,West,Washington,Seattle,Furniture,Chairs,ErgoMesh Office Chair,1,0.4,260.49,-67.65,11.21
1052,ORD-10626,2025-08-17,2025-08-20,Second Class,CUST-0159,Customer 159,Consumer,West,Oregon,Portland,Technology,Accessories,Orbit Wireless Headset,1,0.05,122.48,36.0,11.7
1053,ORD-10627,2024-11-04,2024-11-07,Second Class,CUST-0091,Customer 091,Consumer,Central,Texas,Houston,Technology,Phones,Pulse Pro Smartphone,1,0.05,911.33,203.09,27.14
1054,ORD-10627,2024-11-04,2024-11-07,Second Class,CUST-0091,Customer 091,Consumer,Central,Texas,Houston,Office Supplies,Labels,QuickShip Label Roll,4,0,99.99,42.83,11.16
1055,ORD-10628,2024-11-15,2024-11-18,Second Class,CUST-0076,Customer 076,Corporate,East,Pennsylvania,Philadelphia,Office Supplies,Binders,ProBind Presentation Set,3,0,117.71,39.13,11.49
1056,ORD-10629,2023-06-27,2023-06-30,Second Class,CUST-0139,Customer 139,Corporate,Central,Texas,Dallas,Technology,Phones,Pulse Pro Smartphone,2,0.4,1131.96,-251.92,44.39
1057,ORD-10630,2023-04-26,2023-04-28,First Class,CUST-0178,Customer 178,Corporate,South,Georgia,Atlanta,Furniture,Storage,Compact File Cabinet,2,0.3,253.79,-8.79,16.04
1058,ORD-10631,2023-06-28,2023-07-03,Standard Class,CUST-0024,Customer 024,Home Office,South,Florida,Miami,Office Supplies,Paper,BrightCopy Paper Case,2,0.1,101.07,31.96,7.35
1059,ORD-10631,2023-06-28,2023-07-03,Standard Class,CUST-0024,Customer 024,Home Office,South,Florida,Miami,Furniture,Chairs,Metro Task Chair,2,0,461.39,126.88,11.54
1060,ORD-10632,2024-01-29,2024-02-01,Second Class,CUST-0203,Customer 203,Home Office,South,North Carolina,Charlotte,Office Supplies,Binders,ProBind Presentation Set,4,0.05,131.31,40.66,11.87
1061,ORD-10632,2024-01-29,2024-02-01,Second Class,CUST-0203,Customer 203,Home Office,South,North Carolina,Charlotte,Office Supplies,Art,Studio Marker Set,1,0.3,20.37,-4.31,9.84
1062,ORD-10633,2025-08-31,2025-09-05,Standard Class,CUST-0183,Customer 183,Home Office,East,Pennsylvania,Philadelphia,Office Supplies,Paper,BrightCopy Paper Case,2,0.15,87.79,23.74,7.24
1063,ORD-10634,2025-09-29,2025-10-04,Standard Class,CUST-0074,Customer 074,Consumer,West,California,San Francisco,Furniture,Tables,LiftPro Standing Desk,1,0.3,551.4,-283.27,15.45
1064,ORD-10635,2023-07-26,2023-07-28,First Class,CUST-0236,Customer 236,Consumer,West,California,Los Angeles,Technology,Accessories,Orbit Wireless Headset,4,0.3,361.62,43.09,18.91
1065,ORD-10635,2023-07-26,2023-07-28,First Class,CUST-0236,Customer 236,Consumer,West,California,Los Angeles,Technology,Accessories,Orbit Wireless Headset,2,0.2,206.32,42.64,14.1
1066,ORD-10636,2025-08-10,2025-08-13,Second Class,CUST-0226,Customer 226,Corporate,South,Tennessee,Nashville,Office Supplies,Storage,Archive Storage Box Set,2,0,82.42,22.96,10.83
1067,ORD-10636,2025-08-10,2025-08-13,Second Class,CUST-0226,Customer 226,Corporate,South,Tennessee,Nashville,Technology,Accessories,Orbit Wireless Headset,2,0.15,236.13,60.54,14.47
1068,ORD-10637,2025-05-17,2025-05-20,Second Class,CUST-0050,Customer 050,Consumer,West,Washington,Seattle,Furniture,Chairs,ErgoMesh Office Chair,2,0.1,812.92,127.45,26.1
1069,ORD-10638,2025-08-03,2025-08-05,First Class,CUST-0054,Customer 054,Home Office,East,New York,New York City,Office Supplies,Storage,Archive Storage Box Set,3,0.05,116.75,32.65,11.59
1070,ORD-10639,2024-07-20,2024-07-23,Second Class,CUST-0148,Customer 148,Home Office,West,California,Los Angeles,Office Supplies,Binders,ProBind Presentation Set,1,0.15,32.01,0.54,10.0
1071,ORD-10640,2025-03-10,2025-03-15,Standard Class,CUST-0145,Customer 145,Home Office,Central,Illinois,Chicago,Office Supplies,Binders,ProBind Presentation Set,3,0,105.63,38.15,7.27
1072,ORD-10640,2025-03-10,2025-03-15,Standard Class,CUST-0145,Customer 145,Home Office,Central,Illinois,Chicago,Office Supplies,Art,Studio Marker Set,4,0.05,118.72,47.49,7.5
1073,ORD-10640,2025-03-10,2025-03-15,Standard Class,CUST-0145,Customer 145,Home Office,Central,Illinois,Chicago,Office Supplies,Binders,ProBind Presentation Set,5,0.1,161.51,51.07,8.15
1074,ORD-10640,2025-03-10,2025-03-15,Standard Class,CUST-0145,Customer 145,Home Office,Central,Illinois,Chicago,Office Supplies,Paper,BrightCopy Paper Case,2,0,104.77,39.89,7.26
1075,ORD-10641,2023-06-20,2023-06-22,First Class,CUST-0180,Customer 180,Consumer,East,New York,New York City,Furniture,Storage,Compact File Cabinet,1,0.3,135.99,-9.03,12.91
1076,ORD-10641,2023-06-20,2023-06-22,First Class,CUST-0180,Customer 180,Consumer,East,New York,New York City,Furniture,Chairs,ErgoMesh Office Chair,1,0.15,341.0,31.38,16.76
1077,ORD-10642,2025-05-26,2025-05-31,Standard Class,CUST-0027,Customer 027,Consumer,West,California,Los Angeles,Furniture,Storage,Flex 5-Shelf Bookcase,3,0,817.44,188.55,15.81
1078,ORD-10643,2023-04-12,2023-04-17,Standard Class,CUST-0100,Customer 100,Corporate,East,New York,New York City,Furniture,Chairs,Metro Task Chair,3,0,737.33,206.35,14.85
1079,ORD-10643,2023-04-12,2023-04-17,Standard Class,CUST-0100,Customer 100,Corporate,East,New York,New York City,Office Supplies,Paper,BrightCopy Paper Case,2,0.3,81.23,10.02,7.39
1080,ORD-10643,2023-04-12,2023-04-17,Standard Class,CUST-0100,Customer 100,Corporate,East,New York,New York City,Technology,Phones,Nova X Smartphone,2,0,1437.87,451.25,23.25
1081,ORD-10643,2023-04-12,2023-04-17,Standard Class,CUST-0100,Customer 100,Corporate,East,New York,New York City,Technology,Phones,Pulse Pro Smartphone,3,0.05,2667.64,634.23,39.7
1082,ORD-10644,2023-09-10,2023-09-15,Standard Class,CUST-0093,Customer 093,Home Office,Central,Texas,Houston,Furniture,Tables,Oakline Writing Desk,1,0,571.99,-18.58,12.86
1083,ORD-10645,2025-02-23,2025-02-28,Standard Class,CUST-0119,Customer 119,Home Office,West,California,Los Angeles,Technology,Phones,Nova X Smartphone,2,0.2,967.75,136.74,20.52
1084,ORD-10645,2025-02-23,2025-02-28,Standard Class,CUST-0119,Customer 119,Home Office,West,California,Los Angeles,Office Supplies,Storage,Archive Storage Box Set,3,0,116.93,40.54,7.4
1085,ORD-10645,2025-02-23,2025-02-28,Standard Class,CUST-0119,Customer 119,Home Office,West,California,Los Angeles,Technology,Accessories,Orbit Wireless Headset,1,0.15,98.4,23.87,7.39
1086,ORD-10645,2025-02-23,2025-02-28,Standard Class,CUST-0119,Customer 119,Home Office,West,California,Los Angeles,Office Supplies,Paper,BrightCopy Paper Case,2,0.1,85.6,26.15,7.14
1087,ORD-10646,2023-09-24,2023-09-29,Standard Class,CUST-0076,Customer 076,Corporate,West,California,San Francisco,Furniture,Tables,Oakline Writing Desk,4,0.4,1390.06,-983.68,33.8
1088,ORD-10646,2023-09-24,2023-09-29,Standard Class,CUST-0076,Customer 076,Corporate,West,California,San Francisco,Office Supplies,Paper,BrightCopy Paper Case,3,0.05,152.52,56.29,7.93
1089,ORD-10647,2024-09-16,2024-09-19,Second Class,CUST-0200,Customer 200,Corporate,Central,Minnesota,Minneapolis,Office Supplies,Writing,Glide Gel Pen Pack,5,0.1,80.02,26.39,10.95
1090,ORD-10647,2024-09-16,2024-09-19,Second Class,CUST-0200,Customer 200,Corporate,Central,Minnesota,Minneapolis,Technology,Accessories,Orbit Wireless Headset,4,0,557.27,214.39,19.67
1091,ORD-10648,2025-11-25,2025-11-30,Standard Class,CUST-0233,Customer 233,Home Office,East,Pennsylvania,Philadelphia,Office Supplies,Storage,Archive Storage Box Set,1,0,47.59,12.94,6.57
1092,ORD-10649,2024-04-28,2024-05-03,Standard Class,CUST-0120,Customer 120,Home Office,West,Oregon,Portland,Office Supplies,Storage,Archive Storage Box Set,1,0,43.66,11.38,6.52
1093,ORD-10649,2024-04-28,2024-05-03,Standard Class,CUST-0120,Customer 120,Home Office,West,Oregon,Portland,Furniture,Chairs,Metro Task Chair,1,0,252.47,66.71,9.03
1094,ORD-10649,2024-04-28,2024-05-03,Standard Class,CUST-0120,Customer 120,Home Office,West,Oregon,Portland,Office Supplies,Storage,Archive Storage Box Set,4,0.2,129.87,26.14,7.95
1095,ORD-10649,2024-04-28,2024-05-03,Standard Class,CUST-0120,Customer 120,Home Office,West,Oregon,Portland,Furniture,Chairs,ErgoMesh Office Chair,2,0.1,752.26,126.06,16.03
1096,ORD-10650,2023-01-04,2023-01-09,Standard Class,CUST-0160,Customer 160,Corporate,West,California,Los Angeles,Office Supplies,Paper,BrightCopy Paper Case,3,0,147.0,58.39,7.76
1097,ORD-10651,2025-10-07,2025-10-10,Second Class,CUST-0008,Customer 008,Corporate,South,Tennessee,Nashville,Office Supplies,Writing,Glide Gel Pen Pack,5,0.05,84.44,30.83,10.95
1098,ORD-10651,2025-10-07,2025-10-10,Second Class,CUST-0008,Customer 008,Corporate,South,Tennessee,Nashville,Technology,Phones,Nova X Smartphone,2,0,1361.82,414.77,34.63
1099,ORD-10652,2024-09-29,2024-10-04,Standard Class,CUST-0180,Customer 180,Consumer,West,Washington,Seattle,Furniture,Tables,LiftPro Standing Desk,3,0,2569.51,-139.61,36.83
1100,ORD-10652,2024-09-29,2024-10-04,Standard Class,CUST-0180,Customer 180,Consumer,West,Washington,Seattle,Office Supplies,Writing,Glide Gel Pen Pack,2,0.2,29.15,5.22,6.44
1101,ORD-10653,2025-01-21,2025-01-26,Standard Class,CUST-0156,Customer 156,Consumer,East,Massachusetts,Boston,Office Supplies,Storage,Archive Storage Box Set,2,0,76.78,24.56,6.92
1102,ORD-10654,2024-03-16,2024-03-18,First Class,CUST-0056,Customer 056,Consumer,Central,Texas,Houston,Office Supplies,Binders,ProBind Presentation Set,1,0.15,32.21,0.61,10.0
1103,ORD-10654,2024-03-16,2024-03-18,First Class,CUST-0056,Customer 056,Consumer,Central,Texas,Houston,Office Supplies,Binders,ProBind Presentation Set,5,0.1,167.18,48.54,12.76
1104,ORD-10655,2023-10-18,2023-10-23,Standard Class,CUST-0214,Customer 214,Consumer,Central,Minnesota,Minneapolis,Office Supplies,Art,Studio Marker Set,3,0,96.17,39.97,7.15
1105,ORD-10656,2023-06-02,2023-06-07,Standard Class,CUST-0069,Customer 069,Corporate,East,New Jersey,Newark,Technology,Phones,Nova X Smartphone,3,0,2121.21,668.55,31.45
1106,ORD-10657,2024-04-05,2024-04-10,Standard Class,CUST-0021,Customer 021,Corporate,Central,Texas,Houston,Furniture,Chairs,ErgoMesh Office Chair,4,0.3,1207.3,-78.44,26.7
1107,ORD-10658,2023-03-24,2023-03-29,Standard Class,CUST-0039,Customer 039,Consumer,South,Tennessee,Nashville,Office Supplies,Storage,Archive Storage Box Set,2,0,82.52,26.84,6.99
1108,ORD-10658,2023-03-24,2023-03-29,Standard Class,CUST-0039,Customer 039,Consumer,South,Tennessee,Nashville,Technology,Phones,Nova X Smartphone,2,0.15,1281.6,247.31,24.09
1109,ORD-10659,2025-11-07,2025-11-10,Second Class,CUST-0013,Customer 013,Consumer,West,Washington,Seattle,Furniture,Chairs,ErgoMesh Office Chair,2,0,997.47,241.47,27.85
1110,ORD-10660,2025-08-11,2025-08-16,Standard Class,CUST-0069,Customer 069,Corporate,East,New Jersey,Newark,Office Supplies,Paper,BrightCopy Paper Case,1,0,57.13,19.02,6.69
1111,ORD-10660,2025-08-11,2025-08-16,Standard Class,CUST-0069,Customer 069,Corporate,East,New Jersey,Newark,Furniture,Storage,Flex 5-Shelf Bookcase,1,0.05,263.14,46.08,9.32
1112,ORD-10661,2024-10-12,2024-10-17,Standard Class,CUST-0129,Customer 129,Corporate,East,Massachusetts,Boston,Furniture,Storage,Flex 5-Shelf Bookcase,1,0.2,224.57,4.66,9.37
1113,ORD-10661,2024-10-12,2024-10-17,Standard Class,CUST-0129,Customer 129,Corporate,East,Massachusetts,Boston,Furniture,Tables,LiftPro Standing Desk,1,0,812.94,-48.28,15.76
1114,ORD-10662,2024-12-26,2024-12-28,First Class,CUST-0131,Customer 131,Consumer,South,Tennessee,Nashville,Furniture,Storage,Compact File Cabinet,2,0.1,357.1,70.61,16.68
1115,ORD-10663,2024-09-08,2024-09-10,First Class,CUST-0198,Customer 198,Corporate,West,Washington,Seattle,Technology,Computers,Vertex 24 Monitor,1,0.05,309.13,69.26,15.35
1116,ORD-10664,2025-06-13,2025-06-18,Standard Class,CUST-0072,Customer 072,Home Office,East,New York,New York City,Office Supplies,Paper,BrightCopy Paper Case,2,0,109.22,41.84,7.31
1117,ORD-10665,2023-05-31,2023-06-05,Standard Class,CUST-0094,Customer 094,Home Office,South,Florida,Miami,Furniture,Chairs,Metro Task Chair,4,0,934.64,263.17,17.22
1118,ORD-10665,2023-05-31,2023-06-05,Standard Class,CUST-0094,Customer 094,Home Office,South,Florida,Miami,Office Supplies,Writing,Glide Gel Pen Pack,2,0,38.5,13.56,6.46
1119,ORD-10666,2024-10-26,2024-10-28,First Class,CUST-0078,Customer 078,Home Office,East,New Jersey,Newark,Furniture,Storage,Flex 5-Shelf Bookcase,2,0.05,527.5,91.42,19.63
1120,ORD-10667,2024-05-20,2024-05-25,Standard Class,CUST-0152,Customer 152,Corporate,South,Florida,Miami,Technology,Computers,Vertex 24 Monitor,3,0,1033.82,302.07,18.41
1121,ORD-10667,2024-05-20,2024-05-25,Standard Class,CUST-0152,Customer 152,Corporate,South,Florida,Miami,Office Supplies,Paper,BrightCopy Paper Case,2,0,111.86,43.0,7.34
1122,ORD-10668,2023-04-02,2023-04-07,Standard Class,CUST-0044,Customer 044,Corporate,West,Oregon,Portland,Technology,Phones,Nova X Smartphone,1,0,750.69,232.72,15.01
1123,ORD-10669,2024-02-26,2024-03-02,Standard Class,CUST-0206,Customer 206,Corporate,West,California,Los Angeles,Technology,Phones,Nova X Smartphone,1,0,625.56,192.92,13.51
1124,ORD-10669,2024-02-26,2024-03-02,Standard Class,CUST-0206,Customer 206,Corporate,West,California,Los Angeles,Office Supplies,Paper,BrightCopy Paper Case,1,0,52.72,17.1,6.63
1125,ORD-10670,2023-10-08,2023-10-13,Standard Class,CUST-0073,Customer 073,Corporate,West,Oregon,Portland,Office Supplies,Binders,ProBind Presentation Set,2,0.05,67.75,20.24,6.86
1126,ORD-10671,2024-05-25,2024-05-30,Standard Class,CUST-0075,Customer 075,Consumer,South,Florida,Miami,Technology,Phones,Pulse Pro Smartphone,1,0,930.03,252.55,17.16
1127,ORD-10672,2023-06-18,2023-06-21,Second Class,CUST-0168,Customer 168,Home Office,Central,Minnesota,Minneapolis,Office Supplies,Binders,ProBind Presentation Set,3,0,117.04,38.85,11.48
1128,ORD-10673,2025-05-07,2025-05-12,Standard Class,CUST-0042,Customer 042,Home Office,East,New York,New York City,Technology,Phones,Nova X Smartphone,2,0.1,1262.98,299.92,22.84
1129,ORD-10673,2025-05-07,2025-05-12,Standard Class,CUST-0042,Customer 042,Home Office,East,New York,New York City,Furniture,Storage,Flex 5-Shelf Bookcase,3,0.05,761.81,144.76,15.62
1130,ORD-10674,2023-04-12,2023-04-15,Second Class,CUST-0117,Customer 117,Corporate,East,New Jersey,Newark,Office Supplies,Art,Studio Marker Set,1,0,31.15,5.38,9.88
1131,ORD-10674,2023-04-12,2023-04-15,Second Class,CUST-0117,Customer 117,Corporate,East,New Jersey,Newark,Technology,Accessories,Orbit Wireless Headset,4,0.1,449.71,141.31,18.59
1132,ORD-10675,2023-11-12,2023-11-17,Standard Class,CUST-0133,Customer 133,Corporate,Central,Texas,Houston,Technology,Phones,Nova X Smartphone,1,0.2,580.51,79.62,14.71
1133,ORD-10676,2024-12-27,2024-12-27,Same Day,CUST-0147,Customer 147,Corporate,Central,Texas,Houston,Office Supplies,Writing,Glide Gel Pen Pack,1,0,20.87,1.16,9.69
1134,ORD-10676,2024-12-27,2024-12-27,Same Day,CUST-0147,Customer 147,Corporate,Central,Texas,Houston,Furniture,Storage,Compact File Cabinet,4,0,791.44,229.24,24.02
1135,ORD-10676,2024-12-27,2024-12-27,Same Day,CUST-0147,Customer 147,Corporate,Central,Texas,Houston,Office Supplies,Labels,QuickShip Label Roll,2,0.4,31.12,-3.0,10.26
1136,ORD-10676,2024-12-27,2024-12-27,Same Day,CUST-0147,Customer 147,Corporate,Central,Texas,Houston,Technology,Phones,Nova X Smartphone,2,0,1473.63,449.59,36.71
1137,ORD-10677,2025-03-16,2025-03-21,Standard Class,CUST-0233,Customer 233,Home Office,East,Pennsylvania,Philadelphia,Office Supplies,Storage,Archive Storage Box Set,1,0.1,36.24,6.0,6.48
1138,ORD-10678,2025-12-02,2025-12-04,First Class,CUST-0080,Customer 080,Consumer,East,New York,New York City,Technology,Accessories,Orbit Wireless Headset,5,0,749.9,291.71,23.25
1139,ORD-10679,2025-09-26,2025-09-28,First Class,CUST-0203,Customer 203,Home Office,West,California,Los Angeles,Office Supplies,Writing,Glide Gel Pen Pack,1,0,16.78,-0.88,9.61
1140,ORD-10680,2025-03-11,2025-03-16,Standard Class,CUST-0200,Customer 200,Corporate,Central,Minnesota,Minneapolis,Furniture,Chairs,ErgoMesh Office Chair,3,0,1335.98,338.69,22.03
1141,ORD-10680,2025-03-11,2025-03-16,Standard Class,CUST-0200,Customer 200,Corporate,Central,Minnesota,Minneapolis,Office Supplies,Storage,Archive Storage Box Set,3,0,118.32,41.09,7.42
1142,ORD-10681,2023-04-20,2023-04-23,Second Class,CUST-0156,Customer 156,Consumer,East,Massachusetts,Boston,Office Supplies,Writing,Glide Gel Pen Pack,3,0.2,45.94,8.01,10.37
1143,ORD-10682,2024-12-22,2024-12-24,First Class,CUST-0003,Customer 003,Corporate,East,Massachusetts,Boston,Office Supplies,Binders,ProBind Presentation Set,1,0.15,35.01,1.46,10.07
1144,ORD-10682,2024-12-22,2024-12-24,First Class,CUST-0003,Customer 003,Corporate,East,Massachusetts,Boston,Office Supplies,Paper,BrightCopy Paper Case,2,0.2,96.41,18.59,11.54
1145,ORD-10683,2024-09-16,2024-09-21,Standard Class,CUST-0152,Customer 152,Corporate,East,Pennsylvania,Philadelphia,Office Supplies,Paper,BrightCopy Paper Case,1,0,57.91,19.37,6.69
1146,ORD-10684,2025-02-22,2025-02-24,First Class,CUST-0199,Customer 199,Home Office,Central,Texas,Houston,Office Supplies,Paper,BrightCopy Paper Case,1,0.15,42.32,4.71,10.23
1147,ORD-10684,2025-02-22,2025-02-24,First Class,CUST-0199,Customer 199,Home Office,Central,Texas,Houston,Office Supplies,Binders,ProBind Presentation Set,3,0.05,97.27,27.71,11.2
1148,ORD-10685,2023-03-08,2023-03-11,Second Class,CUST-0001,Customer 001,Consumer,East,New Jersey,Newark,Office Supplies,Paper,BrightCopy Paper Case,2,0.05,95.0,28.84,11.16
1149,ORD-10686,2024-06-16,2024-06-18,First Class,CUST-0123,Customer 123,Corporate,Central,Texas,Dallas,Furniture,Storage,Compact File Cabinet,2,0.05,331.28,78.37,15.79
1150,ORD-10687,2023-04-08,2023-04-13,Standard Class,CUST-0175,Customer 175,Home Office,South,North Carolina,Charlotte,Office Supplies,Storage,Archive Storage Box Set,2,0,81.71,26.52,6.98
1151,ORD-10688,2023-12-08,2023-12-10,First Class,CUST-0223,Customer 223,Home Office,Central,Texas,Dallas,Technology,Computers,Vertex 24 Monitor,1,0,340.33,89.87,15.63
1152,ORD-10688,2023-12-08,2023-12-10,First Class,CUST-0223,Customer 223,Home Office,Central,Texas,Dallas,Office Supplies,Storage,Archive Storage Box Set,4,0.05,191.78,59.62,13.05
1153,ORD-10689,2023-11-01,2023-11-06,Standard Class,CUST-0132,Customer 132,Consumer,West,California,San Francisco,Technology,Accessories,Orbit Wireless Headset,3,0.1,405.85,132.9,11.41
1154,ORD-10689,2023-11-01,2023-11-06,Standard Class,CUST-0132,Customer 132,Consumer,West,California,San Francisco,Technology,Phones,Nova X Smartphone,1,0,802.23,249.1,15.63
1155,ORD-10689,2023-11-01,2023-11-06,Standard Class,CUST-0132,Customer 132,Consumer,West,California,San Francisco,Office Supplies,Writing,Glide Gel Pen Pack,2,0,40.13,14.39,6.48
1156,ORD-10690,2025-05-26,2025-05-31,Standard Class,CUST-0219,Customer 219,Consumer,West,Washington,Seattle,Technology,Computers,Apex 14 Laptop,1,0.05,1139.1,207.43,20.39
1157,ORD-10691,2025-08-15,2025-08-20,Standard Class,CUST-0082,Customer 082,Consumer,Central,Texas,Houston,Office Supplies,Storage,Archive Storage Box Set,3,0,134.35,47.47,7.61
1158,ORD-10691,2025-08-15,2025-08-20,Standard Class,CUST-0082,Customer 082,Consumer,Central,Texas,Houston,Furniture,Chairs,Metro Task Chair,2,0.05,425.02,100.48,11.37
1159,ORD-10691,2025-08-15,2025-08-20,Standard Class,CUST-0082,Customer 082,Consumer,Central,Texas,Houston,Technology,Phones,Nova X Smartphone,2,0.15,1246.55,240.38,23.6
1160,ORD-10692,2023-11-03,2023-11-06,Second Class,CUST-0032,Customer 032,Corporate,South,Tennessee,Nashville,Office Supplies,Labels,QuickShip Label Roll,4,0.15,97.68,33.38,11.44
1161,ORD-10693,2024-10-01,2024-10-06,Standard Class,CUST-0139,Customer 139,Corporate,East,Pennsylvania,Philadelphia,Office Supplies,Storage,Archive Storage Box Set,1,0.2,35.34,2.75,6.53
1162,ORD-10694,2025-02-17,2025-02-22,Standard Class,CUST-0119,Customer 119,Home Office,West,California,Los Angeles,Office Supplies,Binders,ProBind Presentation Set,3,0.05,94.18,30.48,7.19
1163,ORD-10695,2024-08-14,2024-08-17,Second Class,CUST-0216,Customer 216,Corporate,Central,Minnesota,Minneapolis,Technology,Accessories,Vector USB-C Hub,1,0.05,74.26,22.86,10.75
1164,ORD-10695,2024-08-14,2024-08-17,Second Class,CUST-0216,Customer 216,Corporate,Central,Minnesota,Minneapolis,Office Supplies,Labels,QuickShip Label Roll,3,0.3,53.84,7.73,10.73
1165,ORD-10695,2024-08-14,2024-08-17,Second Class,CUST-0216,Customer 216,Corporate,Central,Minnesota,Minneapolis,Office Supplies,Writing,Glide Gel Pen Pack,5,0,96.6,39.13,11.1
1166,ORD-10696,2024-06-12,2024-06-15,Second Class,CUST-0022,Customer 022,Home Office,West,Oregon,Portland,Technology,Accessories,Orbit Wireless Headset,4,0.1,492.3,155.57,19.47
1167,ORD-10696,2024-06-12,2024-06-15,Second Class,CUST-0022,Customer 022,Home Office,West,Oregon,Portland,Office Supplies,Storage,Archive Storage Box Set,1,0.05,37.35,4.12,10.03
1168,ORD-10696,2024-06-12,2024-06-15,Second Class,CUST-0022,Customer 022,Home Office,West,Oregon,Portland,Technology,Accessories,Orbit Wireless Headset,3,0.1,342.55,105.42,16.38
1169,ORD-10697,2025-01-01,2025-01-04,Second Class,CUST-0223,Customer 223,Home Office,Central,Texas,Dallas,Office Supplies,Storage,Archive Storage Box Set,3,0.1,102.92,24.02,11.43
1170,ORD-10698,2024-07-16,2024-07-21,Standard Class,CUST-0165,Customer 165,Corporate,Central,Texas,Houston,Furniture,Tables,Oakline Writing Desk,1,0,562.5,-18.37,12.75
1171,ORD-10698,2024-07-16,2024-07-21,Standard Class,CUST-0165,Customer 165,Corporate,Central,Texas,Houston,Office Supplies,Writing,Glide Gel Pen Pack,2,0.1,33.69,9.27,6.45
1172,ORD-10699,2024-07-28,2024-07-31,Second Class,CUST-0199,Customer 199,Home Office,Central,Texas,Dallas,Office Supplies,Writing,Glide Gel Pen Pack,2,0,37.48,9.49,10.0
1173,ORD-10699,2024-07-28,2024-07-31,Second Class,CUST-0199,Customer 199,Home Office,Central,Texas,Dallas,Furniture,Tables,LiftPro Standing Desk,1,0,784.29,-55.26,23.89
1174,ORD-10699,2024-07-28,2024-07-31,Second Class,CUST-0199,Customer 199,Home Office,Central,Texas,Dallas,Furniture,Storage,Flex 5-Shelf Bookcase,3,0.1,752.69,100.59,24.86
1175,ORD-10700,2024-03-12,2024-03-17,Standard Class,CUST-0083,Customer 083,Consumer,West,California,Los Angeles,Office Supplies,Writing,Glide Gel Pen Pack,2,0.05,33.95,10.36,6.43
1176,ORD-10701,2024-06-05,2024-06-10,Standard Class,CUST-0237,Customer 237,Consumer,South,Florida,Miami,Technology,Accessories,Vector USB-C Hub,3,0,229.35,101.34,8.75
1177,ORD-10701,2024-06-05,2024-06-10,Standard Class,CUST-0237,Customer 237,Consumer,South,Florida,Miami,Office Supplies,Binders,ProBind Presentation Set,1,0,36.12,9.1,6.43
1178,ORD-10702,2023-03-07,2023-03-10,Second Class,CUST-0104,Customer 104,Consumer,East,Massachusetts,Boston,Office Supplies,Writing,Glide Gel Pen Pack,2,0,37.62,9.56,10.0
1179,ORD-10702,2023-03-07,2023-03-10,Second Class,CUST-0104,Customer 104,Consumer,East,Massachusetts,Boston,Technology,Accessories,Vector USB-C Hub,3,0.1,217.43,78.01,13.79
1180,ORD-10703,2025-08-08,2025-08-13,Standard Class,CUST-0212,Customer 212,Consumer,Central,Texas,Houston,Office Supplies,Writing,Glide Gel Pen Pack,2,0.15,31.89,7.43,6.45
1181,ORD-10703,2025-08-08,2025-08-13,Standard Class,CUST-0212,Customer 212,Consumer,Central,Texas,Houston,Office Supplies,Writing,Glide Gel Pen Pack,4,0.1,68.79,25.18,6.92
1182,ORD-10703,2025-08-08,2025-08-13,Standard Class,CUST-0212,Customer 212,Consumer,Central,Texas,Houston,Office Supplies,Paper,BrightCopy Paper Case,1,0.05,51.64,15.09,6.65
1183,ORD-10704,2025-11-21,2025-11-24,Second Class,CUST-0189,Customer 189,Consumer,East,New Jersey,Newark,Furniture,Chairs,Metro Task Chair,3,0.2,668.76,58.74,24.85
1184,ORD-10704,2025-11-21,2025-11-24,Second Class,CUST-0189,Customer 189,Consumer,East,New Jersey,Newark,Technology,Accessories,Orbit Wireless Headset,3,0,462.12,176.19,17.9
1185,ORD-10705,2025-05-11,2025-05-16,Standard Class,CUST-0240,Customer 240,Consumer,South,Georgia,Atlanta,Furniture,Chairs,Metro Task Chair,2,0.05,485.93,115.74,12.14
1186,ORD-10706,2024-06-08,2024-06-10,First Class,CUST-0112,Customer 112,Home Office,Central,Illinois,Chicago,Office Supplies,Writing,Glide Gel Pen Pack,2,0,36.44,8.97,9.98
1187,ORD-10707,2024-08-09,2024-08-14,Standard Class,CUST-0064,Customer 064,Consumer,West,California,San Francisco,Furniture,Chairs,Metro Task Chair,4,0.1,913.89,184.9,18.19
1188,ORD-10707,2024-08-09,2024-08-14,Standard Class,CUST-0064,Customer 064,Consumer,West,California,San Francisco,Office Supplies,Art,Studio Marker Set,1,0.2,25.88,2.99,6.39
1189,ORD-10708,2023-09-18,2023-09-21,Second Class,CUST-0076,Customer 076,Corporate,Central,Texas,Dallas,Office Supplies,Binders,ProBind Presentation Set,2,0,70.88,19.86,10.62
1190,ORD-10708,2023-09-18,2023-09-21,Second Class,CUST-0076,Customer 076,Corporate,Central,Texas,Dallas,Office Supplies,Paper,BrightCopy Paper Case,1,0.1,52.33,9.97,10.38
1191,ORD-10709,2024-08-16,2024-08-21,Standard Class,CUST-0084,Customer 084,Corporate,South,North Carolina,Charlotte,Office Supplies,Storage,Archive Storage Box Set,1,0.05,37.67,7.8,6.48
1192,ORD-10710,2023-09-08,2023-09-13,Standard Class,CUST-0140,Customer 140,Consumer,South,North Carolina,Charlotte,Office Supplies,Storage,Archive Storage Box Set,2,0,86.46,28.41,7.04
1193,ORD-10711,2024-05-12,2024-05-17,Standard Class,CUST-0061,Customer 061,Consumer,South,North Carolina,Charlotte,Furniture,Tables,LiftPro Standing Desk,3,0,2447.79,-133.28,35.37
1194,ORD-10711,2024-05-12,2024-05-17,Standard Class,CUST-0061,Customer 061,Consumer,South,North Carolina,Charlotte,Office Supplies,Art,Studio Marker Set,1,0,29.47,8.09,6.35
1195,ORD-10712,2023-02-12,2023-02-15,Second Class,CUST-0104,Customer 104,Consumer,South,Florida,Miami,Technology,Phones,Pulse Pro Smartphone,4,0,3592.15,965.62,76.11
1196,ORD-10713,2025-11-22,2025-11-27,Standard Class,CUST-0204,Customer 204,Consumer,Central,Illinois,Chicago,Office Supplies,Art,Studio Marker Set,2,0,72.98,28.88,6.88
1197,ORD-10713,2025-11-22,2025-11-27,Standard Class,CUST-0204,Customer 204,Consumer,Central,Illinois,Chicago,Furniture,Storage,Flex 5-Shelf Bookcase,2,0.2,499.46,17.73,13.49
1198,ORD-10714,2024-03-16,2024-03-18,First Class,CUST-0127,Customer 127,Corporate,South,Tennessee,Nashville,Furniture,Tables,LiftPro Standing Desk,2,0,1649.98,-105.99,39.99
1199,ORD-10715,2023-03-13,2023-03-18,Standard Class,CUST-0097,Customer 097,Consumer,Central,Texas,Dallas,Furniture,Storage,Flex 5-Shelf Bookcase,2,0,624.09,142.53,13.49
1200,ORD-10716,2025-03-20,2025-03-25,Standard Class,CUST-0066,Customer 066,Home Office,South,Georgia,Atlanta,Furniture,Chairs,Metro Task Chair,2,0,462.73,127.27,11.55
1201,ORD-10716,2025-03-20,2025-03-25,Standard Class,CUST-0066,Customer 066,Home Office,South,Georgia,Atlanta,Office Supplies,Binders,ProBind Presentation Set,2,0.1,68.17,18.09,6.91
1202,ORD-10716,2025-03-20,2025-03-25,Standard Class,CUST-0066,Customer 066,Home Office,South,Georgia,Atlanta,Office Supplies,Writing,Glide Gel Pen Pack,4,0.1,65.45,23.67,6.87
1203,ORD-10717,2023-06-09,2023-06-14,Standard Class,CUST-0066,Customer 066,Home Office,Central,Texas,Houston,Office Supplies,Writing,Glide Gel Pen Pack,2,0,35.29,11.93,6.42
1204,ORD-10718,2024-05-17,2024-05-20,Second Class,CUST-0110,Customer 110,Home Office,East,Massachusetts,Boston,Technology,Computers,Vertex 24 Monitor,5,0.3,1120.75,-23.07,39.08
1205,ORD-10719,2025-05-04,2025-05-09,Standard Class,CUST-0204,Customer 204,Consumer,South,Florida,Miami,Office Supplies,Paper,BrightCopy Paper Case,1,0.15,43.82,8.85,6.62
1206,ORD-10720,2023-11-24,2023-11-29,Standard Class,CUST-0094,Customer 094,Home Office,East,Pennsylvania,Philadelphia,Furniture,Tables,Oakline Writing Desk,1,0,598.92,-19.18,13.19
1207,ORD-10721,2024-01-07,2024-01-12,Standard Class,CUST-0097,Customer 097,Consumer,South,Tennessee,Nashville,Office Supplies,Binders,ProBind Presentation Set,3,0.3,77.59,7.08,7.33
1208,ORD-10721,2024-01-07,2024-01-12,Standard Class,CUST-0097,Customer 097,Consumer,South,Tennessee,Nashville,Office Supplies,Labels,QuickShip Label Roll,1,0,22.27,5.75,6.27
1209,ORD-10721,2024-01-07,2024-01-12,Standard Class,CUST-0097,Customer 097,Consumer,South,Tennessee,Nashville,Office Supplies,Binders,ProBind Presentation Set,1,0.1,31.88,5.26,6.43
1210,ORD-10722,2025-12-22,2025-12-27,Standard Class,CUST-0021,Customer 021,Corporate,Central,Texas,Houston,Office Supplies,Art,Studio Marker Set,3,0.3,71.43,12.17,7.22
1211,ORD-10723,2025-07-23,2025-07-28,Standard Class,CUST-0118,Customer 118,Home Office,Central,Illinois,Chicago,Technology,Accessories,Orbit Wireless Headset,1,0,136.45,49.67,7.64
1212,ORD-10723,2025-07-23,2025-07-28,Standard Class,CUST-0118,Customer 118,Home Office,Central,Illinois,Chicago,Office Supplies,Storage,Archive Storage Box Set,1,0.3,28.87,-1.95,6.49
1213,ORD-10723,2025-07-23,2025-07-28,Standard Class,CUST-0118,Customer 118,Home Office,Central,Illinois,Chicago,Office Supplies,Writing,Glide Gel Pen Pack,1,0,16.76,2.52,6.2
1214,ORD-10724,2025-06-17,2025-06-22,Standard Class,CUST-0164,Customer 164,Corporate,West,Oregon,Portland,Office Supplies,Binders,ProBind Presentation Set,2,0.1,69.24,18.47,6.92
1215,ORD-10725,2025-08-16,2025-08-21,Standard Class,CUST-0224,Customer 224,Corporate,West,Washington,Seattle,Office Supplies,Paper,BrightCopy Paper Case,1,0.05,54.55,16.28,6.69
1216,ORD-10726,2023-02-10,2023-02-15,Standard Class,CUST-0041,Customer 041,Consumer,East,New York,New York City,Furniture,Chairs,ErgoMesh Office Chair,2,0.15,732.35,87.05,16.34
1217,ORD-10726,2023-02-10,2023-02-15,Standard Class,CUST-0041,Customer 041,Consumer,East,New York,New York City,Office Supplies,Paper,BrightCopy Paper Case,2,0,102.57,38.93,7.23
1218,ORD-10726,2023-02-10,2023-02-15,Standard Class,CUST-0041,Customer 041,Consumer,East,New York,New York City,Office Supplies,Writing,Glide Gel Pen Pack,1,0.3,12.39,-2.32,6.21
1219,ORD-10726,2023-02-10,2023-02-15,Standard Class,CUST-0041,Customer 041,Consumer,East,New York,New York City,Technology,Accessories,Vector USB-C Hub,2,0.1,132.6,48.22,7.77
1220,ORD-10727,2023-08-28,2023-08-28,Same Day,CUST-0194,Customer 194,Consumer,West,Washington,Seattle,Furniture,Tables,LiftPro Standing Desk,3,0,2372.77,-148.34,53.43
1221,ORD-10728,2023-03-28,2023-04-02,Standard Class,CUST-0123,Customer 123,Corporate,South,Tennessee,Nashville,Technology,Accessories,Orbit Wireless Headset,3,0.2,295.67,70.87,10.44
1222,ORD-10729,2025-02-04,2025-02-06,First Class,CUST-0102,Customer 102,Home Office,South,Georgia,Atlanta,Technology,Computers,Vertex 24 Monitor,3,0,863.74,242.39,25.37
1223,ORD-10729,2025-02-04,2025-02-06,First Class,CUST-0102,Customer 102,Home Office,South,Georgia,Atlanta,Office Supplies,Writing,Glide Gel Pen Pack,1,0,17.02,-0.77,9.62
1224,ORD-10730,2024-06-26,2024-07-01,Standard Class,CUST-0218,Customer 218,Consumer,Central,Minnesota,Minneapolis,Furniture,Tables,Oakline Writing Desk,2,0,1175.17,-31.85,20.1
1225,ORD-10731,2024-11-04,2024-11-06,First Class,CUST-0175,Customer 175,Home Office,East,Massachusetts,Boston,Office Supplies,Writing,Glide Gel Pen Pack,1,0.15,16.88,-2.32,9.67
1226,ORD-10731,2024-11-04,2024-11-06,First Class,CUST-0175,Customer 175,Home Office,East,Massachusetts,Boston,Furniture,Storage,Flex 5-Shelf Bookcase,3,0,941.57,208.58,26.81
1227,ORD-10731,2024-11-04,2024-11-06,First Class,CUST-0175,Customer 175,Home Office,East,Massachusetts,Boston,Furniture,Storage,Compact File Cabinet,5,0.1,918.85,196.32,28.29
1228,ORD-10731,2024-11-04,2024-11-06,First Class,CUST-0175,Customer 175,Home Office,East,Massachusetts,Boston,Office Supplies,Paper,BrightCopy Paper Case,2,0,126.35,45.21,11.65
1229,ORD-10732,2023-05-24,2023-05-27,Second Class,CUST-0216,Customer 216,Corporate,Central,Texas,Houston,Office Supplies,Paper,BrightCopy Paper Case,3,0.4,96.07,-4.27,12.28
1230,ORD-10732,2023-05-24,2023-05-27,Second Class,CUST-0216,Customer 216,Corporate,Central,Texas,Houston,Furniture,Chairs,Metro Task Chair,3,0.05,639.25,146.41,21.82
1231,ORD-10733,2023-06-11,2023-06-16,Standard Class,CUST-0207,Customer 207,Home Office,West,Oregon,Portland,Technology,Phones,Pulse Pro Smartphone,4,0.1,3346.32,655.83,50.62
1232,ORD-10734,2023-08-01,2023-08-06,Standard Class,CUST-0176,Customer 176,Home Office,South,Tennessee,Nashville,Technology,Accessories,Vector USB-C Hub,1,0.2,66.34,16.22,7.0
1233,ORD-10734,2023-08-01,2023-08-06,Standard Class,CUST-0176,Customer 176,Home Office,South,Tennessee,Nashville,Technology,Phones,Nova X Smartphone,3,0,2213.06,697.75,32.56
1234,ORD-10734,2023-08-01,2023-08-06,Standard Class,CUST-0176,Customer 176,Home Office,South,Tennessee,Nashville,Office Supplies,Paper,BrightCopy Paper Case,2,0,101.73,38.56,7.22
1235,ORD-10735,2025-06-22,2025-06-27,Standard Class,CUST-0189,Customer 189,Consumer,South,Tennessee,Nashville,Office Supplies,Storage,Archive Storage Box Set,5,0,197.32,72.53,8.37
1236,ORD-10735,2025-06-22,2025-06-27,Standard Class,CUST-0189,Customer 189,Consumer,South,Tennessee,Nashville,Office Supplies,Writing,Glide Gel Pen Pack,1,0.1,17.12,1.76,6.23
1237,ORD-10736,2025-12-23,2025-12-28,Standard Class,CUST-0022,Customer 022,Home Office,West,California,Los Angeles,Furniture,Chairs,ErgoMesh Office Chair,1,0.2,375.62,21.24,11.63
1238,ORD-10737,2024-09-25,2024-09-28,Second Class,CUST-0005,Customer 005,Consumer,West,Washington,Seattle,Office Supplies,Binders,ProBind Presentation Set,2,0.3,52.88,-0.89,10.71
1239,ORD-10738,2023-04-17,2023-04-22,Standard Class,CUST-0046,Customer 046,Consumer,South,Florida,Miami,Technology,Phones,Pulse Pro Smartphone,2,0,1688.75,463.48,26.26
1240,ORD-10738,2023-04-17,2023-04-22,Standard Class,CUST-0046,Customer 046,Consumer,South,Florida,Miami,Office Supplies,Storage,Archive Storage Box Set,4,0.1,153.8,44.93,8.05
1241,ORD-10739,2024-11-12,2024-11-15,Second Class,CUST-0043,Customer 043,Home Office,East,Massachusetts,Boston,Office Supplies,Writing,Glide Gel Pen Pack,1,0.15,16.81,-2.36,9.67
1242,ORD-10740,2024-02-16,2024-02-19,Second Class,CUST-0217,Customer 217,Consumer,Central,Texas,Houston,Office Supplies,Storage,Archive Storage Box Set,2,0,85.07,24.0,10.88
1243,ORD-10741,2023-06-20,2023-06-22,First Class,CUST-0066,Customer 066,Home Office,South,Georgia,Atlanta,Technology,Accessories,Vector USB-C Hub,3,0.1,199.69,70.88,13.43
1244,ORD-10742,2023-11-07,2023-11-09,First Class,CUST-0144,Customer 144,Corporate,West,Oregon,Portland,Furniture,Storage,Compact File Cabinet,1,0.3,153.97,-9.0,13.39
1245,ORD-10743,2024-08-28,2024-08-31,Second Class,CUST-0202,Customer 202,Consumer,Central,Illinois,Chicago,Furniture,Storage,Flex 5-Shelf Bookcase,3,0.1,723.9,96.39,24.26
1246,ORD-10744,2025-06-01,2025-06-06,Standard Class,CUST-0162,Customer 162,Consumer,South,North Carolina,Charlotte,Technology,Phones,Nova X Smartphone,2,0.3,957.62,18.62,22.42
1247,ORD-10745,2023-08-01,2023-08-06,Standard Class,CUST-0189,Customer 189,Consumer,West,Washington,Seattle,Office Supplies,Writing,Glide Gel Pen Pack,2,0,36.21,12.4,6.43
1248,ORD-10745,2023-08-01,2023-08-06,Standard Class,CUST-0189,Customer 189,Consumer,West,Washington,Seattle,Office Supplies,Paper,BrightCopy Paper Case,2,0,112.72,43.37,7.35
1249,ORD-10746,2025-04-13,2025-04-18,Standard Class,CUST-0146,Customer 146,Home Office,Central,Texas,Dallas,Office Supplies,Binders,ProBind Presentation Set,4,0.1,132.98,40.99,7.77
1250,ORD-10746,2025-04-13,2025-04-18,Standard Class,CUST-0146,Customer 146,Home Office,Central,Texas,Dallas,Furniture,Storage,Compact File Cabinet,4,0.1,671.12,149.1,14.95
1251,ORD-10746,2025-04-13,2025-04-18,Standard Class,CUST-0146,Customer 146,Home Office,Central,Texas,Dallas,Furniture,Storage,Flex 5-Shelf Bookcase,2,0,585.04,133.24,13.02
1252,ORD-10746,2025-04-13,2025-04-18,Standard Class,CUST-0146,Customer 146,Home Office,Central,Texas,Dallas,Technology,Computers,Vertex 24 Monitor,2,0.2,504.39,55.79,13.57
1253,ORD-10747,2025-10-29,2025-11-03,Standard Class,CUST-0137,Customer 137,Consumer,West,California,San Francisco,Technology,Phones,Nova X Smartphone,2,0.05,1233.43,341.96,21.58
1254,ORD-10747,2025-10-29,2025-11-03,Standard Class,CUST-0137,Customer 137,Consumer,West,California,San Francisco,Office Supplies,Binders,ProBind Presentation Set,4,0.3,98.02,10.52,7.68
1255,ORD-10748,2024-05-09,2024-05-14,Standard Class,CUST-0227,Customer 227,Consumer,South,Georgia,Atlanta,Furniture,Storage,Compact File Cabinet,4,0.3,557.08,0.36,15.55
1256,ORD-10749,2024-04-12,2024-04-17,Standard Class,CUST-0035,Customer 035,Corporate,Central,Texas,Dallas,Furniture,Chairs,Metro Task Chair,1,0,249.87,65.96,9.0
1257,ORD-10749,2024-04-12,2024-04-17,Standard Class,CUST-0035,Customer 035,Corporate,Central,Texas,Dallas,Office Supplies,Writing,Glide Gel Pen Pack,1,0,16.64,2.45,6.2
1258,ORD-10750,2024-05-21,2024-05-23,First Class,CUST-0204,Customer 204,Consumer,West,Oregon,Portland,Office Supplies,Writing,Glide Gel Pen Pack,3,0.2,44.15,7.33,10.33
1259,ORD-10751,2024-03-10,2024-03-10,Same Day,CUST-0082,Customer 082,Consumer,South,Georgia,Atlanta,Technology,Computers,Apex 14 Laptop,2,0,2467.69,537.05,55.2
1260,ORD-10751,2024-03-10,2024-03-10,Same Day,CUST-0082,Customer 082,Consumer,South,Georgia,Atlanta,Technology,Accessories,Vector USB-C Hub,1,0.05,73.41,22.49,10.74
1261,ORD-10752,2024-10-21,2024-10-26,Standard Class,CUST-0104,Customer 104,Consumer,East,Pennsylvania,Philadelphia,Technology,Phones,Nova X Smartphone,5,0.2,2865.85,416.71,48.99
1262,ORD-10752,2024-10-21,2024-10-26,Standard Class,CUST-0104,Customer 104,Consumer,East,Pennsylvania,Philadelphia,Technology,Computers,Vertex 24 Monitor,1,0.1,286.41,57.01,9.82
1263,ORD-10753,2023-04-12,2023-04-14,First Class,CUST-0182,Customer 182,Home Office,South,Tennessee,Nashville,Technology,Computers,Vertex 24 Monitor,2,0.05,626.75,149.96,21.57
1264,ORD-10753,2023-04-12,2023-04-14,First Class,CUST-0182,Customer 182,Home Office,South,Tennessee,Nashville,Technology,Computers,Vertex 24 Monitor,1,0.1,314.48,57.58,15.8
1265,ORD-10754,2024-10-22,2024-10-27,Standard Class,CUST-0051,Customer 051,Consumer,Central,Illinois,Chicago,Furniture,Chairs,Metro Task Chair,1,0.4,151.4,-34.26,9.03
1266,ORD-10755,2025-10-29,2025-10-31,First Class,CUST-0072,Customer 072,Home Office,Central,Texas,Houston,Office Supplies,Art,Studio Marker Set,5,0,167.91,69.85,12.42
1267,ORD-10755,2025-10-29,2025-10-31,First Class,CUST-0072,Customer 072,Home Office,Central,Texas,Houston,Office Supplies,Storage,Archive Storage Box Set,1,0.05,41.64,5.66,10.12
1268,ORD-10755,2025-10-29,2025-10-31,First Class,CUST-0072,Customer 072,Home Office,Central,Texas,Houston,Office Supplies,Writing,Glide Gel Pen Pack,1,0.1,16.55,-1.92,9.64
1269,ORD-10756,2025-07-31,2025-08-03,Second Class,CUST-0204,Customer 204,Consumer,West,Washington,Seattle,Furniture,Storage,Compact File Cabinet,2,0.3,261.73,-8.77,16.25
1270,ORD-10756,2025-07-31,2025-08-03,Second Class,CUST-0204,Customer 204,Consumer,West,Washington,Seattle,Furniture,Chairs,ErgoMesh Office Chair,3,0,1204.11,293.41,31.7
1271,ORD-10756,2025-07-31,2025-08-03,Second Class,CUST-0204,Customer 204,Consumer,West,Washington,Seattle,Office Supplies,Writing,Glide Gel Pen Pack,5,0.2,75.6,19.18,11.06
1272,ORD-10756,2025-07-31,2025-08-03,Second Class,CUST-0204,Customer 204,Consumer,West,Washington,Seattle,Technology,Accessories,Vector USB-C Hub,3,0.05,224.31,87.84,13.69
1273,ORD-10757,2025-08-06,2025-08-11,Standard Class,CUST-0011,Customer 011,Consumer,Central,Illinois,Chicago,Technology,Computers,Vertex 24 Monitor,4,0.3,946.53,-8.71,22.23
1274,ORD-10758,2023-05-30,2023-06-04,Standard Class,CUST-0012,Customer 012,Corporate,East,New Jersey,Newark,Office Supplies,Labels,QuickShip Label Roll,3,0.15,59.25,20.35,6.84
1275,ORD-10759,2025-03-26,2025-03-31,Standard Class,CUST-0214,Customer 214,Consumer,South,North Carolina,Charlotte,Technology,Accessories,Vector USB-C Hub,3,0,249.13,110.59,8.99
1276,ORD-10759,2025-03-26,2025-03-31,Standard Class,CUST-0214,Customer 214,Consumer,South,North Carolina,Charlotte,Furniture,Storage,Flex 5-Shelf Bookcase,1,0,288.16,62.58,9.46
1277,ORD-10759,2025-03-26,2025-03-31,Standard Class,CUST-0214,Customer 214,Consumer,South,North Carolina,Charlotte,Office Supplies,Paper,BrightCopy Paper Case,1,0.05,47.78,13.52,6.6
1278,ORD-10760,2023-03-03,2023-03-08,Standard Class,CUST-0050,Customer 050,Consumer,Central,Minnesota,Minneapolis,Office Supplies,Binders,ProBind Presentation Set,2,0,77.27,26.3,6.93
1279,ORD-10761,2024-05-02,2024-05-07,Standard Class,CUST-0054,Customer 054,Home Office,Central,Minnesota,Minneapolis,Office Supplies,Paper,BrightCopy Paper Case,3,0,151.6,60.4,7.82
1280,ORD-10761,2024-05-02,2024-05-07,Standard Class,CUST-0054,Customer 054,Home Office,Central,Minnesota,Minneapolis,Furniture,Tables,LiftPro Standing Desk,1,0.1,720.09,-127.62,15.6
1281,ORD-10762,2023-11-04,2023-11-09,Standard Class,CUST-0062,Customer 062,Home Office,West,California,San Francisco,Office Supplies,Art,Studio Marker Set,1,0.1,30.15,6.67,6.4
1282,ORD-10762,2023-11-04,2023-11-09,Standard Class,CUST-0062,Customer 062,Home Office,West,California,San Francisco,Furniture,Storage,Flex 5-Shelf Bookcase,1,0,343.12,75.66,10.12
1283,ORD-10762,2023-11-04,2023-11-09,Standard Class,CUST-0062,Customer 062,Home Office,West,California,San Francisco,Office Supplies,Paper,BrightCopy Paper Case,3,0.1,168.69,57.35,8.25
1284,ORD-10762,2023-11-04,2023-11-09,Standard Class,CUST-0062,Customer 062,Home Office,West,California,San Francisco,Office Supplies,Art,Studio Marker Set,2,0.15,58.36,16.52,6.82
1285,ORD-10763,2025-10-30,2025-11-01,First Class,CUST-0075,Customer 075,Consumer,Central,Texas,Houston,Office Supplies,Writing,Glide Gel Pen Pack,4,0.05,70.46,24.18,10.68
1286,ORD-10764,2025-04-24,2025-04-29,Standard Class,CUST-0058,Customer 058,Consumer,Central,Texas,Houston,Office Supplies,Art,Studio Marker Set,2,0.3,46.89,5.93,6.8
1287,ORD-10764,2025-04-24,2025-04-29,Standard Class,CUST-0058,Customer 058,Consumer,Central,Texas,Houston,Technology,Accessories,Orbit Wireless Headset,3,0,363.59,142.35,10.36
1288,ORD-10764,2025-04-24,2025-04-29,Standard Class,CUST-0058,Customer 058,Consumer,Central,Texas,Houston,Office Supplies,Binders,ProBind Presentation Set,2,0.05,76.52,23.64,6.97
1289,ORD-10764,2025-04-24,2025-04-29,Standard Class,CUST-0058,Customer 058,Consumer,Central,Texas,Houston,Office Supplies,Storage,Archive Storage Box Set,3,0,121.43,42.33,7.46
1290,ORD-10765,2025-08-11,2025-08-13,First Class,CUST-0014,Customer 014,Consumer,West,Oregon,Portland,Technology,Computers,Vertex 24 Monitor,3,0.15,787.19,121.65,26.53
1291,ORD-10765,2025-08-11,2025-08-13,First Class,CUST-0014,Customer 014,Consumer,West,Oregon,Portland,Furniture,Storage,Compact File Cabinet,3,0,577.31,164.7,20.04
1292,ORD-10766,2025-11-16,2025-11-19,Second Class,CUST-0153,Customer 153,Corporate,South,Georgia,Atlanta,Furniture,Storage,Flex 5-Shelf Bookcase,2,0.05,583.5,102.12,20.72
1293,ORD-10767,2024-07-25,2024-07-30,Standard Class,CUST-0166,Customer 166,Consumer,Central,Illinois,Chicago,Office Supplies,Writing,Glide Gel Pen Pack,4,0.05,67.42,26.51,6.85
1294,ORD-10768,2025-05-14,2025-05-17,Second Class,CUST-0196,Customer 196,Consumer,West,California,Los Angeles,Technology,Computers,Apex 14 Laptop,3,0.2,2961.33,69.91,78.15
1295,ORD-10768,2025-05-14,2025-05-17,Second Class,CUST-0196,Customer 196,Consumer,West,California,Los Angeles,Furniture,Storage,Flex 5-Shelf Bookcase,3,0.05,822.34,147.73,25.4
1296,ORD-10769,2024-03-18,2024-03-21,Second Class,CUST-0028,Customer 028,Home Office,West,California,Los Angeles,Office Supplies,Binders,ProBind Presentation Set,1,0.3,27.58,-4.91,10.03
1297,ORD-10769,2024-03-18,2024-03-21,Second Class,CUST-0028,Customer 028,Home Office,West,California,Los Angeles,Office Supplies,Writing,Glide Gel Pen Pack,1,0.3,12.4,-5.73,9.63
1298,ORD-10769,2024-03-18,2024-03-21,Second Class,CUST-0028,Customer 028,Home Office,West,California,Los Angeles,Furniture,Storage,Flex 5-Shelf Bookcase,2,0.1,558.47,72.24,20.84
1299,ORD-10770,2023-07-13,2023-07-18,Standard Class,CUST-0113,Customer 113,Corporate,East,New Jersey,Newark,Furniture,Storage,Compact File Cabinet,1,0.15,167.71,25.17,8.37
1300,ORD-10771,2024-01-13,2024-01-15,First Class,CUST-0046,Customer 046,Consumer,West,Washington,Seattle,Technology,Computers,Vertex 24 Monitor,2,0.1,514.42,100.1,19.93
1301,ORD-10771,2024-01-13,2024-01-15,First Class,CUST-0046,Customer 046,Consumer,West,Washington,Seattle,Office Supplies,Art,Studio Marker Set,1,0,29.45,4.58,9.85
1302,ORD-10772,2023-08-02,2023-08-07,Standard Class,CUST-0076,Customer 076,Corporate,Central,Minnesota,Minneapolis,Office Supplies,Writing,Glide Gel Pen Pack,5,0,83.15,36.24,7.0
1303,ORD-10773,2025-12-08,2025-12-13,Standard Class,CUST-0092,Customer 092,Corporate,Central,Minnesota,Minneapolis,Furniture,Tables,LiftPro Standing Desk,1,0.1,801.9,-141.42,16.69
1304,ORD-10774,2025-07-31,2025-08-02,First Class,CUST-0041,Customer 041,Consumer,West,Washington,Seattle,Office Supplies,Binders,ProBind Presentation Set,4,0,146.04,50.78,12.02
1305,ORD-10774,2025-07-31,2025-08-02,First Class,CUST-0041,Customer 041,Consumer,West,Washington,Seattle,Office Supplies,Binders,ProBind Presentation Set,1,0.05,36.09,4.43,10.01
1306,ORD-10774,2025-07-31,2025-08-02,First Class,CUST-0041,Customer 041,Consumer,West,Washington,Seattle,Furniture,Storage,Flex 5-Shelf Bookcase,3,0,800.0,175.82,24.18
1307,ORD-10774,2025-07-31,2025-08-02,First Class,CUST-0041,Customer 041,Consumer,West,Washington,Seattle,Furniture,Storage,Flex 5-Shelf Bookcase,3,0,924.24,204.57,26.49
1308,ORD-10775,2025-04-21,2025-04-26,Standard Class,CUST-0233,Customer 233,Home Office,East,New Jersey,Newark,Technology,Accessories,Vector USB-C Hub,2,0.05,139.84,55.52,7.77
1309,ORD-10775,2025-04-21,2025-04-26,Standard Class,CUST-0233,Customer 233,Home Office,East,New Jersey,Newark,Furniture,Tables,Oakline Writing Desk,2,0,1112.72,-30.48,19.35
1310,ORD-10776,2025-12-25,2025-12-27,First Class,CUST-0111,Customer 111,Corporate,East,Pennsylvania,Philadelphia,Furniture,Chairs,ErgoMesh Office Chair,1,0,517.58,120.82,18.93
1311,ORD-10777,2024-01-30,2024-02-02,Second Class,CUST-0121,Customer 121,Home Office,South,North Carolina,Charlotte,Office Supplies,Binders,ProBind Presentation Set,2,0,75.34,21.7,10.7
1312,ORD-10777,2024-01-30,2024-02-02,Second Class,CUST-0121,Customer 121,Home Office,South,North Carolina,Charlotte,Technology,Phones,Pulse Pro Smartphone,2,0.1,1440.59,265.06,39.07
1313,ORD-10778,2023-11-29,2023-12-02,Second Class,CUST-0175,Customer 175,Home Office,West,Washington,Seattle,Office Supplies,Art,Studio Marker Set,1,0,33.23,6.36,9.92
1314,ORD-10778,2023-11-29,2023-12-02,Second Class,CUST-0175,Customer 175,Home Office,West,Washington,Seattle,Office Supplies,Binders,ProBind Presentation Set,4,0.1,152.54,43.48,12.45
1315,ORD-10778,2023-11-29,2023-12-02,Second Class,CUST-0175,Customer 175,Home Office,West,Washington,Seattle,Technology,Phones,Pulse Pro Smartphone,2,0,1950.2,519.99,45.57
1316,ORD-10779,2023-07-04,2023-07-04,Same Day,CUST-0011,Customer 011,Consumer,Central,Texas,Houston,Office Supplies,Labels,QuickShip Label Roll,2,0.1,43.16,10.91,10.19
1317,ORD-10780,2023-12-28,2024-01-02,Standard Class,CUST-0150,Customer 150,Home Office,East,New York,New York City,Furniture,Tables,LiftPro Standing Desk,2,0.1,1727.9,-297.83,29.04
1318,ORD-10781,2024-06-01,2024-06-01,Same Day,CUST-0145,Customer 145,Home Office,South,North Carolina,Charlotte,Technology,Phones,Nova X Smartphone,2,0.15,1223.82,223.08,36.08
1319,ORD-10782,2024-05-03,2024-05-03,Same Day,CUST-0212,Customer 212,Consumer,West,Washington,Seattle,Office Supplies,Paper,BrightCopy Paper Case,1,0,53.83,13.92,10.3
1320,ORD-10782,2024-05-03,2024-05-03,Same Day,CUST-0212,Customer 212,Consumer,West,Washington,Seattle,Office Supplies,Binders,ProBind Presentation Set,3,0.4,67.76,-8.01,11.4
1321,ORD-10782,2024-05-03,2024-05-03,Same Day,CUST-0212,Customer 212,Consumer,West,Washington,Seattle,Furniture,Storage,Compact File Cabinet,2,0.05,371.9,89.11,16.58
1322,ORD-10783,2025-06-19,2025-06-24,Standard Class,CUST-0157,Customer 157,Home Office,East,New Jersey,Newark,Office Supplies,Writing,Glide Gel Pen Pack,3,0,54.95,21.91,6.66
1323,ORD-10784,2024-02-15,2024-02-18,Second Class,CUST-0086,Customer 086,Corporate,West,California,San Francisco,Office Supplies,Writing,Glide Gel Pen Pack,2,0.05,33.56,6.64,9.96
1324,ORD-10785,2023-10-25,2023-10-27,First Class,CUST-0237,Customer 237,Consumer,Central,Texas,Dallas,Office Supplies,Writing,Glide Gel Pen Pack,2,0.1,34.41,6.05,10.01
1325,ORD-10786,2024-04-20,2024-04-20,Same Day,CUST-0004,Customer 004,Consumer,Central,Minnesota,Minneapolis,Furniture,Tables,Oakline Writing Desk,1,0.4,344.84,-255.63,19.99
1326,ORD-10787,2023-10-11,2023-10-16,Standard Class,CUST-0035,Customer 035,Corporate,East,New Jersey,Newark,Technology,Phones,Nova X Smartphone,3,0.1,2003.11,479.19,32.71
1327,ORD-10788,2025-11-23,2025-11-28,Standard Class,CUST-0234,Customer 234,Home Office,West,Oregon,Portland,Office Supplies,Storage,Archive Storage Box Set,4,0.4,120.47,-6.4,8.41
1328,ORD-10789,2024-04-15,2024-04-17,First Class,CUST-0022,Customer 022,Home Office,Central,Illinois,Chicago,Office Supplies,Writing,Glide Gel Pen Pack,4,0,73.98,27.79,10.68
1329,ORD-10790,2025-12-29,2026-01-03,Standard Class,CUST-0022,Customer 022,Home Office,East,Massachusetts,Boston,Office Supplies,Storage,Archive Storage Box Set,4,0.1,156.18,45.71,8.08
1330,ORD-10791,2024-05-03,2024-05-08,Standard Class,CUST-0061,Customer 061,Consumer,East,New Jersey,Newark,Technology,Phones,Nova X Smartphone,2,0.15,1256.06,242.26,23.73
1331,ORD-10791,2024-05-03,2024-05-08,Standard Class,CUST-0061,Customer 061,Consumer,East,New Jersey,Newark,Office Supplies,Labels,QuickShip Label Roll,1,0,22.93,6.1,6.28
1332,ORD-10791,2024-05-03,2024-05-08,Standard Class,CUST-0061,Customer 061,Consumer,East,New Jersey,Newark,Office Supplies,Paper,BrightCopy Paper Case,1,0.2,46.64,7.88,6.7
1333,ORD-10792,2024-02-09,2024-02-14,Standard Class,CUST-0027,Customer 027,Consumer,West,California,Los Angeles,Office Supplies,Binders,ProBind Presentation Set,1,0.4,21.93,-5.34,6.44
1334,ORD-10793,2023-07-19,2023-07-24,Standard Class,CUST-0022,Customer 022,Home Office,West,California,Los Angeles,Technology,Computers,Vertex 24 Monitor,1,0.3,212.96,-6.6,9.65
1335,ORD-10793,2023-07-19,2023-07-24,Standard Class,CUST-0022,Customer 022,Home Office,West,California,Los Angeles,Furniture,Tables,Oakline Writing Desk,1,0.4,318.08,-229.71,12.36
1336,ORD-10793,2023-07-19,2023-07-24,Standard Class,CUST-0022,Customer 022,Home Office,West,California,Los Angeles,Technology,Phones,Nova X Smartphone,2,0.1,1321.18,314.02,23.62
1337,ORD-10794,2024-11-18,2024-11-23,Standard Class,CUST-0031,Customer 031,Consumer,East,New York,New York City,Technology,Computers,Apex 14 Laptop,1,0.1,1229.37,168.85,22.39
1338,ORD-10795,2025-05-19,2025-05-21,First Class,CUST-0116,Customer 116,Corporate,West,Washington,Seattle,Furniture,Chairs,ErgoMesh Office Chair,5,0,2001.86,493.97,46.53
1339,ORD-10795,2025-05-19,2025-05-21,First Class,CUST-0116,Customer 116,Corporate,West,Washington,Seattle,Office Supplies,Storage,Archive Storage Box Set,1,0.05,42.83,6.09,10.14
1340,ORD-10795,2025-05-19,2025-05-21,First Class,CUST-0116,Customer 116,Corporate,West,Washington,Seattle,Furniture,Chairs,Metro Task Chair,3,0.1,595.18,110.66,21.6
1341,ORD-10796,2024-09-28,2024-09-30,First Class,CUST-0080,Customer 080,Consumer,West,Oregon,Portland,Technology,Phones,Pulse Pro Smartphone,2,0.2,1485.59,123.28,43.84
1342,ORD-10797,2025-01-31,2025-02-05,Standard Class,CUST-0071,Customer 071,Consumer,Central,Illinois,Chicago,Furniture,Chairs,Metro Task Chair,2,0.15,365.16,53.28,11.16
1343,ORD-10797,2025-01-31,2025-02-05,Standard Class,CUST-0071,Customer 071,Consumer,Central,Illinois,Chicago,Office Supplies,Paper,BrightCopy Paper Case,4,0,191.31,77.79,8.3
1344,ORD-10798,2025-10-29,2025-11-01,Second Class,CUST-0037,Customer 037,Corporate,Central,Minnesota,Minneapolis,Office Supplies,Labels,QuickShip Label Roll,2,0.1,46.22,12.34,10.26
1345,ORD-10798,2025-10-29,2025-11-01,Second Class,CUST-0037,Customer 037,Corporate,Central,Minnesota,Minneapolis,Technology,Phones,Nova X Smartphone,4,0.15,2472.11,460.11,63.4
1346,ORD-10798,2025-10-29,2025-11-01,Second Class,CUST-0037,Customer 037,Corporate,Central,Minnesota,Minneapolis,Furniture,Chairs,Metro Task Chair,4,0.2,754.29,67.45,26.84
1347,ORD-10799,2024-06-12,2024-06-17,Standard Class,CUST-0044,Customer 044,Corporate,West,Washington,Seattle,Office Supplies,Binders,ProBind Presentation Set,2,0.05,73.53,22.48,6.93
1348,ORD-10800,2025-02-07,2025-02-12,Standard Class,CUST-0006,Customer 006,Consumer,Central,Texas,Dallas,Office Supplies,Paper,BrightCopy Paper Case,2,0,98.27,37.04,7.18
1349,ORD-10800,2025-02-07,2025-02-12,Standard Class,CUST-0006,Customer 006,Consumer,Central,Texas,Dallas,Technology,Phones,Pulse Pro Smartphone,3,0.1,2219.39,432.95,35.59
1350,ORD-10801,2023-09-04,2023-09-04,Same Day,CUST-0004,Customer 004,Consumer,Central,Texas,Dallas,Technology,Accessories,Vector USB-C Hub,2,0,165.06,66.86,12.37
1351,ORD-10802,2025-01-02,2025-01-04,First Class,CUST-0130,Customer 130,Corporate,Central,Texas,Houston,Office Supplies,Storage,Archive Storage Box Set,5,0.15,176.64,40.86,13.17
1352,ORD-10803,2025-02-12,2025-02-17,Standard Class,CUST-0068,Customer 068,Consumer,South,North Carolina,Charlotte,Office Supplies,Binders,ProBind Presentation Set,4,0,142.27,53.47,7.71
1353,ORD-10803,2025-02-12,2025-02-17,Standard Class,CUST-0068,Customer 068,Consumer,South,North Carolina,Charlotte,Office Supplies,Storage,Archive Storage Box Set,1,0.2,33.17,2.21,6.5
1354,ORD-10804,2025-02-23,2025-02-25,First Class,CUST-0104,Customer 104,Consumer,South,Florida,Miami,Office Supplies,Paper,BrightCopy Paper Case,2,0.3,75.46,4.86,11.31
1355,ORD-10804,2025-02-23,2025-02-25,First Class,CUST-0104,Customer 104,Consumer,South,Florida,Miami,Furniture,Storage,Flex 5-Shelf Bookcase,5,0.4,788.78,-230.94,33.75
1356,ORD-10804,2025-02-23,2025-02-25,First Class,CUST-0104,Customer 104,Consumer,South,Florida,Miami,Furniture,Storage,Flex 5-Shelf Bookcase,4,0,1081.88,241.05,29.42
1357,ORD-10804,2025-02-23,2025-02-25,First Class,CUST-0104,Customer 104,Consumer,South,Florida,Miami,Technology,Phones,Pulse Pro Smartphone,3,0,2416.79,646.62,54.25
1358,ORD-10805,2023-05-10,2023-05-15,Standard Class,CUST-0044,Customer 044,Corporate,West,Oregon,Portland,Office Supplies,Binders,ProBind Presentation Set,3,0,113.07,41.26,7.36
1359,ORD-10805,2023-05-10,2023-05-15,Standard Class,CUST-0044,Customer 044,Corporate,West,Oregon,Portland,Furniture,Chairs,ErgoMesh Office Chair,2,0,919.05,231.11,17.03
1360,ORD-10806,2025-05-17,2025-05-22,Standard Class,CUST-0167,Customer 167,Corporate,East,New Jersey,Newark,Technology,Phones,Nova X Smartphone,3,0.05,1957.8,546.3,30.73
1361,ORD-10806,2025-05-17,2025-05-22,Standard Class,CUST-0167,Customer 167,Corporate,East,New Jersey,Newark,Office Supplies,Writing,Glide Gel Pen Pack,1,0,16.82,2.55,6.2
1362,ORD-10807,2025-01-31,2025-02-05,Standard Class,CUST-0200,Customer 200,Corporate,West,California,San Francisco,Furniture,Chairs,ErgoMesh Office Chair,2,0.05,791.72,167.35,16.0
1363,ORD-10808,2025-11-06,2025-11-09,Second Class,CUST-0079,Customer 079,Consumer,West,California,San Francisco,Office Supplies,Writing,Glide Gel Pen Pack,2,0,38.44,9.97,10.02
1364,ORD-10809,2024-08-29,2024-09-03,Standard Class,CUST-0213,Customer 213,Home Office,Central,Texas,Houston,Office Supplies,Paper,BrightCopy Paper Case,1,0.1,46.88,11.6,6.63
1365,ORD-10809,2024-08-29,2024-09-03,Standard Class,CUST-0213,Customer 213,Home Office,Central,Texas,Houston,Furniture,Chairs,ErgoMesh Office Chair,2,0.15,765.58,91.27,16.81
1366,ORD-10810,2023-05-14,2023-05-19,Standard Class,CUST-0054,Customer 054,Home Office,Central,Texas,Houston,Technology,Accessories,Vector USB-C Hub,3,0.15,204.83,70.63,8.89
1367,ORD-10811,2024-02-11,2024-02-16,Standard Class,CUST-0033,Customer 033,Consumer,South,Florida,Miami,Technology,Accessories,Vector USB-C Hub,1,0.2,58.34,13.54,6.88
1368,ORD-10812,2023-05-08,2023-05-13,Standard Class,CUST-0008,Customer 008,Corporate,West,California,Los Angeles,Office Supplies,Paper,BrightCopy Paper Case,1,0.05,54.12,16.11,6.68
1369,ORD-10813,2023-09-23,2023-09-26,Second Class,CUST-0115,Customer 115,Corporate,Central,Texas,Dallas,Office Supplies,Binders,ProBind Presentation Set,2,0,78.71,23.08,10.76
1370,ORD-10813,2023-09-23,2023-09-26,Second Class,CUST-0115,Customer 115,Corporate,Central,Texas,Dallas,Technology,Phones,Nova X Smartphone,1,0.15,629.13,110.16,23.07
1371,ORD-10813,2023-09-23,2023-09-26,Second Class,CUST-0115,Customer 115,Corporate,Central,Texas,Dallas,Technology,Accessories,Vector USB-C Hub,1,0,78.85,27.08,10.77
1372,ORD-10814,2024-10-03,2024-10-05,First Class,CUST-0177,Customer 177,Corporate,Central,Texas,Dallas,Office Supplies,Paper,BrightCopy Paper Case,1,0,55.3,14.55,10.33
1373,ORD-10815,2025-02-16,2025-02-16,Same Day,CUST-0041,Customer 041,Consumer,South,North Carolina,Charlotte,Office Supplies,Paper,BrightCopy Paper Case,3,0,158.02,58.87,12.24
1374,ORD-10815,2025-02-16,2025-02-16,Same Day,CUST-0041,Customer 041,Consumer,South,North Carolina,Charlotte,Furniture,Chairs,ErgoMesh Office Chair,4,0,1724.55,424.25,41.38
1375,ORD-10815,2025-02-16,2025-02-16,Same Day,CUST-0041,Customer 041,Consumer,South,North Carolina,Charlotte,Furniture,Chairs,Metro Task Chair,2,0.05,451.67,100.72,18.14
1376,ORD-10816,2023-01-14,2023-01-19,Standard Class,CUST-0018,Customer 018,Corporate,East,New York,New York City,Office Supplies,Art,Studio Marker Set,2,0,64.01,24.59,6.77
1377,ORD-10817,2025-04-16,2025-04-21,Standard Class,CUST-0185,Customer 185,Corporate,West,Washington,Seattle,Technology,Computers,Apex 14 Laptop,1,0,1220.2,272.21,20.64
1378,ORD-10817,2025-04-16,2025-04-21,Standard Class,CUST-0185,Customer 185,Corporate,West,Washington,Seattle,Technology,Phones,Pulse Pro Smartphone,2,0,1659.58,455.37,25.91
1379,ORD-10817,2025-04-16,2025-04-21,Standard Class,CUST-0185,Customer 185,Corporate,West,Washington,Seattle,Office Supplies,Storage,Archive Storage Box Set,5,0.1,195.06,58.59,8.6
1380,ORD-10818,2025-09-13,2025-09-18,Standard Class,CUST-0159,Customer 159,Consumer,South,Florida,Miami,Office Supplies,Paper,BrightCopy Paper Case,2,0.05,100.76,35.16,7.27
1381,ORD-10818,2025-09-13,2025-09-18,Standard Class,CUST-0159,Customer 159,Consumer,South,Florida,Miami,Furniture,Chairs,Metro Task Chair,2,0.2,366.45,34.31,11.5
1382,ORD-10819,2023-07-28,2023-08-02,Standard Class,CUST-0230,Customer 230,Corporate,South,Georgia,Atlanta,Office Supplies,Writing,Glide Gel Pen Pack,3,0,53.92,21.39,6.65
1383,ORD-10819,2023-07-28,2023-08-02,Standard Class,CUST-0230,Customer 230,Corporate,South,Georgia,Atlanta,Furniture,Tables,LiftPro Standing Desk,1,0.1,671.67,-119.44,14.96
1384,ORD-10819,2023-07-28,2023-08-02,Standard Class,CUST-0230,Customer 230,Corporate,South,Georgia,Atlanta,Furniture,Tables,Oakline Writing Desk,2,0,1041.07,-28.9,18.49
1385,ORD-10820,2023-04-19,2023-04-22,Second Class,CUST-0015,Customer 015,Home Office,West,California,San Francisco,Office Supplies,Paper,BrightCopy Paper Case,5,0.4,160.5,-0.9,14.28
1386,ORD-10821,2023-09-07,2023-09-12,Standard Class,CUST-0198,Customer 198,Corporate,East,Pennsylvania,Philadelphia,Furniture,Storage,Compact File Cabinet,2,0,361.84,105.45,10.34
1387,ORD-10822,2024-11-18,2024-11-23,Standard Class,CUST-0086,Customer 086,Corporate,West,Washington,Seattle,Technology,Phones,Pulse Pro Smartphone,2,0.15,1764.84,259.76,30.92
1388,ORD-10823,2025-03-01,2025-03-06,Standard Class,CUST-0156,Customer 156,Consumer,East,New Jersey,Newark,Furniture,Storage,Compact File Cabinet,1,0.1,170.11,33.31,8.27
1389,ORD-10824,2023-03-21,2023-03-23,First Class,CUST-0203,Customer 203,Home Office,East,New Jersey,Newark,Technology,Accessories,Orbit Wireless Headset,1,0,127.18,41.74,11.67
1390,ORD-10825,2024-08-30,2024-09-04,Standard Class,CUST-0078,Customer 078,Home Office,East,Massachusetts,Boston,Furniture,Storage,Compact File Cabinet,4,0.15,681.06,120.6,15.61
1391,ORD-10825,2024-08-30,2024-09-04,Standard Class,CUST-0078,Customer 078,Home Office,East,Massachusetts,Boston,Furniture,Storage,Compact File Cabinet,3,0.15,444.42,76.62,12.27
1392,ORD-10826,2025-01-25,2025-01-30,Standard Class,CUST-0030,Customer 030,Home Office,East,Massachusetts,Boston,Office Supplies,Binders,ProBind Presentation Set,4,0.2,120.38,26.8,7.81
1393,ORD-10826,2025-01-25,2025-01-30,Standard Class,CUST-0030,Customer 030,Home Office,East,Massachusetts,Boston,Furniture,Storage,Flex 5-Shelf Bookcase,1,0.15,216.1,16.37,9.05
1394,ORD-10827,2025-02-06,2025-02-11,Standard Class,CUST-0085,Customer 085,Home Office,West,California,San Francisco,Technology,Accessories,Vector USB-C Hub,1,0.2,55.81,12.7,6.84
1395,ORD-10828,2025-03-28,2025-04-02,Standard Class,CUST-0124,Customer 124,Home Office,East,New Jersey,Newark,Technology,Accessories,Orbit Wireless Headset,3,0,372.92,146.15,10.48
1396,ORD-10828,2025-03-28,2025-04-02,Standard Class,CUST-0124,Customer 124,Home Office,East,New Jersey,Newark,Office Supplies,Art,Studio Marker Set,1,0,33.77,10.14,6.41
1397,ORD-10829,2025-07-26,2025-07-31,Standard Class,CUST-0046,Customer 046,Consumer,East,Massachusetts,Boston,Technology,Accessories,Vector USB-C Hub,2,0,166.3,71.83,8.0
1398,ORD-10830,2024-04-30,2024-05-05,Standard Class,CUST-0158,Customer 158,Corporate,South,Georgia,Atlanta,Office Supplies,Storage,Archive Storage Box Set,1,0.1,39.2,6.98,6.52
1399,ORD-10831,2025-07-07,2025-07-12,Standard Class,CUST-0186,Customer 186,Home Office,South,Georgia,Atlanta,Office Supplies,Binders,ProBind Presentation Set,4,0,147.83,55.8,7.77
1400,ORD-10831,2025-07-07,2025-07-12,Standard Class,CUST-0186,Customer 186,Home Office,South,Georgia,Atlanta,Technology,Accessories,Orbit Wireless Headset,3,0.15,331.76,94.7,10.68
1401,ORD-10832,2024-05-31,2024-06-02,First Class,CUST-0027,Customer 027,Consumer,South,Tennessee,Nashville,Technology,Accessories,Orbit Wireless Headset,2,0.05,227.21,74.74,13.75
1402,ORD-10833,2025-03-11,2025-03-16,Standard Class,CUST-0007,Customer 007,Corporate,East,Pennsylvania,Philadelphia,Office Supplies,Paper,BrightCopy Paper Case,3,0.05,148.73,54.75,7.88
1403,ORD-10833,2025-03-11,2025-03-16,Standard Class,CUST-0007,Customer 007,Corporate,East,Pennsylvania,Philadelphia,Office Supplies,Labels,QuickShip Label Roll,2,0,49.15,19.95,6.59
1404,ORD-10834,2023-12-13,2023-12-18,Standard Class,CUST-0133,Customer 133,Corporate,West,California,Los Angeles,Technology,Accessories,Orbit Wireless Headset,4,0,574.42,228.37,12.89
1405,ORD-10834,2023-12-13,2023-12-18,Standard Class,CUST-0133,Customer 133,Corporate,West,California,Los Angeles,Office Supplies,Binders,ProBind Presentation Set,2,0.3,63.85,4.77,7.09
1406,ORD-10835,2023-11-24,2023-11-24,Same Day,CUST-0006,Customer 006,Consumer,East,Massachusetts,Boston,Office Supplies,Binders,ProBind Presentation Set,1,0.05,40.37,6.06,10.09
1407,ORD-10836,2023-04-16,2023-04-21,Standard Class,CUST-0126,Customer 126,Consumer,East,Pennsylvania,Philadelphia,Office Supplies,Storage,Archive Storage Box Set,5,0.15,178.16,45.98,8.52
1408,ORD-10836,2023-04-16,2023-04-21,Standard Class,CUST-0126,Customer 126,Consumer,East,Pennsylvania,Philadelphia,Office Supplies,Paper,BrightCopy Paper Case,3,0.15,131.58,38.58,7.86
1409,ORD-10836,2023-04-16,2023-04-21,Standard Class,CUST-0126,Customer 126,Consumer,East,Pennsylvania,Philadelphia,Office Supplies,Binders,ProBind Presentation Set,1,0,40.12,10.77,6.48
1410,ORD-10837,2024-03-16,2024-03-21,Standard Class,CUST-0188,Customer 188,Consumer,South,Tennessee,Nashville,Technology,Computers,Vertex 24 Monitor,1,0,326.45,91.28,9.92
1411,ORD-10837,2024-03-16,2024-03-21,Standard Class,CUST-0188,Customer 188,Consumer,South,Tennessee,Nashville,Technology,Accessories,Orbit Wireless Headset,3,0,367.5,143.94,10.41
1412,ORD-10838,2025-09-02,2025-09-05,Second Class,CUST-0178,Customer 178,Corporate,South,Georgia,Atlanta,Technology,Phones,Pulse Pro Smartphone,1,0,862.98,224.91,25.35
1413,ORD-10839,2023-04-03,2023-04-08,Standard Class,CUST-0228,Customer 228,Corporate,East,New Jersey,Newark,Furniture,Chairs,Metro Task Chair,1,0.3,177.25,-9.04,9.04
1414,ORD-10840,2024-10-30,2024-11-04,Standard Class,CUST-0006,Customer 006,Consumer,East,New Jersey,Newark,Office Supplies,Storage,Archive Storage Box Set,2,0.15,75.92,16.16,7.07
1415,ORD-10840,2024-10-30,2024-11-04,Standard Class,CUST-0006,Customer 006,Consumer,East,New Jersey,Newark,Technology,Phones,Pulse Pro Smartphone,1,0.2,771.89,69.25,17.58
1416,ORD-10840,2024-10-30,2024-11-04,Standard Class,CUST-0006,Customer 006,Consumer,East,New Jersey,Newark,Office Supplies,Labels,QuickShip Label Roll,3,0.3,47.73,9.55,6.82
1417,ORD-10840,2024-10-30,2024-11-04,Standard Class,CUST-0006,Customer 006,Consumer,East,New Jersey,Newark,Office Supplies,Writing,Glide Gel Pen Pack,4,0,72.14,30.64,6.87
1418,ORD-10841,2024-05-07,2024-05-10,Second Class,CUST-0011,Customer 011,Consumer,Central,Minnesota,Minneapolis,Furniture,Tables,Oakline Writing Desk,5,0.1,2614.4,-382.87,63.33
1419,ORD-10841,2024-05-07,2024-05-10,Second Class,CUST-0011,Customer 011,Consumer,Central,Minnesota,Minneapolis,Office Supplies,Labels,QuickShip Label Roll,3,0.4,42.29,-0.74,10.61
1420,ORD-10841,2024-05-07,2024-05-10,Second Class,CUST-0011,Customer 011,Consumer,Central,Minnesota,Minneapolis,Office Supplies,Storage,Archive Storage Box Set,3,0.15,108.82,21.61,11.68
1421,ORD-10842,2023-06-27,2023-07-02,Standard Class,CUST-0170,Customer 170,Home Office,East,Massachusetts,Boston,Office Supplies,Art,Studio Marker Set,2,0.15,51.99,14.07,6.73
1422,ORD-10843,2024-03-07,2024-03-10,Second Class,CUST-0229,Customer 229,Consumer,South,Georgia,Atlanta,Office Supplies,Binders,ProBind Presentation Set,3,0.05,104.4,30.42,11.34
1423,ORD-10843,2024-03-07,2024-03-10,Second Class,CUST-0229,Customer 229,Consumer,South,Georgia,Atlanta,Technology,Accessories,Orbit Wireless Headset,2,0.15,229.69,58.63,14.33
1424,ORD-10844,2025-04-02,2025-04-07,Standard Class,CUST-0150,Customer 150,Home Office,South,Florida,Miami,Office Supplies,Binders,ProBind Presentation Set,2,0,77.07,26.22,6.92
1425,ORD-10844,2025-04-02,2025-04-07,Standard Class,CUST-0150,Customer 150,Home Office,South,Florida,Miami,Office Supplies,Paper,BrightCopy Paper Case,3,0.1,145.41,48.61,7.94
1426,ORD-10845,2023-10-14,2023-10-14,Same Day,CUST-0027,Customer 027,Consumer,South,Georgia,Atlanta,Technology,Accessories,Vector USB-C Hub,2,0.15,134.57,40.0,12.24
1427,ORD-10845,2023-10-14,2023-10-14,Same Day,CUST-0027,Customer 027,Consumer,South,Georgia,Atlanta,Office Supplies,Storage,Archive Storage Box Set,4,0.1,139.75,35.95,12.19
1428,ORD-10845,2023-10-14,2023-10-14,Same Day,CUST-0027,Customer 027,Consumer,South,Georgia,Atlanta,Technology,Accessories,Vector USB-C Hub,2,0.2,129.46,33.0,12.31
1429,ORD-10846,2024-08-11,2024-08-16,Standard Class,CUST-0175,Customer 175,Home Office,West,Washington,Seattle,Technology,Computers,Vertex 24 Monitor,3,0.05,905.43,230.36,17.44
1430,ORD-10847,2024-05-07,2024-05-07,Same Day,CUST-0095,Customer 095,Consumer,West,California,San Francisco,Furniture,Tables,LiftPro Standing Desk,1,0,770.37,-54.44,23.63
1431,ORD-10847,2024-05-07,2024-05-07,Same Day,CUST-0095,Customer 095,Consumer,West,California,San Francisco,Office Supplies,Writing,Glide Gel Pen Pack,5,0.1,77.26,25.16,10.9
1432,ORD-10848,2023-04-06,2023-04-09,Second Class,CUST-0034,Customer 034,Home Office,South,Florida,Miami,Furniture,Storage,Flex 5-Shelf Bookcase,2,0,582.78,125.56,20.14
1433,ORD-10848,2023-04-06,2023-04-09,Second Class,CUST-0034,Customer 034,Home Office,South,Florida,Miami,Office Supplies,Storage,Archive Storage Box Set,1,0,40.95,6.73,10.06
1434,ORD-10848,2023-04-06,2023-04-09,Second Class,CUST-0034,Customer 034,Home Office,South,Florida,Miami,Technology,Accessories,Orbit Wireless Headset,2,0.1,222.38,65.17,13.9
1435,ORD-10848,2023-04-06,2023-04-09,Second Class,CUST-0034,Customer 034,Home Office,South,Florida,Miami,Furniture,Storage,Compact File Cabinet,1,0.05,165.45,34.48,12.54
1436,ORD-10849,2024-03-08,2024-03-13,Standard Class,CUST-0163,Customer 163,Home Office,South,Florida,Miami,Office Supplies,Binders,ProBind Presentation Set,3,0.1,99.08,29.01,7.32
1437,ORD-10850,2024-02-28,2024-03-02,Second Class,CUST-0130,Customer 130,Corporate,East,New Jersey,Newark,Office Supplies,Writing,Glide Gel Pen Pack,4,0.05,62.11,20.21,10.52
1438,ORD-10851,2024-10-19,2024-10-24,Standard Class,CUST-0082,Customer 082,Consumer,West,Washington,Seattle,Office Supplies,Writing,Glide Gel Pen Pack,5,0,90.7,40.07,7.09
1439,ORD-10851,2024-10-19,2024-10-24,Standard Class,CUST-0082,Customer 082,Consumer,West,Washington,Seattle,Office Supplies,Labels,QuickShip Label Roll,1,0.15,20.85,3.28,6.29
1440,ORD-10852,2024-04-28,2024-05-03,Standard Class,CUST-0227,Customer 227,Consumer,West,Washington,Seattle,Furniture,Storage,Compact File Cabinet,2,0.05,361.98,92.31,10.57
1441,ORD-10853,2023-09-15,2023-09-17,First Class,CUST-0019,Customer 019,Consumer,East,Pennsylvania,Philadelphia,Furniture,Tables,Oakline Writing Desk,4,0,2065.41,-68.38,47.72
1442,ORD-10854,2025-10-18,2025-10-23,Standard Class,CUST-0060,Customer 060,Consumer,East,Pennsylvania,Philadelphia,Furniture,Tables,Oakline Writing Desk,2,0,1024.08,-28.53,18.29
1443,ORD-10855,2023-08-02,2023-08-05,Second Class,CUST-0016,Customer 016,Corporate,South,Florida,Miami,Office Supplies,Art,Studio Marker Set,1,0,30.31,4.99,9.86
1444,ORD-10855,2023-08-02,2023-08-05,Second Class,CUST-0016,Customer 016,Corporate,South,Florida,Miami,Technology,Phones,Pulse Pro Smartphone,1,0.05,872.81,194.11,26.39
1445,ORD-10856,2024-07-30,2024-08-01,First Class,CUST-0231,Customer 231,Corporate,East,Pennsylvania,Philadelphia,Furniture,Storage,Flex 5-Shelf Bookcase,1,0.05,289.19,45.92,14.96
1446,ORD-10856,2024-07-30,2024-08-01,First Class,CUST-0231,Customer 231,Corporate,East,Pennsylvania,Philadelphia,Furniture,Chairs,ErgoMesh Office Chair,2,0.2,724.83,37.27,26.15
1447,ORD-10857,2023-09-21,2023-09-23,First Class,CUST-0128,Customer 128,Home Office,Central,Texas,Houston,Office Supplies,Writing,Glide Gel Pen Pack,4,0,77.34,29.48,10.74
1448,ORD-10858,2023-12-09,2023-12-12,Second Class,CUST-0086,Customer 086,Corporate,South,Georgia,Atlanta,Technology,Accessories,Vector USB-C Hub,1,0,95.27,34.66,11.07
1449,ORD-10859,2025-06-23,2025-06-26,Second Class,CUST-0067,Customer 067,Corporate,West,Washington,Seattle,Furniture,Chairs,Metro Task Chair,1,0.15,187.27,19.65,13.4
1450,ORD-10859,2025-06-23,2025-06-26,Second Class,CUST-0067,Customer 067,Corporate,West,Washington,Seattle,Office Supplies,Writing,Glide Gel Pen Pack,4,0.1,61.87,18.29,10.58
1451,ORD-10859,2025-06-23,2025-06-26,Second Class,CUST-0067,Customer 067,Corporate,West,Washington,Seattle,Technology,Accessories,Orbit Wireless Headset,2,0.05,231.75,76.42,13.84
1452,ORD-10859,2025-06-23,2025-06-26,Second Class,CUST-0067,Customer 067,Corporate,West,Washington,Seattle,Office Supplies,Writing,Glide Gel Pen Pack,4,0.15,59.72,15.39,10.61
1453,ORD-10860,2025-06-06,2025-06-11,Standard Class,CUST-0030,Customer 030,Home Office,Central,Illinois,Chicago,Office Supplies,Storage,Archive Storage Box Set,1,0.05,37.1,7.59,6.47
1454,ORD-10860,2025-06-06,2025-06-11,Standard Class,CUST-0030,Customer 030,Home Office,Central,Illinois,Chicago,Furniture,Chairs,Metro Task Chair,3,0,742.37,207.8,14.91
1455,ORD-10861,2023-07-31,2023-08-05,Standard Class,CUST-0024,Customer 024,Home Office,South,Florida,Miami,Office Supplies,Writing,Glide Gel Pen Pack,2,0.05,34.3,10.54,6.43
1456,ORD-10861,2023-07-31,2023-08-05,Standard Class,CUST-0024,Customer 024,Home Office,South,Florida,Miami,Office Supplies,Paper,BrightCopy Paper Case,3,0.05,165.95,61.77,8.1
1457,ORD-10862,2024-11-05,2024-11-07,First Class,CUST-0155,Customer 155,Corporate,East,Massachusetts,Boston,Technology,Phones,Pulse Pro Smartphone,3,0.15,2434.16,338.35,62.57
1458,ORD-10863,2024-10-03,2024-10-06,Second Class,CUST-0204,Customer 204,Consumer,West,California,San Francisco,Office Supplies,Labels,QuickShip Label Roll,1,0.05,21.8,1.52,9.73
1459,ORD-10864,2024-11-23,2024-11-28,Standard Class,CUST-0119,Customer 119,Home Office,West,California,Los Angeles,Furniture,Chairs,Metro Task Chair,2,0.1,451.57,88.33,12.02
1460,ORD-10865,2023-12-04,2023-12-09,Standard Class,CUST-0131,Customer 131,Consumer,East,Massachusetts,Boston,Furniture,Tables,Oakline Writing Desk,5,0.15,2708.7,-554.11,44.24
1461,ORD-10866,2025-02-01,2025-02-06,Standard Class,CUST-0147,Customer 147,Corporate,East,Massachusetts,Boston,Office Supplies,Binders,ProBind Presentation Set,1,0,34.38,8.37,6.41
1462,ORD-10867,2023-10-13,2023-10-18,Standard Class,CUST-0063,Customer 063,Home Office,South,Florida,Miami,Technology,Accessories,Vector USB-C Hub,2,0.3,108.17,19.97,7.85
1463,ORD-10868,2023-05-16,2023-05-18,First Class,CUST-0170,Customer 170,Home Office,Central,Minnesota,Minneapolis,Office Supplies,Art,Studio Marker Set,4,0,127.24,50.68,11.67
1464,ORD-10869,2025-03-28,2025-04-02,Standard Class,CUST-0013,Customer 013,Consumer,Central,Texas,Dallas,Furniture,Tables,Oakline Writing Desk,1,0.05,558.48,-48.32,13.05
1465,ORD-10870,2024-05-05,2024-05-08,Second Class,CUST-0182,Customer 182,Home Office,East,Pennsylvania,Philadelphia,Technology,Computers,Vertex 24 Monitor,3,0.3,734.79,-18.32,28.82
1466,ORD-10870,2024-05-05,2024-05-08,Second Class,CUST-0182,Customer 182,Home Office,East,Pennsylvania,Philadelphia,Office Supplies,Paper,BrightCopy Paper Case,1,0,51.78,13.04,10.26
1467,ORD-10870,2024-05-05,2024-05-08,Second Class,CUST-0182,Customer 182,Home Office,East,Pennsylvania,Philadelphia,Furniture,Tables,Oakline Writing Desk,1,0,590.91,-26.2,20.29
1468,ORD-10871,2023-08-15,2023-08-20,Standard Class,CUST-0125,Customer 125,Consumer,East,Massachusetts,Boston,Technology,Computers,Vertex 24 Monitor,4,0.15,1085.02,182.92,21.32
1469,ORD-10872,2023-02-07,2023-02-12,Standard Class,CUST-0019,Customer 019,Consumer,South,Florida,Miami,Technology,Accessories,Orbit Wireless Headset,2,0.15,194.19,52.94,8.74
1470,ORD-10873,2024-04-06,2024-04-09,Second Class,CUST-0066,Customer 066,Home Office,Central,Minnesota,Minneapolis,Office Supplies,Labels,QuickShip Label Roll,3,0.15,64.88,19.05,10.72
1471,ORD-10874,2023-09-26,2023-09-28,First Class,CUST-0103,Customer 103,Corporate,East,Pennsylvania,Philadelphia,Office Supplies,Labels,QuickShip Label Roll,1,0,24.96,3.72,9.76
1472,ORD-10874,2023-09-26,2023-09-28,First Class,CUST-0103,Customer 103,Corporate,East,Pennsylvania,Philadelphia,Technology,Accessories,Vector USB-C Hub,2,0,159.03,64.08,12.26
1473,ORD-10875,2023-03-12,2023-03-17,Standard Class,CUST-0195,Customer 195,Consumer,South,Florida,Miami,Office Supplies,Paper,BrightCopy Paper Case,1,0.1,50.23,12.86,6.67
1474,ORD-10875,2023-03-12,2023-03-17,Standard Class,CUST-0195,Customer 195,Consumer,South,Florida,Miami,Office Supplies,Writing,Glide Gel Pen Pack,1,0.2,14.45,-0.44,6.22
1475,ORD-10876,2024-07-12,2024-07-17,Standard Class,CUST-0233,Customer 233,Home Office,South,Georgia,Atlanta,Office Supplies,Binders,ProBind Presentation Set,2,0.1,68.48,18.2,6.91
1476,ORD-10877,2023-04-28,2023-05-03,Standard Class,CUST-0124,Customer 124,Home Office,West,Oregon,Portland,Technology,Accessories,Orbit Wireless Headset,1,0.15,112.52,28.15,7.59
1477,ORD-10878,2023-02-17,2023-02-20,Second Class,CUST-0235,Customer 235,Corporate,West,California,Los Angeles,Furniture,Tables,Oakline Writing Desk,4,0.1,1920.76,-283.76,49.0
1478,ORD-10879,2023-09-10,2023-09-15,Standard Class,CUST-0004,Customer 004,Consumer,Central,Texas,Dallas,Office Supplies,Art,Studio Marker Set,2,0,61.31,23.3,6.74
1479,ORD-10880,2024-10-07,2024-10-12,Standard Class,CUST-0151,Customer 151,Corporate,West,Oregon,Portland,Office Supplies,Writing,Glide Gel Pen Pack,5,0.2,73.91,22.45,7.11
1480,ORD-10881,2023-04-29,2023-05-04,Standard Class,CUST-0028,Customer 028,Home Office,Central,Texas,Houston,Office Supplies,Labels,QuickShip Label Roll,1,0.2,20.3,2.33,6.3
1481,ORD-10881,2023-04-29,2023-05-04,Standard Class,CUST-0028,Customer 028,Home Office,Central,Texas,Houston,Office Supplies,Storage,Archive Storage Box Set,3,0.05,120.08,37.98,7.52
1482,ORD-10881,2023-04-29,2023-05-04,Standard Class,CUST-0028,Customer 028,Home Office,Central,Texas,Houston,Office Supplies,Storage,Archive Storage Box Set,4,0,171.39,62.21,8.06
1483,ORD-10882,2024-09-19,2024-09-24,Standard Class,CUST-0181,Customer 181,Consumer,West,Oregon,Portland,Furniture,Chairs,Metro Task Chair,2,0.4,288.29,-59.82,11.77
1484,ORD-10882,2024-09-19,2024-09-24,Standard Class,CUST-0181,Customer 181,Consumer,West,Oregon,Portland,Furniture,Storage,Compact File Cabinet,2,0.1,347.68,74.35,10.64
1485,ORD-10883,2023-11-22,2023-11-27,Standard Class,CUST-0062,Customer 062,Home Office,East,New York,New York City,Office Supplies,Binders,ProBind Presentation Set,2,0.05,74.53,22.87,6.94
1486,ORD-10883,2023-11-22,2023-11-27,Standard Class,CUST-0062,Customer 062,Home Office,East,New York,New York City,Office Supplies,Binders,ProBind Presentation Set,3,0.15,107.38,27.85,7.52
1487,ORD-10884,2024-02-17,2024-02-22,Standard Class,CUST-0236,Customer 236,Consumer,East,Massachusetts,Boston,Office Supplies,Storage,Archive Storage Box Set,2,0.05,79.33,23.06,7.0
1488,ORD-10885,2025-03-22,2025-03-27,Standard Class,CUST-0007,Customer 007,Corporate,Central,Texas,Houston,Office Supplies,Writing,Glide Gel Pen Pack,1,0,17.58,2.93,6.21
1489,ORD-10885,2025-03-22,2025-03-27,Standard Class,CUST-0007,Customer 007,Corporate,Central,Texas,Houston,Technology,Accessories,Vector USB-C Hub,3,0.1,203.93,77.38,8.72
1490,ORD-10886,2024-03-07,2024-03-10,Second Class,CUST-0015,Customer 015,Home Office,West,California,Los Angeles,Furniture,Tables,LiftPro Standing Desk,3,0.15,2044.85,-511.13,54.05
1491,ORD-10887,2023-11-24,2023-11-24,Same Day,CUST-0056,Customer 056,Consumer,West,Oregon,Portland,Office Supplies,Binders,ProBind Presentation Set,4,0.05,165.96,53.83,12.55
1492,ORD-10887,2023-11-24,2023-11-24,Same Day,CUST-0056,Customer 056,Consumer,West,Oregon,Portland,Office Supplies,Storage,Archive Storage Box Set,2,0.05,84.28,20.99,10.95
1493,ORD-10888,2023-12-04,2023-12-09,Standard Class,CUST-0136,Customer 136,Home Office,South,Georgia,Atlanta,Furniture,Chairs,Metro Task Chair,3,0.15,674.48,103.51,15.52
1494,ORD-10888,2023-12-04,2023-12-09,Standard Class,CUST-0136,Customer 136,Home Office,South,Georgia,Atlanta,Technology,Accessories,Orbit Wireless Headset,5,0.1,598.67,198.88,13.98
1495,ORD-10889,2025-11-27,2025-11-27,Same Day,CUST-0139,Customer 139,Corporate,West,Oregon,Portland,Technology,Accessories,Vector USB-C Hub,3,0.1,255.26,93.2,14.58
1496,ORD-10890,2023-06-12,2023-06-17,Standard Class,CUST-0153,Customer 153,Corporate,West,California,Los Angeles,Office Supplies,Writing,Glide Gel Pen Pack,1,0.05,17.54,2.46,6.22
1497,ORD-10891,2023-06-08,2023-06-11,Second Class,CUST-0116,Customer 116,Corporate,East,Pennsylvania,Philadelphia,Furniture,Tables,Oakline Writing Desk,1,0,580.48,-25.9,20.1
1498,ORD-10891,2023-06-08,2023-06-11,Second Class,CUST-0116,Customer 116,Corporate,East,Pennsylvania,Philadelphia,Office Supplies,Binders,ProBind Presentation Set,2,0.2,65.05,7.89,10.81
1499,ORD-10892,2023-11-28,2023-12-03,Standard Class,CUST-0212,Customer 212,Consumer,Central,Texas,Dallas,Office Supplies,Binders,ProBind Presentation Set,1,0,43.7,12.27,6.52
1500,ORD-10892,2023-11-28,2023-12-03,Standard Class,CUST-0212,Customer 212,Consumer,Central,Texas,Dallas,Office Supplies,Writing,Glide Gel Pen Pack,2,0.15,36.46,9.36,6.51
1501,ORD-10892,2023-11-28,2023-12-03,Standard Class,CUST-0212,Customer 212,Consumer,Central,Texas,Dallas,Office Supplies,Paper,BrightCopy Paper Case,3,0.4,105.03,0.65,8.1
1502,ORD-10893,2024-08-26,2024-08-31,Standard Class,CUST-0235,Customer 235,Corporate,East,New Jersey,Newark,Office Supplies,Writing,Glide Gel Pen Pack,3,0.3,36.08,4.72,6.62
1503,ORD-10894,2025-11-11,2025-11-16,Standard Class,CUST-0065,Customer 065,Consumer,East,Massachusetts,Boston,Office Supplies,Art,Studio Marker Set,4,0.05,146.29,59.91,7.85
1504,ORD-10895,2025-12-02,2025-12-07,Standard Class,CUST-0147,Customer 147,Corporate,West,California,Los Angeles,Office Supplies,Binders,ProBind Presentation Set,3,0.4,77.98,-3.66,7.56
1505,ORD-10895,2025-12-02,2025-12-07,Standard Class,CUST-0147,Customer 147,Corporate,West,California,Los Angeles,Office Supplies,Storage,Archive Storage Box Set,1,0.05,41.77,9.3,6.53
1506,ORD-10896,2024-07-31,2024-08-05,Standard Class,CUST-0070,Customer 070,Home Office,South,Georgia,Atlanta,Furniture,Storage,Flex 5-Shelf Bookcase,1,0.3,202.78,-23.96,9.48
1507,ORD-10897,2025-08-01,2025-08-06,Standard Class,CUST-0027,Customer 027,Consumer,West,Oregon,Portland,Furniture,Chairs,ErgoMesh Office Chair,3,0.15,1124.36,136.86,21.87
1508,ORD-10898,2024-11-29,2024-12-02,Second Class,CUST-0186,Customer 186,Home Office,Central,Texas,Dallas,Office Supplies,Storage,Archive Storage Box Set,2,0,96.07,28.3,11.09
1509,ORD-10898,2024-11-29,2024-12-02,Second Class,CUST-0186,Customer 186,Home Office,Central,Texas,Dallas,Furniture,Storage,Flex 5-Shelf Bookcase,2,0.15,524.03,40.88,20.77
1510,ORD-10899,2023-02-22,2023-02-25,Second Class,CUST-0046,Customer 046,Consumer,West,California,Los Angeles,Technology,Phones,Nova X Smartphone,4,0,2827.71,871.25,61.9
1511,ORD-10899,2023-02-22,2023-02-25,Second Class,CUST-0046,Customer 046,Consumer,West,California,Los Angeles,Office Supplies,Writing,Glide Gel Pen Pack,2,0.2,26.34,0.62,9.91
1512,ORD-10900,2024-02-07,2024-02-12,Standard Class,CUST-0047,Customer 047,Corporate,East,New Jersey,Newark,Technology,Phones,Nova X Smartphone,2,0.05,1344.6,373.32,22.98
1513,ORD-10900,2024-02-07,2024-02-12,Standard Class,CUST-0047,Customer 047,Corporate,East,New Jersey,Newark,Technology,Accessories,Orbit Wireless Headset,2,0.2,190.21,43.46,8.85
1514,ORD-10901,2025-11-17,2025-11-20,Second Class,CUST-0172,Customer 172,Home Office,West,California,Los Angeles,Office Supplies,Paper,BrightCopy Paper Case,1,0.1,56.92,11.65,10.48
1515,ORD-10902,2025-07-30,2025-08-02,Second Class,CUST-0055,Customer 055,Consumer,West,California,San Francisco,Furniture,Storage,Compact File Cabinet,1,0.15,170.43,21.05,13.03
1516,ORD-10903,2024-05-26,2024-05-29,Second Class,CUST-0223,Customer 223,Home Office,East,New Jersey,Newark,Office Supplies,Labels,QuickShip Label Roll,2,0.2,40.36,6.91,10.24
1517,ORD-10903,2024-05-26,2024-05-29,Second Class,CUST-0223,Customer 223,Home Office,East,New Jersey,Newark,Office Supplies,Paper,BrightCopy Paper Case,3,0,157.24,58.54,12.22
1518,ORD-10904,2024-07-14,2024-07-16,First Class,CUST-0102,Customer 102,Home Office,East,Massachusetts,Boston,Office Supplies,Binders,ProBind Presentation Set,3,0,120.85,40.41,11.55
1519,ORD-10905,2025-08-25,2025-08-30,Standard Class,CUST-0090,Customer 090,Home Office,Central,Minnesota,Minneapolis,Technology,Accessories,Vector USB-C Hub,3,0.1,222.05,84.79,8.96
1520,ORD-10906,2025-07-25,2025-07-30,Standard Class,CUST-0191,Customer 191,Home Office,West,California,Los Angeles,Office Supplies,Writing,Glide Gel Pen Pack,1,0.1,17.3,1.84,6.23
1521,ORD-10906,2025-07-25,2025-07-30,Standard Class,CUST-0191,Customer 191,Home Office,West,California,Los Angeles,Office Supplies,Binders,ProBind Presentation Set,2,0.05,76.45,23.61,6.97
1522,ORD-10907,2023-04-02,2023-04-07,Standard Class,CUST-0224,Customer 224,Corporate,Central,Minnesota,Minneapolis,Furniture,Tables,Oakline Writing Desk,4,0.2,1758.46,-493.98,32.38
1523,ORD-10907,2023-04-02,2023-04-07,Standard Class,CUST-0224,Customer 224,Corporate,Central,Minnesota,Minneapolis,Office Supplies,Labels,QuickShip Label Roll,1,0,24.83,7.11,6.3
1524,ORD-10908,2023-05-09,2023-05-14,Standard Class,CUST-0012,Customer 012,Corporate,East,New York,New York City,Furniture,Chairs,ErgoMesh Office Chair,5,0.1,1927.36,332.36,31.7
1525,ORD-10908,2023-05-09,2023-05-14,Standard Class,CUST-0012,Customer 012,Corporate,East,New York,New York City,Technology,Phones,Nova X Smartphone,4,0.15,2435.76,475.42,40.39
1526,ORD-10909,2024-07-05,2024-07-10,Standard Class,CUST-0171,Customer 171,Consumer,West,Oregon,Portland,Furniture,Chairs,ErgoMesh Office Chair,3,0.1,1183.86,201.84,21.78
1527,ORD-10909,2024-07-05,2024-07-10,Standard Class,CUST-0171,Customer 171,Consumer,West,Oregon,Portland,Office Supplies,Paper,BrightCopy Paper Case,2,0.3,77.03,9.19,7.32
1528,ORD-10910,2025-11-25,2025-11-30,Standard Class,CUST-0038,Customer 038,Consumer,West,Washington,Seattle,Technology,Accessories,Orbit Wireless Headset,3,0.05,416.37,150.91,11.26
1529,ORD-10911,2025-04-07,2025-04-10,Second Class,CUST-0094,Customer 094,Home Office,South,Florida,Miami,Furniture,Storage,Flex 5-Shelf Bookcase,1,0.2,222.29,-0.57,14.47
1530,ORD-10912,2024-04-16,2024-04-18,First Class,CUST-0075,Customer 075,Consumer,Central,Illinois,Chicago,Technology,Phones,Nova X Smartphone,1,0.05,714.92,187.42,23.3
1531,ORD-10913,2023-02-03,2023-02-08,Standard Class,CUST-0214,Customer 214,Consumer,East,New York,New York City,Furniture,Storage,Flex 5-Shelf Bookcase,4,0.1,936.59,137.61,18.49
1532,ORD-10914,2023-05-24,2023-05-26,First Class,CUST-0193,Customer 193,Consumer,Central,Minnesota,Minneapolis,Office Supplies,Writing,Glide Gel Pen Pack,3,0,54.18,17.87,10.31
1533,ORD-10915,2023-05-23,2023-05-28,Standard Class,CUST-0233,Customer 233,Home Office,East,New Jersey,Newark,Office Supplies,Binders,ProBind Presentation Set,1,0.15,34.75,4.96,6.49
1534,ORD-10915,2023-05-23,2023-05-28,Standard Class,CUST-0233,Customer 233,Home Office,East,New Jersey,Newark,Office Supplies,Binders,ProBind Presentation Set,1,0.1,32.6,5.52,6.43
1535,ORD-10915,2023-05-23,2023-05-28,Standard Class,CUST-0233,Customer 233,Home Office,East,New Jersey,Newark,Office Supplies,Paper,BrightCopy Paper Case,2,0,108.72,41.62,7.3
1536,ORD-10915,2023-05-23,2023-05-28,Standard Class,CUST-0233,Customer 233,Home Office,East,New Jersey,Newark,Technology,Accessories,Vector USB-C Hub,1,0.15,65.98,18.69,6.93
1537,ORD-10916,2025-01-13,2025-01-16,Second Class,CUST-0069,Customer 069,Corporate,East,New Jersey,Newark,Office Supplies,Storage,Archive Storage Box Set,3,0,124.77,39.54,11.62
1538,ORD-10917,2025-11-20,2025-11-20,Same Day,CUST-0228,Customer 228,Corporate,South,North Carolina,Charlotte,Technology,Accessories,Vector USB-C Hub,1,0,92.52,33.39,11.02
1539,ORD-10917,2025-11-20,2025-11-20,Same Day,CUST-0228,Customer 228,Corporate,South,North Carolina,Charlotte,Technology,Accessories,Orbit Wireless Headset,3,0.2,348.48,78.43,17.4
1540,ORD-10917,2025-11-20,2025-11-20,Same Day,CUST-0228,Customer 228,Corporate,South,North Carolina,Charlotte,Technology,Accessories,Orbit Wireless Headset,1,0,135.49,45.09,11.82
1541,ORD-10918,2024-05-06,2024-05-09,Second Class,CUST-0162,Customer 162,Consumer,West,Oregon,Portland,Technology,Accessories,Vector USB-C Hub,3,0.15,207.05,66.56,13.83
1542,ORD-10919,2023-02-16,2023-02-19,Second Class,CUST-0083,Customer 083,Consumer,Central,Minnesota,Minneapolis,Furniture,Chairs,Metro Task Chair,1,0.2,181.44,9.16,13.52
1543,ORD-10920,2024-04-23,2024-04-26,Second Class,CUST-0026,Customer 026,Home Office,West,California,San Francisco,Furniture,Tables,LiftPro Standing Desk,3,0.05,2133.77,-253.23,51.08
1544,ORD-10920,2024-04-23,2024-04-26,Second Class,CUST-0026,Customer 026,Home Office,West,California,San Francisco,Office Supplies,Storage,Archive Storage Box Set,4,0,161.39,53.87,12.3
1545,ORD-10921,2025-05-08,2025-05-13,Standard Class,CUST-0072,Customer 072,Home Office,West,California,Los Angeles,Office Supplies,Writing,Glide Gel Pen Pack,1,0.2,15.31,-0.1,6.23
1546,ORD-10921,2025-05-08,2025-05-13,Standard Class,CUST-0072,Customer 072,Home Office,West,California,Los Angeles,Furniture,Storage,Compact File Cabinet,3,0.3,412.63,-1.28,13.07
1547,ORD-10922,2025-03-12,2025-03-17,Standard Class,CUST-0083,Customer 083,Consumer,Central,Texas,Dallas,Office Supplies,Labels,QuickShip Label Roll,1,0.1,22.52,4.71,6.3
1548,ORD-10923,2025-07-17,2025-07-22,Standard Class,CUST-0160,Customer 160,Corporate,East,Pennsylvania,Philadelphia,Technology,Accessories,Vector USB-C Hub,1,0.3,52.29,6.55,6.9
1549,ORD-10924,2024-07-25,2024-07-25,Same Day,CUST-0122,Customer 122,Consumer,South,Tennessee,Nashville,Furniture,Chairs,Metro Task Chair,3,0,720.31,193.39,22.7
1550,ORD-10924,2024-07-25,2024-07-25,Same Day,CUST-0122,Customer 122,Consumer,South,Tennessee,Nashville,Furniture,Chairs,Metro Task Chair,2,0.05,469.03,104.95,18.48
1551,ORD-10925,2024-05-04,2024-05-06,First Class,CUST-0178,Customer 178,Corporate,Central,Minnesota,Minneapolis,Furniture,Chairs,Metro Task Chair,1,0,230.7,55.62,13.59
1552,ORD-10926,2024-05-20,2024-05-20,Same Day,CUST-0007,Customer 007,Corporate,East,New York,New York City,Office Supplies,Art,Studio Marker Set,3,0.2,71.48,14.95,10.96
1553,ORD-10927,2023-02-09,2023-02-14,Standard Class,CUST-0070,Customer 070,Home Office,Central,Texas,Houston,Office Supplies,Writing,Glide Gel Pen Pack,3,0.2,42.32,10.3,6.63
1554,ORD-10927,2023-02-09,2023-02-14,Standard Class,CUST-0070,Customer 070,Home Office,Central,Texas,Houston,Office Supplies,Paper,BrightCopy Paper Case,3,0,147.6,58.65,7.77
1555,ORD-10928,2023-04-20,2023-04-25,Standard Class,CUST-0098,Customer 098,Corporate,Central,Minnesota,Minneapolis,Furniture,Chairs,ErgoMesh Office Chair,2,0.1,775.43,130.13,16.34
1556,ORD-10928,2023-04-20,2023-04-25,Standard Class,CUST-0098,Customer 098,Corporate,Central,Minnesota,Minneapolis,Office Supplies,Writing,Glide Gel Pen Pack,3,0,57.18,23.04,6.69
1557,ORD-10929,2024-11-29,2024-12-01,First Class,CUST-0068,Customer 068,Consumer,Central,Illinois,Chicago,Technology,Accessories,Orbit Wireless Headset,2,0,308.65,114.6,15.04
1558,ORD-10930,2023-12-09,2023-12-14,Standard Class,CUST-0033,Customer 033,Consumer,South,Florida,Miami,Office Supplies,Paper,BrightCopy Paper Case,1,0.2,49.19,8.63,6.74
1559,ORD-10931,2025-08-11,2025-08-11,Same Day,CUST-0080,Customer 080,Consumer,West,Washington,Seattle,Technology,Phones,Pulse Pro Smartphone,1,0,953.26,249.41,27.03
1560,ORD-10932,2023-11-17,2023-11-17,Same Day,CUST-0173,Customer 173,Home Office,East,Massachusetts,Boston,Technology,Computers,Vertex 24 Monitor,3,0,1170.71,331.84,31.08
1561,ORD-10933,2024-07-25,2024-07-27,First Class,CUST-0082,Customer 082,Consumer,South,Georgia,Atlanta,Office Supplies,Storage,Archive Storage Box Set,2,0.05,74.4,17.43,10.76
1562,ORD-10933,2024-07-25,2024-07-27,First Class,CUST-0082,Customer 082,Consumer,South,Georgia,Atlanta,Office Supplies,Binders,ProBind Presentation Set,1,0,35.64,5.37,9.96
1563,ORD-10933,2024-07-25,2024-07-27,First Class,CUST-0082,Customer 082,Consumer,South,Georgia,Atlanta,Technology,Accessories,Orbit Wireless Headset,2,0.3,177.37,16.39,14.01
1564,ORD-10934,2023-12-31,2023-12-31,Same Day,CUST-0067,Customer 067,Corporate,West,California,San Francisco,Office Supplies,Paper,BrightCopy Paper Case,2,0.05,107.32,33.79,11.4
1565,ORD-10934,2023-12-31,2023-12-31,Same Day,CUST-0067,Customer 067,Corporate,West,California,San Francisco,Furniture,Storage,Compact File Cabinet,1,0,213.81,55.14,13.28
1566,ORD-10934,2023-12-31,2023-12-31,Same Day,CUST-0067,Customer 067,Corporate,West,California,San Francisco,Technology,Accessories,Orbit Wireless Headset,2,0.05,285.13,96.17,14.88
1567,ORD-10934,2023-12-31,2023-12-31,Same Day,CUST-0067,Customer 067,Corporate,West,California,San Francisco,Furniture,Chairs,ErgoMesh Office Chair,4,0,1929.83,475.87,45.19
1568,ORD-10935,2024-07-14,2024-07-19,Standard Class,CUST-0184,Customer 184,Home Office,West,California,San Francisco,Furniture,Storage,Compact File Cabinet,1,0.1,160.83,31.18,8.14
1569,ORD-10935,2024-07-14,2024-07-19,Standard Class,CUST-0184,Customer 184,Home Office,West,California,San Francisco,Office Supplies,Writing,Glide Gel Pen Pack,4,0.15,63.81,20.88,6.9
1570,ORD-10935,2024-07-14,2024-07-19,Standard Class,CUST-0184,Customer 184,Home Office,West,California,San Francisco,Furniture,Chairs,Metro Task Chair,2,0,505.3,139.53,12.06
1571,ORD-10936,2023-12-24,2023-12-29,Standard Class,CUST-0215,Customer 215,Corporate,East,Massachusetts,Boston,Technology,Phones,Pulse Pro Smartphone,1,0.2,756.46,67.75,17.35
1572,ORD-10936,2023-12-24,2023-12-29,Standard Class,CUST-0215,Customer 215,Corporate,East,Massachusetts,Boston,Technology,Accessories,Orbit Wireless Headset,2,0.15,245.0,68.36,9.46
1573,ORD-10937,2023-05-06,2023-05-09,Second Class,CUST-0009,Customer 009,Corporate,West,California,Los Angeles,Furniture,Chairs,Metro Task Chair,1,0,245.81,59.87,13.87
1574,ORD-10938,2025-07-25,2025-07-28,Second Class,CUST-0155,Customer 155,Corporate,West,Washington,Seattle,Technology,Phones,Pulse Pro Smartphone,4,0.2,2997.93,258.27,79.0
1575,ORD-10938,2025-07-25,2025-07-28,Second Class,CUST-0155,Customer 155,Corporate,West,Washington,Seattle,Furniture,Chairs,ErgoMesh Office Chair,3,0,1257.45,306.82,32.69
1576,ORD-10939,2024-07-02,2024-07-02,Same Day,CUST-0106,Customer 106,Consumer,West,California,Los Angeles,Office Supplies,Binders,ProBind Presentation Set,2,0.05,70.55,17.54,10.68
1577,ORD-10940,2024-08-03,2024-08-08,Standard Class,CUST-0117,Customer 117,Corporate,Central,Texas,Dallas,Furniture,Tables,LiftPro Standing Desk,4,0.2,2497.58,-792.74,43.46
1578,ORD-10941,2024-04-16,2024-04-21,Standard Class,CUST-0149,Customer 149,Corporate,West,California,San Francisco,Technology,Accessories,Orbit Wireless Headset,2,0,246.02,94.38,8.95
1579,ORD-10942,2025-10-14,2025-10-19,Standard Class,CUST-0098,Customer 098,Corporate,Central,Texas,Dallas,Office Supplies,Writing,Glide Gel Pen Pack,1,0.2,14.15,-0.55,6.21
1580,ORD-10942,2025-10-14,2025-10-19,Standard Class,CUST-0098,Customer 098,Corporate,Central,Texas,Dallas,Office Supplies,Paper,BrightCopy Paper Case,3,0,171.56,69.14,8.06
1581,ORD-10943,2023-04-10,2023-04-12,First Class,CUST-0114,Customer 114,Corporate,West,Oregon,Portland,Office Supplies,Binders,ProBind Presentation Set,3,0.1,103.28,26.44,11.43
1582,ORD-10943,2023-04-10,2023-04-12,First Class,CUST-0114,Customer 114,Corporate,West,Oregon,Portland,Office Supplies,Storage,Archive Storage Box Set,2,0.05,75.85,17.95,10.79
1583,ORD-10943,2023-04-10,2023-04-12,First Class,CUST-0114,Customer 114,Corporate,West,Oregon,Portland,Office Supplies,Paper,BrightCopy Paper Case,2,0.05,103.85,32.39,11.33
1584,ORD-10944,2023-08-16,2023-08-19,Second Class,CUST-0073,Customer 073,Corporate,East,New Jersey,Newark,Office Supplies,Labels,QuickShip Label Roll,2,0,48.27,15.87,10.2
1585,ORD-10944,2023-08-16,2023-08-19,Second Class,CUST-0073,Customer 073,Corporate,East,New Jersey,Newark,Office Supplies,Writing,Glide Gel Pen Pack,1,0.2,14.16,-3.97,9.63
1586,ORD-10945,2023-07-18,2023-07-23,Standard Class,CUST-0109,Customer 109,Home Office,West,California,San Francisco,Office Supplies,Binders,ProBind Presentation Set,3,0.15,94.19,23.7,7.33
1587,ORD-10946,2024-12-05,2024-12-10,Standard Class,CUST-0044,Customer 044,Corporate,East,New York,New York City,Furniture,Chairs,ErgoMesh Office Chair,1,0.05,446.44,91.75,11.64
1588,ORD-10946,2024-12-05,2024-12-10,Standard Class,CUST-0044,Customer 044,Corporate,East,New York,New York City,Office Supplies,Binders,ProBind Presentation Set,2,0.4,52.19,-4.43,7.04
1589,ORD-10947,2024-11-11,2024-11-14,Second Class,CUST-0169,Customer 169,Home Office,South,Tennessee,Nashville,Technology,Accessories,Orbit Wireless Headset,3,0.15,356.6,96.17,17.1
1590,ORD-10947,2024-11-11,2024-11-14,Second Class,CUST-0169,Customer 169,Home Office,South,Tennessee,Nashville,Technology,Phones,Pulse Pro Smartphone,2,0,2052.36,547.72,47.47
1591,ORD-10947,2024-11-11,2024-11-14,Second Class,CUST-0169,Customer 169,Home Office,South,Tennessee,Nashville,Furniture,Storage,Compact File Cabinet,3,0,633.08,181.51,21.08
1592,ORD-10948,2023-01-18,2023-01-23,Standard Class,CUST-0029,Customer 029,Consumer,East,New York,New York City,Office Supplies,Labels,QuickShip Label Roll,2,0.05,40.21,14.23,6.51
1593,ORD-10948,2023-01-18,2023-01-23,Standard Class,CUST-0029,Customer 029,Consumer,East,New York,New York City,Furniture,Chairs,ErgoMesh Office Chair,1,0.05,364.46,73.8,10.6
1594,ORD-10948,2023-01-18,2023-01-23,Standard Class,CUST-0029,Customer 029,Consumer,East,New York,New York City,Technology,Accessories,Orbit Wireless Headset,3,0.4,232.71,-2.89,10.65
1595,ORD-10949,2025-06-09,2025-06-12,Second Class,CUST-0185,Customer 185,Corporate,East,New Jersey,Newark,Furniture,Storage,Compact File Cabinet,3,0,535.59,152.13,19.26
1596,ORD-10949,2025-06-09,2025-06-12,Second Class,CUST-0185,Customer 185,Corporate,East,New Jersey,Newark,Technology,Accessories,Vector USB-C Hub,3,0.05,235.13,92.53,13.9
1597,ORD-10950,2025-01-22,2025-01-27,Standard Class,CUST-0060,Customer 060,Consumer,South,Georgia,Atlanta,Technology,Phones,Nova X Smartphone,3,0.05,1844.99,514.48,29.31
1598,ORD-10950,2025-01-22,2025-01-27,Standard Class,CUST-0060,Customer 060,Consumer,South,Georgia,Atlanta,Technology,Computers,Vertex 24 Monitor,1,0,307.11,85.52,9.69
1599,ORD-10951,2025-10-28,2025-11-02,Standard Class,CUST-0061,Customer 061,Consumer,Central,Illinois,Chicago,Furniture,Chairs,ErgoMesh Office Chair,2,0.05,779.43,164.65,15.85
1600,ORD-10952,2025-05-03,2025-05-06,Second Class,CUST-0116,Customer 116,Corporate,South,Georgia,Atlanta,Office Supplies,Storage,Archive Storage Box Set,2,0.05,85.5,21.43,10.97
1601,ORD-10952,2025-05-03,2025-05-06,Second Class,CUST-0116,Customer 116,Corporate,South,Georgia,Atlanta,Office Supplies,Storage,Archive Storage Box Set,2,0.1,73.02,14.34,10.81
1602,ORD-10953,2025-05-05,2025-05-05,Same Day,CUST-0234,Customer 234,Home Office,West,California,San Francisco,Furniture,Storage,Flex 5-Shelf Bookcase,3,0.05,858.69,154.67,26.11
1603,ORD-10953,2025-05-05,2025-05-05,Same Day,CUST-0234,Customer 234,Home Office,West,California,San Francisco,Office Supplies,Binders,ProBind Presentation Set,5,0,197.55,71.98,12.97
1604,ORD-10954,2024-03-09,2024-03-14,Standard Class,CUST-0208,Customer 208,Home Office,West,Oregon,Portland,Office Supplies,Binders,ProBind Presentation Set,2,0.2,59.6,10.24,6.89
1605,ORD-10954,2024-03-09,2024-03-14,Standard Class,CUST-0208,Customer 208,Home Office,West,Oregon,Portland,Office Supplies,Labels,QuickShip Label Roll,2,0.05,48.97,18.64,6.62
1606,ORD-10954,2024-03-09,2024-03-14,Standard Class,CUST-0208,Customer 208,Home Office,West,Oregon,Portland,Furniture,Chairs,Metro Task Chair,2,0,495.22,136.62,11.94
1607,ORD-10955,2025-05-27,2025-05-30,Second Class,CUST-0177,Customer 177,Corporate,West,Washington,Seattle,Furniture,Storage,Flex 5-Shelf Bookcase,3,0.2,652.23,16.3,24.46
1608,ORD-10955,2025-05-27,2025-05-30,Second Class,CUST-0177,Customer 177,Corporate,West,Washington,Seattle,Technology,Phones,Pulse Pro Smartphone,2,0,1657.83,440.63,40.14
1609,ORD-10956,2024-11-10,2024-11-15,Standard Class,CUST-0154,Customer 154,Consumer,Central,Texas,Dallas,Technology,Accessories,Vector USB-C Hub,2,0.05,168.86,68.3,8.13
1610,ORD-10957,2024-10-30,2024-11-01,First Class,CUST-0195,Customer 195,Consumer,West,Oregon,Portland,Office Supplies,Storage,Archive Storage Box Set,1,0.05,41.58,5.65,10.11
1611,ORD-10957,2024-10-30,2024-11-01,First Class,CUST-0195,Customer 195,Consumer,West,Oregon,Portland,Technology,Accessories,Orbit Wireless Headset,5,0.05,564.74,199.59,20.36
1612,ORD-10958,2025-12-25,2025-12-30,Standard Class,CUST-0030,Customer 030,Home Office,Central,Illinois,Chicago,Office Supplies,Writing,Glide Gel Pen Pack,3,0,56.76,22.84,6.68
1613,ORD-10958,2025-12-25,2025-12-30,Standard Class,CUST-0030,Customer 030,Home Office,Central,Illinois,Chicago,Furniture,Storage,Compact File Cabinet,3,0.1,539.71,118.73,13.2
1614,ORD-10958,2025-12-25,2025-12-30,Standard Class,CUST-0030,Customer 030,Home Office,Central,Illinois,Chicago,Office Supplies,Art,Studio Marker Set,3,0,110.45,46.79,7.33
1615,ORD-10958,2025-12-25,2025-12-30,Standard Class,CUST-0030,Customer 030,Home Office,Central,Illinois,Chicago,Furniture,Chairs,Metro Task Chair,1,0.05,238.76,53.81,9.02
1616,ORD-10959,2023-08-17,2023-08-20,Second Class,CUST-0125,Customer 125,Consumer,Central,Illinois,Chicago,Office Supplies,Writing,Glide Gel Pen Pack,2,0,36.25,8.88,9.97
1617,ORD-10959,2023-08-17,2023-08-20,Second Class,CUST-0125,Customer 125,Consumer,Central,Illinois,Chicago,Office Supplies,Binders,ProBind Presentation Set,1,0,40.96,7.55,10.06
1618,ORD-10960,2025-08-25,2025-08-27,First Class,CUST-0156,Customer 156,Consumer,Central,Texas,Dallas,Technology,Accessories,Vector USB-C Hub,5,0.1,373.28,140.6,17.01
1619,ORD-10960,2025-08-25,2025-08-27,First Class,CUST-0156,Customer 156,Consumer,Central,Texas,Dallas,Office Supplies,Storage,Archive Storage Box Set,1,0.15,33.55,0.23,10.03
1620,ORD-10961,2023-12-01,2023-12-06,Standard Class,CUST-0099,Customer 099,Corporate,West,California,Los Angeles,Furniture,Chairs,Metro Task Chair,3,0.05,806.13,195.96,16.18
1621,ORD-10961,2023-12-01,2023-12-06,Standard Class,CUST-0099,Customer 099,Corporate,West,California,Los Angeles,Furniture,Storage,Compact File Cabinet,1,0.1,185.05,36.76,8.47
1622,ORD-10961,2023-12-01,2023-12-06,Standard Class,CUST-0099,Customer 099,Corporate,West,California,Los Angeles,Office Supplies,Paper,BrightCopy Paper Case,5,0,279.6,116.46,9.36
1623,ORD-10962,2025-09-25,2025-09-30,Standard Class,CUST-0132,Customer 132,Consumer,West,Washington,Seattle,Office Supplies,Labels,QuickShip Label Roll,4,0.2,70.76,23.01,7.06
1624,ORD-10963,2025-04-03,2025-04-08,Standard Class,CUST-0197,Customer 197,Home Office,West,Oregon,Portland,Technology,Accessories,Orbit Wireless Headset,1,0,120.47,43.15,7.45
1625,ORD-10964,2023-02-24,2023-03-01,Standard Class,CUST-0064,Customer 064,Consumer,East,New Jersey,Newark,Technology,Phones,Pulse Pro Smartphone,1,0.1,815.63,155.31,16.88
1626,ORD-10965,2024-07-05,2024-07-08,Second Class,CUST-0212,Customer 212,Consumer,West,Oregon,Portland,Furniture,Chairs,Metro Task Chair,3,0.1,613.2,114.29,21.97
1627,ORD-10965,2024-07-05,2024-07-08,Second Class,CUST-0212,Customer 212,Consumer,West,Oregon,Portland,Office Supplies,Labels,QuickShip Label Roll,1,0.15,21.61,0.14,9.77
1628,ORD-10965,2024-07-05,2024-07-08,Second Class,CUST-0212,Customer 212,Consumer,West,Oregon,Portland,Furniture,Chairs,ErgoMesh Office Chair,2,0,823.08,197.62,24.61
1629,ORD-10966,2024-07-06,2024-07-11,Standard Class,CUST-0187,Customer 187,Consumer,South,Florida,Miami,Office Supplies,Binders,ProBind Presentation Set,2,0.15,60.21,12.98,6.85
1630,ORD-10966,2024-07-06,2024-07-11,Standard Class,CUST-0187,Customer 187,Consumer,South,Florida,Miami,Furniture,Storage,Compact File Cabinet,2,0.1,332.84,70.92,10.44
1631,ORD-10967,2024-10-28,2024-11-02,Standard Class,CUST-0126,Customer 126,Consumer,Central,Texas,Houston,Office Supplies,Paper,BrightCopy Paper Case,3,0,158.1,63.24,7.9
1632,ORD-10968,2023-04-21,2023-04-26,Standard Class,CUST-0212,Customer 212,Consumer,West,California,Los Angeles,Office Supplies,Art,Studio Marker Set,2,0.05,60.44,21.23,6.76
1633,ORD-10969,2023-11-22,2023-11-27,Standard Class,CUST-0118,Customer 118,Home Office,Central,Minnesota,Minneapolis,Technology,Phones,Pulse Pro Smartphone,2,0.1,1912.66,372.28,31.5
1634,ORD-10969,2023-11-22,2023-11-27,Standard Class,CUST-0118,Customer 118,Home Office,Central,Minnesota,Minneapolis,Technology,Phones,Nova X Smartphone,3,0.1,2111.31,505.41,34.15
1635,ORD-10970,2024-06-06,2024-06-09,Second Class,CUST-0110,Customer 110,Home Office,West,California,San Francisco,Furniture,Storage,Flex 5-Shelf Bookcase,4,0.1,1019.99,139.62,30.38
1636,ORD-10970,2024-06-06,2024-06-09,Second Class,CUST-0110,Customer 110,Home Office,West,California,San Francisco,Technology,Accessories,Vector USB-C Hub,4,0.05,303.24,122.02,15.24
1637,ORD-10971,2024-07-16,2024-07-21,Standard Class,CUST-0159,Customer 159,Consumer,West,California,San Francisco,Office Supplies,Art,Studio Marker Set,1,0.15,26.1,4.07,6.37
1638,ORD-10972,2025-04-17,2025-04-19,First Class,CUST-0195,Customer 195,Consumer,Central,Minnesota,Minneapolis,Office Supplies,Labels,QuickShip Label Roll,2,0.2,40.23,6.86,10.24
1639,ORD-10972,2025-04-17,2025-04-19,First Class,CUST-0195,Customer 195,Consumer,Central,Minnesota,Minneapolis,Office Supplies,Writing,Glide Gel Pen Pack,3,0.1,45.26,10.88,10.24
1640,ORD-10972,2025-04-17,2025-04-19,First Class,CUST-0195,Customer 195,Consumer,Central,Minnesota,Minneapolis,Office Supplies,Writing,Glide Gel Pen Pack,1,0.05,17.41,-1.03,9.64
1641,ORD-10973,2023-02-03,2023-02-03,Same Day,CUST-0027,Customer 027,Consumer,South,Tennessee,Nashville,Office Supplies,Art,Studio Marker Set,3,0.1,79.6,23.54,10.95
1642,ORD-10974,2024-07-24,2024-07-29,Standard Class,CUST-0131,Customer 131,Consumer,East,New York,New York City,Furniture,Chairs,Metro Task Chair,1,0,242.59,63.87,8.91
1643,ORD-10974,2024-07-24,2024-07-29,Standard Class,CUST-0131,Customer 131,Consumer,East,New York,New York City,Furniture,Tables,LiftPro Standing Desk,2,0.15,1305.92,-316.35,24.44
1644,ORD-10974,2024-07-24,2024-07-29,Standard Class,CUST-0131,Customer 131,Consumer,East,New York,New York City,Furniture,Chairs,Metro Task Chair,3,0.15,608.83,92.84,14.6
1645,ORD-10975,2025-09-24,2025-09-27,Second Class,CUST-0079,Customer 079,Consumer,West,California,San Francisco,Office Supplies,Labels,QuickShip Label Roll,3,0.1,65.27,21.26,10.65
1646,ORD-10975,2025-09-24,2025-09-27,Second Class,CUST-0079,Customer 079,Consumer,West,California,San Francisco,Furniture,Storage,Compact File Cabinet,5,0.1,789.72,167.43,25.62
1647,ORD-10976,2024-07-20,2024-07-25,Standard Class,CUST-0131,Customer 131,Consumer,East,New York,New York City,Office Supplies,Storage,Archive Storage Box Set,2,0.15,71.09,14.75,7.0
1648,ORD-10977,2025-08-15,2025-08-20,Standard Class,CUST-0226,Customer 226,Corporate,Central,Minnesota,Minneapolis,Office Supplies,Paper,BrightCopy Paper Case,2,0,105.7,40.3,7.27
1649,ORD-10978,2023-12-17,2023-12-19,First Class,CUST-0009,Customer 009,Corporate,West,California,San Francisco,Furniture,Chairs,ErgoMesh Office Chair,1,0.2,353.95,13.44,17.53
1650,ORD-10978,2023-12-17,2023-12-19,First Class,CUST-0009,Customer 009,Corporate,West,California,San Francisco,Office Supplies,Art,Studio Marker Set,2,0,75.56,26.31,10.71
1651,ORD-10979,2023-03-26,2023-03-31,Standard Class,CUST-0229,Customer 229,Consumer,Central,Illinois,Chicago,Office Supplies,Writing,Glide Gel Pen Pack,2,0.1,32.0,8.5,6.43
1652,ORD-10980,2024-07-29,2024-08-01,Second Class,CUST-0166,Customer 166,Consumer,Central,Minnesota,Minneapolis,Office Supplies,Binders,ProBind Presentation Set,1,0.3,26.0,-5.16,9.99
1653,ORD-10980,2024-07-29,2024-08-01,Second Class,CUST-0166,Customer 166,Consumer,Central,Minnesota,Minneapolis,Office Supplies,Binders,ProBind Presentation Set,4,0.2,114.66,20.99,11.97
1654,ORD-10980,2024-07-29,2024-08-01,Second Class,CUST-0166,Customer 166,Consumer,Central,Minnesota,Minneapolis,Office Supplies,Storage,Archive Storage Box Set,3,0.05,116.16,32.45,11.57
1655,ORD-10981,2025-09-17,2025-09-17,Same Day,CUST-0224,Customer 224,Corporate,South,Tennessee,Nashville,Office Supplies,Paper,BrightCopy Paper Case,1,0.05,53.88,12.34,10.35
1656,ORD-10981,2025-09-17,2025-09-17,Same Day,CUST-0224,Customer 224,Corporate,South,Tennessee,Nashville,Furniture,Chairs,Metro Task Chair,2,0.05,418.9,92.73,17.5
1657,ORD-10982,2023-10-01,2023-10-06,Standard Class,CUST-0213,Customer 213,Home Office,South,North Carolina,Charlotte,Office Supplies,Storage,Archive Storage Box Set,2,0.1,73.45,18.32,6.98
1658,ORD-10982,2023-10-01,2023-10-06,Standard Class,CUST-0213,Customer 213,Home Office,South,North Carolina,Charlotte,Office Supplies,Labels,QuickShip Label Roll,3,0.05,68.75,28.59,6.87
1659,ORD-10982,2023-10-01,2023-10-06,Standard Class,CUST-0213,Customer 213,Home Office,South,North Carolina,Charlotte,Furniture,Chairs,Metro Task Chair,4,0,926.56,260.85,17.12
1660,ORD-10983,2025-07-18,2025-07-23,Standard Class,CUST-0196,Customer 196,Consumer,Central,Minnesota,Minneapolis,Technology,Accessories,Orbit Wireless Headset,1,0,122.1,43.81,7.47
1661,ORD-10984,2024-04-01,2024-04-06,Standard Class,CUST-0157,Customer 157,Home Office,West,Oregon,Portland,Furniture,Tables,LiftPro Standing Desk,3,0.2,1944.12,-618.39,35.16
1662,ORD-10985,2023-05-15,2023-05-15,Same Day,CUST-0162,Customer 162,Consumer,South,North Carolina,Charlotte,Office Supplies,Paper,BrightCopy Paper Case,1,0,56.63,15.13,10.35
1663,ORD-10986,2023-11-03,2023-11-08,Standard Class,CUST-0108,Customer 108,Home Office,East,New Jersey,Newark,Office Supplies,Labels,QuickShip Label Roll,1,0.2,22.8,3.35,6.34
1664,ORD-10986,2023-11-03,2023-11-08,Standard Class,CUST-0108,Customer 108,Home Office,East,New Jersey,Newark,Office Supplies,Paper,BrightCopy Paper Case,2,0,123.84,48.24,7.49
1665,ORD-10987,2023-10-29,2023-11-03,Standard Class,CUST-0175,Customer 175,Home Office,West,California,Los Angeles,Office Supplies,Binders,ProBind Presentation Set,2,0.1,72.35,19.57,6.96
1666,ORD-10988,2024-03-05,2024-03-08,Second Class,CUST-0186,Customer 186,Home Office,East,Pennsylvania,Philadelphia,Technology,Phones,Pulse Pro Smartphone,3,0.2,2249.0,191.42,61.59
1667,ORD-10988,2024-03-05,2024-03-08,Second Class,CUST-0186,Customer 186,Home Office,East,Pennsylvania,Philadelphia,Furniture,Tables,Oakline Writing Desk,2,0.05,1018.89,-93.6,29.25
1668,ORD-10989,2023-04-18,2023-04-23,Standard Class,CUST-0202,Customer 202,Consumer,East,Massachusetts,Boston,Furniture,Chairs,Metro Task Chair,3,0.2,597.02,59.67,14.96
1669,ORD-10990,2024-03-21,2024-03-26,Standard Class,CUST-0216,Customer 216,Corporate,Central,Illinois,Chicago,Office Supplies,Art,Studio Marker Set,3,0,90.11,37.07,7.08
1670,ORD-10991,2024-01-28,2024-01-31,Second Class,CUST-0075,Customer 075,Consumer,East,New York,New York City,Technology,Computers,Vertex 24 Monitor,1,0,301.17,78.46,14.9
1671,ORD-10992,2023-09-21,2023-09-23,First Class,CUST-0001,Customer 001,Consumer,West,Oregon,Portland,Office Supplies,Writing,Glide Gel Pen Pack,4,0,69.44,25.52,10.59
1672,ORD-10993,2023-05-19,2023-05-21,First Class,CUST-0103,Customer 103,Corporate,East,Massachusetts,Boston,Office Supplies,Writing,Glide Gel Pen Pack,1,0.3,13.25,-5.48,9.65
1673,ORD-10993,2023-05-19,2023-05-21,First Class,CUST-0103,Customer 103,Corporate,East,Massachusetts,Boston,Furniture,Tables,Oakline Writing Desk,3,0.2,1420.7,-415.26,42.33
1674,ORD-10993,2023-05-19,2023-05-21,First Class,CUST-0103,Customer 103,Corporate,East,Massachusetts,Boston,Office Supplies,Storage,Archive Storage Box Set,1,0,38.9,5.93,10.02
1675,ORD-10993,2023-05-19,2023-05-21,First Class,CUST-0103,Customer 103,Corporate,East,Massachusetts,Boston,Office Supplies,Writing,Glide Gel Pen Pack,3,0.15,42.78,8.38,10.24
1676,ORD-10994,2024-02-19,2024-02-21,First Class,CUST-0206,Customer 206,Corporate,West,California,Los Angeles,Technology,Accessories,Orbit Wireless Headset,3,0,388.84,146.78,16.53
1677,ORD-10994,2024-02-19,2024-02-21,First Class,CUST-0206,Customer 206,Corporate,West,California,Los Angeles,Office Supplies,Labels,QuickShip Label Roll,1,0,22.81,2.6,9.72
1678,ORD-10995,2025-04-20,2025-04-23,Second Class,CUST-0040,Customer 040,Home Office,South,Georgia,Atlanta,Office Supplies,Storage,Archive Storage Box Set,1,0,43.6,7.76,10.11
1679,ORD-10995,2025-04-20,2025-04-23,Second Class,CUST-0040,Customer 040,Home Office,South,Georgia,Atlanta,Furniture,Chairs,ErgoMesh Office Chair,3,0.4,740.46,-192.69,32.25
1680,ORD-10995,2025-04-20,2025-04-23,Second Class,CUST-0040,Customer 040,Home Office,South,Georgia,Atlanta,Office Supplies,Paper,BrightCopy Paper Case,1,0,56.97,15.28,10.36
1681,ORD-10995,2025-04-20,2025-04-23,Second Class,CUST-0040,Customer 040,Home Office,South,Georgia,Atlanta,Office Supplies,Binders,ProBind Presentation Set,2,0.15,68.26,11.7,10.79
1682,ORD-10996,2023-09-19,2023-09-24,Standard Class,CUST-0021,Customer 021,Corporate,West,California,San Francisco,Furniture,Tables,Oakline Writing Desk,3,0.15,1444.2,-298.24,26.39
1683,ORD-10996,2023-09-19,2023-09-24,Standard Class,CUST-0021,Customer 021,Corporate,West,California,San Francisco,Technology,Computers,Vertex 24 Monitor,1,0.15,281.65,43.04,9.98
1684,ORD-10997,2023-08-21,2023-08-23,First Class,CUST-0204,Customer 204,Consumer,West,California,San Francisco,Office Supplies,Binders,ProBind Presentation Set,1,0.4,22.04,-8.87,9.98
1685,ORD-10998,2024-01-25,2024-01-27,First Class,CUST-0033,Customer 033,Consumer,East,New York,New York City,Office Supplies,Writing,Glide Gel Pen Pack,1,0,17.26,-0.65,9.62
1686,ORD-10998,2024-01-25,2024-01-27,First Class,CUST-0033,Customer 033,Consumer,East,New York,New York City,Office Supplies,Binders,ProBind Presentation Set,2,0,75.87,21.91,10.71
1687,ORD-10998,2024-01-25,2024-01-27,First Class,CUST-0033,Customer 033,Consumer,East,New York,New York City,Office Supplies,Writing,Glide Gel Pen Pack,4,0,65.04,23.31,10.51
1688,ORD-10998,2024-01-25,2024-01-27,First Class,CUST-0033,Customer 033,Consumer,East,New York,New York City,Office Supplies,Writing,Glide Gel Pen Pack,2,0,36.44,8.97,9.98
1689,ORD-10999,2024-07-28,2024-07-31,Second Class,CUST-0155,Customer 155,Corporate,South,Tennessee,Nashville,Furniture,Storage,Flex 5-Shelf Bookcase,1,0.15,263.36,15.93,15.06
1690,ORD-11000,2023-03-18,2023-03-23,Standard Class,CUST-0057,Customer 057,Consumer,South,North Carolina,Charlotte,Furniture,Tables,LiftPro Standing Desk,4,0.1,3071.79,-524.8,46.96
1691,ORD-11001,2025-09-21,2025-09-26,Standard Class,CUST-0227,Customer 227,Consumer,South,Tennessee,Nashville,Technology,Phones,Nova X Smartphone,1,0,699.36,216.4,14.39
1692,ORD-11002,2025-02-03,2025-02-06,Second Class,CUST-0151,Customer 151,Corporate,East,New Jersey,Newark,Furniture,Storage,Flex 5-Shelf Bookcase,5,0.05,1378.82,253.97,36.3
1693,ORD-11003,2023-06-21,2023-06-26,Standard Class,CUST-0088,Customer 088,Home Office,South,Florida,Miami,Office Supplies,Art,Studio Marker Set,2,0.1,60.24,19.3,6.8
1694,ORD-11003,2023-06-21,2023-06-26,Standard Class,CUST-0088,Customer 088,Home Office,South,Florida,Miami,Office Supplies,Storage,Archive Storage Box Set,1,0.1,36.03,5.93,6.48
1695,ORD-11003,2023-06-21,2023-06-26,Standard Class,CUST-0088,Customer 088,Home Office,South,Florida,Miami,Technology,Phones,Nova X Smartphone,2,0.2,1126.54,160.17,22.9
1696,ORD-11004,2023-08-08,2023-08-13,Standard Class,CUST-0231,Customer 231,Corporate,West,California,San Francisco,Technology,Computers,Apex 14 Laptop,2,0,2409.59,543.38,34.92
1697,ORD-11005,2025-09-14,2025-09-16,First Class,CUST-0126,Customer 126,Consumer,West,California,San Francisco,Office Supplies,Binders,ProBind Presentation Set,3,0.15,100.04,21.47,11.49
1698,ORD-11006,2024-01-19,2024-01-22,Second Class,CUST-0158,Customer 158,Corporate,South,Tennessee,Nashville,Office Supplies,Art,Studio Marker Set,2,0.1,53.86,12.93,10.41
1699,ORD-11007,2023-07-25,2023-07-30,Standard Class,CUST-0171,Customer 171,Consumer,East,Massachusetts,Boston,Office Supplies,Paper,BrightCopy Paper Case,2,0.1,94.05,29.32,7.25
1700,ORD-11007,2023-07-25,2023-07-30,Standard Class,CUST-0171,Customer 171,Consumer,East,Massachusetts,Boston,Technology,Phones,Pulse Pro Smartphone,5,0.15,3810.43,567.81,59.79
1701,ORD-11007,2023-07-25,2023-07-30,Standard Class,CUST-0171,Customer 171,Consumer,East,Massachusetts,Boston,Technology,Phones,Nova X Smartphone,1,0.05,622.68,169.66,13.87
1702,ORD-11008,2023-03-26,2023-03-28,First Class,CUST-0205,Customer 205,Corporate,West,California,Los Angeles,Office Supplies,Paper,BrightCopy Paper Case,4,0,214.31,83.15,13.29
1703,ORD-11008,2023-03-26,2023-03-28,First Class,CUST-0205,Customer 205,Corporate,West,California,Los Angeles,Office Supplies,Writing,Glide Gel Pen Pack,3,0.15,48.39,10.71,10.36
1704,ORD-11008,2023-03-26,2023-03-28,First Class,CUST-0205,Customer 205,Corporate,West,California,Los Angeles,Office Supplies,Binders,ProBind Presentation Set,5,0.1,163.8,47.37,12.69
1705,ORD-11009,2025-01-11,2025-01-16,Standard Class,CUST-0194,Customer 194,Consumer,West,California,Los Angeles,Office Supplies,Paper,BrightCopy Paper Case,2,0,99.18,37.44,7.19
1706,ORD-11010,2024-09-14,2024-09-19,Standard Class,CUST-0195,Customer 195,Consumer,West,California,San Francisco,Furniture,Tables,LiftPro Standing Desk,4,0.05,2918.71,-319.38,42.87
1707,ORD-11011,2024-03-18,2024-03-21,Second Class,CUST-0033,Customer 033,Consumer,South,Florida,Miami,Office Supplies,Labels,QuickShip Label Roll,5,0,119.57,53.05,11.52
1708,ORD-11011,2024-03-18,2024-03-21,Second Class,CUST-0033,Customer 033,Consumer,South,Florida,Miami,Office Supplies,Writing,Glide Gel Pen Pack,4,0.15,57.49,14.47,10.56
1709,ORD-11012,2024-01-10,2024-01-15,Standard Class,CUST-0110,Customer 110,Home Office,West,California,Los Angeles,Technology,Computers,Apex 14 Laptop,4,0,4610.36,1045.17,61.32
1710,ORD-11012,2024-01-10,2024-01-15,Standard Class,CUST-0110,Customer 110,Home Office,West,California,Los Angeles,Furniture,Storage,Compact File Cabinet,2,0,340.93,99.01,10.09
1711,ORD-11012,2024-01-10,2024-01-15,Standard Class,CUST-0110,Customer 110,Home Office,West,California,Los Angeles,Office Supplies,Labels,QuickShip Label Roll,5,0,111.74,53.0,7.34
1712,ORD-11012,2024-01-10,2024-01-15,Standard Class,CUST-0110,Customer 110,Home Office,West,California,Los Angeles,Office Supplies,Paper,BrightCopy Paper Case,4,0.1,194.52,67.06,8.59
1713,ORD-11013,2023-10-05,2023-10-10,Standard Class,CUST-0130,Customer 130,Corporate,West,California,San Francisco,Office Supplies,Art,Studio Marker Set,3,0.3,68.92,11.53,7.18
1714,ORD-11014,2023-04-22,2023-04-24,First Class,CUST-0035,Customer 035,Corporate,East,New York,New York City,Office Supplies,Writing,Glide Gel Pen Pack,3,0.1,47.45,11.87,10.28
1715,ORD-11014,2023-04-22,2023-04-24,First Class,CUST-0035,Customer 035,Corporate,East,New York,New York City,Office Supplies,Binders,ProBind Presentation Set,1,0.15,33.54,1.02,10.03
1716,ORD-11014,2023-04-22,2023-04-24,First Class,CUST-0035,Customer 035,Corporate,East,New York,New York City,Office Supplies,Storage,Archive Storage Box Set,2,0,85.92,24.33,10.9
1717,ORD-11014,2023-04-22,2023-04-24,First Class,CUST-0035,Customer 035,Corporate,East,New York,New York City,Technology,Accessories,Orbit Wireless Headset,5,0.2,479.64,111.45,20.45
1718,ORD-11015,2023-06-14,2023-06-17,Second Class,CUST-0039,Customer 039,Consumer,Central,Minnesota,Minneapolis,Technology,Accessories,Vector USB-C Hub,4,0.1,267.5,98.11,14.83
1719,ORD-11016,2025-05-12,2025-05-17,Standard Class,CUST-0151,Customer 151,Corporate,West,Washington,Seattle,Technology,Phones,Pulse Pro Smartphone,3,0.05,2703.66,642.88,40.15
1720,ORD-11017,2023-04-12,2023-04-17,Standard Class,CUST-0063,Customer 063,Home Office,South,North Carolina,Charlotte,Furniture,Tables,Oakline Writing Desk,1,0,573.37,-18.61,12.88
1721,ORD-11018,2024-03-16,2024-03-18,First Class,CUST-0195,Customer 195,Consumer,South,Tennessee,Nashville,Technology,Computers,Vertex 24 Monitor,4,0.05,1296.36,320.11,34.68
1722,ORD-11018,2024-03-16,2024-03-18,First Class,CUST-0195,Customer 195,Consumer,South,Tennessee,Nashville,Technology,Accessories,Orbit Wireless Headset,1,0.3,90.38,3.79,11.7
1723,ORD-11019,2025-04-09,2025-04-14,Standard Class,CUST-0118,Customer 118,Home Office,Central,Texas,Houston,Office Supplies,Storage,Archive Storage Box Set,2,0.1,69.99,17.18,6.93
1724,ORD-11020,2024-08-10,2024-08-12,First Class,CUST-0139,Customer 139,Corporate,West,Oregon,Portland,Office Supplies,Art,Studio Marker Set,2,0.2,48.96,7.31,10.44
1725,ORD-11020,2024-08-10,2024-08-12,First Class,CUST-0139,Customer 139,Corporate,West,Oregon,Portland,Furniture,Storage,Flex 5-Shelf Bookcase,2,0.05,573.98,100.3,20.54
1726,ORD-11021,2025-06-13,2025-06-18,Standard Class,CUST-0058,Customer 058,Consumer,Central,Minnesota,Minneapolis,Technology,Accessories,Orbit Wireless Headset,3,0,399.28,156.91,10.79
1727,ORD-11022,2024-04-05,2024-04-07,First Class,CUST-0127,Customer 127,Corporate,Central,Texas,Dallas,Furniture,Tables,LiftPro Standing Desk,5,0,4042.55,-246.19,84.49
1728,ORD-11023,2025-04-03,2025-04-06,Second Class,CUST-0154,Customer 154,Consumer,South,Florida,Miami,Office Supplies,Paper,BrightCopy Paper Case,2,0.4,63.93,-5.95,11.28
1729,ORD-11023,2025-04-03,2025-04-06,Second Class,CUST-0154,Customer 154,Consumer,South,Florida,Miami,Furniture,Storage,Compact File Cabinet,3,0.05,546.48,135.32,20.0
1730,ORD-11023,2025-04-03,2025-04-06,Second Class,CUST-0154,Customer 154,Consumer,South,Florida,Miami,Office Supplies,Storage,Archive Storage Box Set,1,0,40.81,6.67,10.06
1731,ORD-11024,2025-12-07,2025-12-12,Standard Class,CUST-0119,Customer 119,Home Office,South,Tennessee,Nashville,Technology,Accessories,Orbit Wireless Headset,2,0.1,252.45,80.39,9.37
1732,ORD-11024,2025-12-07,2025-12-12,Standard Class,CUST-0119,Customer 119,Home Office,South,Tennessee,Nashville,Office Supplies,Paper,BrightCopy Paper Case,1,0,62.57,21.41,6.75
1733,ORD-11025,2024-03-24,2024-03-29,Standard Class,CUST-0062,Customer 062,Home Office,South,Georgia,Atlanta,Office Supplies,Labels,QuickShip Label Roll,2,0,44.26,17.37,6.53
1734,ORD-11026,2024-07-12,2024-07-14,First Class,CUST-0089,Customer 089,Consumer,Central,Minnesota,Minneapolis,Office Supplies,Paper,BrightCopy Paper Case,3,0.2,131.71,28.8,12.36
1735,ORD-11026,2024-07-12,2024-07-14,First Class,CUST-0089,Customer 089,Consumer,Central,Minnesota,Minneapolis,Technology,Computers,Vertex 24 Monitor,2,0,699.79,194.62,22.32
1736,ORD-11026,2024-07-12,2024-07-14,First Class,CUST-0089,Customer 089,Consumer,Central,Minnesota,Minneapolis,Office Supplies,Binders,ProBind Presentation Set,1,0.15,32.43,0.67,10.01
1737,ORD-11027,2025-12-18,2025-12-23,Standard Class,CUST-0174,Customer 174,Consumer,South,Florida,Miami,Technology,Phones,Pulse Pro Smartphone,1,0.05,911.24,212.7,17.51
1738,ORD-11028,2025-01-08,2025-01-11,Second Class,CUST-0059,Customer 059,Consumer,South,Tennessee,Nashville,Technology,Accessories,Vector USB-C Hub,2,0.05,138.72,50.77,12.02
1739,ORD-11028,2025-01-08,2025-01-11,Second Class,CUST-0059,Customer 059,Consumer,South,Tennessee,Nashville,Office Supplies,Writing,Glide Gel Pen Pack,1,0.1,14.2,-2.97,9.59
1740,ORD-11029,2023-03-27,2023-04-01,Standard Class,CUST-0207,Customer 207,Home Office,West,Washington,Seattle,Office Supplies,Labels,QuickShip Label Roll,1,0.05,24.55,6.35,6.31
1741,ORD-11030,2025-08-14,2025-08-19,Standard Class,CUST-0018,Customer 018,Corporate,Central,Illinois,Chicago,Technology,Accessories,Vector USB-C Hub,1,0.05,71.92,25.64,6.91
1742,ORD-11031,2024-08-23,2024-08-28,Standard Class,CUST-0238,Customer 238,Home Office,West,California,San Francisco,Office Supplies,Writing,Glide Gel Pen Pack,2,0.4,22.39,-1.97,6.45
1743,ORD-11032,2024-12-20,2024-12-23,Second Class,CUST-0192,Customer 192,Consumer,Central,Minnesota,Minneapolis,Office Supplies,Labels,QuickShip Label Roll,2,0.05,53.56,17.27,10.35
1744,ORD-11033,2024-06-21,2024-06-21,Same Day,CUST-0199,Customer 199,Home Office,Central,Illinois,Chicago,Technology,Phones,Nova X Smartphone,3,0,1975.04,605.73,46.04
1745,ORD-11034,2025-07-07,2025-07-10,Second Class,CUST-0145,Customer 145,Home Office,Central,Texas,Dallas,Office Supplies,Paper,BrightCopy Paper Case,1,0.05,48.37,10.12,10.25
1746,ORD-11035,2024-08-13,2024-08-18,Standard Class,CUST-0018,Customer 018,Corporate,West,California,Los Angeles,Office Supplies,Binders,ProBind Presentation Set,1,0.05,35.68,7.82,6.45
1747,ORD-11035,2024-08-13,2024-08-18,Standard Class,CUST-0018,Customer 018,Corporate,West,California,Los Angeles,Office Supplies,Binders,ProBind Presentation Set,1,0.3,28.46,-1.2,6.49
1748,ORD-11036,2025-10-15,2025-10-18,Second Class,CUST-0120,Customer 120,Home Office,East,Pennsylvania,Philadelphia,Office Supplies,Storage,Archive Storage Box Set,3,0,134.35,43.28,11.8
1749,ORD-11037,2025-07-29,2025-08-03,Standard Class,CUST-0143,Customer 143,Home Office,Central,Texas,Houston,Furniture,Chairs,Metro Task Chair,5,0,1263.62,357.92,21.16
1750,ORD-11038,2024-06-20,2024-06-23,Second Class,CUST-0226,Customer 226,Corporate,Central,Minnesota,Minneapolis,Office Supplies,Art,Studio Marker Set,5,0.2,120.89,31.71,12.11
1751,ORD-11039,2025-11-24,2025-11-29,Standard Class,CUST-0196,Customer 196,Consumer,East,Pennsylvania,Philadelphia,Office Supplies,Art,Studio Marker Set,2,0.05,68.18,24.72,6.86
1752,ORD-11039,2025-11-24,2025-11-29,Standard Class,CUST-0196,Customer 196,Consumer,East,Pennsylvania,Philadelphia,Office Supplies,Labels,QuickShip Label Roll,3,0.1,68.11,26.39,6.91
1753,ORD-11040,2025-04-03,2025-04-03,Same Day,CUST-0152,Customer 152,Corporate,East,New Jersey,Newark,Office Supplies,Art,Studio Marker Set,2,0,63.76,20.75,10.49
1754,ORD-11041,2024-12-06,2024-12-11,Standard Class,CUST-0236,Customer 236,Consumer,Central,Minnesota,Minneapolis,Furniture,Chairs,Metro Task Chair,2,0.2,401.02,38.11,12.02
1755,ORD-11042,2024-11-28,2024-12-03,Standard Class,CUST-0005,Customer 005,Consumer,Central,Minnesota,Minneapolis,Furniture,Tables,LiftPro Standing Desk,5,0.3,3186.36,-1608.28,60.62
1756,ORD-11042,2024-11-28,2024-12-03,Standard Class,CUST-0005,Customer 005,Consumer,Central,Minnesota,Minneapolis,Office Supplies,Labels,QuickShip Label Roll,1,0.4,17.07,-2.36,6.34
1757,ORD-11042,2024-11-28,2024-12-03,Standard Class,CUST-0005,Customer 005,Consumer,Central,Minnesota,Minneapolis,Office Supplies,Labels,QuickShip Label Roll,3,0.1,72.85,28.65,6.97
1758,ORD-11042,2024-11-28,2024-12-03,Standard Class,CUST-0005,Customer 005,Consumer,Central,Minnesota,Minneapolis,Office Supplies,Art,Studio Marker Set,3,0,106.72,45.01,7.28
1759,ORD-11043,2023-05-23,2023-05-28,Standard Class,CUST-0163,Customer 163,Home Office,East,New York,New York City,Office Supplies,Labels,QuickShip Label Roll,1,0.15,21.84,3.71,6.31
1760,ORD-11044,2025-03-29,2025-03-29,Same Day,CUST-0055,Customer 055,Consumer,East,Massachusetts,Boston,Technology,Accessories,Orbit Wireless Headset,2,0.4,143.85,-8.96,13.76
1761,ORD-11045,2025-05-12,2025-05-17,Standard Class,CUST-0185,Customer 185,Corporate,West,Washington,Seattle,Furniture,Storage,Flex 5-Shelf Bookcase,2,0.3,426.47,-43.77,13.31
1762,ORD-11045,2025-05-12,2025-05-17,Standard Class,CUST-0185,Customer 185,Corporate,West,Washington,Seattle,Office Supplies,Labels,QuickShip Label Roll,1,0.2,19.46,1.98,6.29
1763,ORD-11045,2025-05-12,2025-05-17,Standard Class,CUST-0185,Customer 185,Corporate,West,Washington,Seattle,Furniture,Storage,Flex 5-Shelf Bookcase,4,0.1,1018.02,150.1,19.57
1764,ORD-11045,2025-05-12,2025-05-17,Standard Class,CUST-0185,Customer 185,Corporate,West,Washington,Seattle,Office Supplies,Paper,BrightCopy Paper Case,4,0,226.53,93.22,8.72
1765,ORD-11046,2025-01-10,2025-01-15,Standard Class,CUST-0170,Customer 170,Home Office,West,Washington,Seattle,Office Supplies,Labels,QuickShip Label Roll,1,0.2,18.0,1.38,6.27
1766,ORD-11046,2025-01-10,2025-01-15,Standard Class,CUST-0170,Customer 170,Home Office,West,Washington,Seattle,Technology,Phones,Pulse Pro Smartphone,1,0.1,723.67,137.12,15.65
1767,ORD-11047,2025-01-28,2025-02-02,Standard Class,CUST-0162,Customer 162,Consumer,Central,Texas,Dallas,Office Supplies,Writing,Glide Gel Pen Pack,1,0.1,14.8,0.71,6.2
1768,ORD-11048,2024-08-05,2024-08-10,Standard Class,CUST-0017,Customer 017,Corporate,West,Oregon,Portland,Technology,Computers,Vertex 24 Monitor,3,0,910.29,265.27,16.92
1769,ORD-11048,2024-08-05,2024-08-10,Standard Class,CUST-0017,Customer 017,Corporate,West,Oregon,Portland,Office Supplies,Binders,ProBind Presentation Set,3,0,106.42,38.48,7.28
1770,ORD-11048,2024-08-05,2024-08-10,Standard Class,CUST-0017,Customer 017,Corporate,West,Oregon,Portland,Furniture,Storage,Flex 5-Shelf Bookcase,3,0.1,779.44,113.51,16.39
1771,ORD-11049,2024-12-19,2024-12-24,Standard Class,CUST-0149,Customer 149,Corporate,Central,Illinois,Chicago,Office Supplies,Writing,Glide Gel Pen Pack,3,0.05,58.86,22.38,6.74
1772,ORD-11050,2025-02-05,2025-02-10,Standard Class,CUST-0142,Customer 142,Home Office,East,Pennsylvania,Philadelphia,Furniture,Chairs,Metro Task Chair,2,0.05,447.39,106.08,11.65
1773,ORD-11051,2023-09-08,2023-09-10,First Class,CUST-0157,Customer 157,Home Office,Central,Texas,Houston,Office Supplies,Paper,BrightCopy Paper Case,3,0.15,139.16,36.77,12.35
1774,ORD-11051,2023-09-08,2023-09-10,First Class,CUST-0157,Customer 157,Home Office,Central,Texas,Houston,Technology,Phones,Nova X Smartphone,3,0.3,1366.46,12.95,45.61
1775,ORD-11052,2024-03-13,2024-03-18,Standard Class,CUST-0171,Customer 171,Consumer,West,California,Los Angeles,Office Supplies,Storage,Archive Storage Box Set,5,0.3,157.23,16.01,8.7
1776,ORD-11053,2023-10-25,2023-10-27,First Class,CUST-0161,Customer 161,Corporate,South,Tennessee,Nashville,Furniture,Chairs,ErgoMesh Office Chair,2,0.2,704.49,35.97,25.68
1777,ORD-11054,2024-04-09,2024-04-12,Second Class,CUST-0008,Customer 008,Corporate,West,California,San Francisco,Office Supplies,Writing,Glide Gel Pen Pack,2,0.15,31.24,3.62,9.98
1778,ORD-11054,2024-04-09,2024-04-12,Second Class,CUST-0008,Customer 008,Corporate,West,California,San Francisco,Office Supplies,Art,Studio Marker Set,1,0.1,28.08,2.29,9.88
1779,ORD-11055,2025-10-08,2025-10-13,Standard Class,CUST-0155,Customer 155,Corporate,East,New York,New York City,Office Supplies,Storage,Archive Storage Box Set,3,0,119.83,41.69,7.44
1780,ORD-11056,2023-11-19,2023-11-22,Second Class,CUST-0098,Customer 098,Corporate,West,California,Los Angeles,Furniture,Storage,Compact File Cabinet,1,0.1,178.94,30.74,13.0
1781,ORD-11056,2023-11-19,2023-11-22,Second Class,CUST-0098,Customer 098,Corporate,West,California,Los Angeles,Technology,Phones,Pulse Pro Smartphone,3,0.15,2604.47,362.68,66.29
1782,ORD-11057,2025-01-05,2025-01-10,Standard Class,CUST-0064,Customer 064,Consumer,West,California,San Francisco,Office Supplies,Storage,Archive Storage Box Set,1,0.2,33.2,2.21,6.5
1783,ORD-11058,2024-07-12,2024-07-14,First Class,CUST-0061,Customer 061,Consumer,East,Pennsylvania,Philadelphia,Furniture,Storage,Flex 5-Shelf Bookcase,3,0.1,807.06,108.53,25.98
1784,ORD-11059,2025-03-14,2025-03-16,First Class,CUST-0097,Customer 097,Consumer,East,New Jersey,Newark,Office Supplies,Art,Studio Marker Set,2,0.2,47.63,6.86,10.41
1785,ORD-11059,2025-03-14,2025-03-16,First Class,CUST-0097,Customer 097,Consumer,East,New Jersey,Newark,Office Supplies,Paper,BrightCopy Paper Case,2,0.05,102.87,32.01,11.31
1786,ORD-11060,2024-07-10,2024-07-15,Standard Class,CUST-0129,Customer 129,Corporate,West,Oregon,Portland,Technology,Accessories,Vector USB-C Hub,2,0,164.87,71.16,7.98
1787,ORD-11060,2024-07-10,2024-07-15,Standard Class,CUST-0129,Customer 129,Corporate,West,Oregon,Portland,Office Supplies,Writing,Glide Gel Pen Pack,2,0.05,35.0,10.87,6.44
1788,ORD-11061,2025-09-17,2025-09-22,Standard Class,CUST-0100,Customer 100,Corporate,Central,Minnesota,Minneapolis,Office Supplies,Labels,QuickShip Label Roll,1,0.1,19.99,3.5,6.27
1789,ORD-11061,2025-09-17,2025-09-22,Standard Class,CUST-0100,Customer 100,Corporate,Central,Minnesota,Minneapolis,Office Supplies,Writing,Glide Gel Pen Pack,2,0,35.68,12.12,6.43
1790,ORD-11062,2023-07-13,2023-07-18,Standard Class,CUST-0062,Customer 062,Home Office,West,Oregon,Portland,Office Supplies,Labels,QuickShip Label Roll,3,0,74.31,33.24,6.89
1791,ORD-11063,2025-11-13,2025-11-18,Standard Class,CUST-0213,Customer 213,Home Office,East,Pennsylvania,Philadelphia,Technology,Accessories,Orbit Wireless Headset,3,0,429.63,169.29,11.16
1792,ORD-11063,2025-11-13,2025-11-18,Standard Class,CUST-0213,Customer 213,Home Office,East,Pennsylvania,Philadelphia,Technology,Phones,Pulse Pro Smartphone,4,0,3776.49,1043.86,51.32
1793,ORD-11064,2024-01-08,2024-01-13,Standard Class,CUST-0218,Customer 218,Consumer,South,Tennessee,Nashville,Office Supplies,Binders,ProBind Presentation Set,1,0.2,29.65,2.09,6.44
1794,ORD-11064,2024-01-08,2024-01-13,Standard Class,CUST-0218,Customer 218,Consumer,South,Tennessee,Nashville,Office Supplies,Paper,BrightCopy Paper Case,2,0.1,92.65,28.79,7.24
1795,ORD-11064,2024-01-08,2024-01-13,Standard Class,CUST-0218,Customer 218,Consumer,South,Tennessee,Nashville,Office Supplies,Labels,QuickShip Label Roll,2,0.1,40.47,13.25,6.54
1796,ORD-11065,2023-04-29,2023-05-04,Standard Class,CUST-0086,Customer 086,Corporate,West,California,Los Angeles,Office Supplies,Writing,Glide Gel Pen Pack,3,0,49.93,19.37,6.6
1797,ORD-11066,2024-07-10,2024-07-15,Standard Class,CUST-0039,Customer 039,Consumer,East,New Jersey,Newark,Office Supplies,Storage,Archive Storage Box Set,3,0,131.17,46.21,7.57
1798,ORD-11067,2023-09-02,2023-09-05,Second Class,CUST-0146,Customer 146,Home Office,East,New Jersey,Newark,Office Supplies,Writing,Glide Gel Pen Pack,2,0.05,33.9,6.81,9.96
1799,ORD-11067,2023-09-02,2023-09-05,Second Class,CUST-0146,Customer 146,Home Office,East,New Jersey,Newark,Office Supplies,Paper,BrightCopy Paper Case,2,0.15,85.27,18.92,11.17
1800,ORD-11068,2023-03-06,2023-03-11,Standard Class,CUST-0071,Customer 071,Consumer,East,New Jersey,Newark,Office Supplies,Writing,Glide Gel Pen Pack,2,0.4,22.99,-1.86,6.46
1801,ORD-11068,2023-03-06,2023-03-11,Standard Class,CUST-0071,Customer 071,Consumer,East,New Jersey,Newark,Office Supplies,Labels,QuickShip Label Roll,1,0.4,14.65,-2.87,6.29
1802,ORD-11068,2023-03-06,2023-03-11,Standard Class,CUST-0071,Customer 071,Consumer,East,New Jersey,Newark,Office Supplies,Storage,Archive Storage Box Set,4,0.15,136.5,33.82,7.93
1803,ORD-11069,2024-12-01,2024-12-06,Standard Class,CUST-0011,Customer 011,Consumer,East,Pennsylvania,Philadelphia,Technology,Phones,Nova X Smartphone,1,0.3,539.02,7.86,15.24
1804,ORD-11069,2024-12-01,2024-12-06,Standard Class,CUST-0011,Customer 011,Consumer,East,Pennsylvania,Philadelphia,Technology,Accessories,Vector USB-C Hub,2,0,183.97,80.1,8.21
1805,ORD-11069,2024-12-01,2024-12-06,Standard Class,CUST-0011,Customer 011,Consumer,East,Pennsylvania,Philadelphia,Office Supplies,Writing,Glide Gel Pen Pack,1,0,18.55,3.43,6.22
1806,ORD-11069,2024-12-01,2024-12-06,Standard Class,CUST-0011,Customer 011,Consumer,East,Pennsylvania,Philadelphia,Office Supplies,Paper,BrightCopy Paper Case,4,0.4,144.84,3.17,8.9
1807,ORD-11070,2024-03-17,2024-03-19,First Class,CUST-0212,Customer 212,Consumer,West,California,San Francisco,Technology,Phones,Pulse Pro Smartphone,1,0.4,525.2,-121.87,25.58
1808,ORD-11070,2024-03-17,2024-03-19,First Class,CUST-0212,Customer 212,Consumer,West,California,San Francisco,Technology,Computers,Apex 14 Laptop,2,0.15,2054.6,163.29,54.26
1809,ORD-11070,2024-03-17,2024-03-19,First Class,CUST-0212,Customer 212,Consumer,West,California,San Francisco,Office Supplies,Storage,Archive Storage Box Set,3,0.15,104.28,20.32,11.58
1810,ORD-11071,2024-05-12,2024-05-17,Standard Class,CUST-0156,Customer 156,Consumer,West,Washington,Seattle,Furniture,Tables,LiftPro Standing Desk,4,0.15,2522.69,-605.51,41.61
1811,ORD-11071,2024-05-12,2024-05-17,Standard Class,CUST-0156,Customer 156,Consumer,West,Washington,Seattle,Technology,Accessories,Vector USB-C Hub,3,0,247.79,109.97,8.97
1812,ORD-11072,2023-01-15,2023-01-20,Standard Class,CUST-0202,Customer 202,Consumer,West,Washington,Seattle,Office Supplies,Binders,ProBind Presentation Set,2,0.2,56.0,9.26,6.84
1813,ORD-11073,2025-09-14,2025-09-19,Standard Class,CUST-0096,Customer 096,Consumer,East,New Jersey,Newark,Technology,Accessories,Orbit Wireless Headset,3,0,388.42,152.47,10.66
1814,ORD-11073,2025-09-14,2025-09-19,Standard Class,CUST-0096,Customer 096,Consumer,East,New Jersey,Newark,Furniture,Chairs,Metro Task Chair,1,0,252.57,66.74,9.03
1815,ORD-11074,2023-08-04,2023-08-04,Same Day,CUST-0016,Customer 016,Corporate,Central,Texas,Dallas,Office Supplies,Writing,Glide Gel Pen Pack,2,0.05,33.58,6.65,9.96
1816,ORD-11075,2025-02-05,2025-02-08,Second Class,CUST-0068,Customer 068,Consumer,East,Pennsylvania,Philadelphia,Office Supplies,Binders,ProBind Presentation Set,2,0.2,55.66,5.41,10.59
1817,ORD-11075,2025-02-05,2025-02-08,Second Class,CUST-0068,Customer 068,Consumer,East,Pennsylvania,Philadelphia,Office Supplies,Art,Studio Marker Set,2,0.05,53.99,14.64,10.36
1818,ORD-11075,2025-02-05,2025-02-08,Second Class,CUST-0068,Customer 068,Consumer,East,Pennsylvania,Philadelphia,Office Supplies,Binders,ProBind Presentation Set,4,0.2,113.01,20.56,11.93
1819,ORD-11075,2025-02-05,2025-02-08,Second Class,CUST-0068,Customer 068,Consumer,East,Pennsylvania,Philadelphia,Furniture,Storage,Compact File Cabinet,2,0.05,342.07,81.22,16.0
1820,ORD-11076,2025-05-08,2025-05-13,Standard Class,CUST-0205,Customer 205,Corporate,West,Oregon,Portland,Technology,Phones,Nova X Smartphone,3,0,2017.2,635.47,30.21
1821,ORD-11077,2024-09-09,2024-09-14,Standard Class,CUST-0229,Customer 229,Consumer,West,California,Los Angeles,Furniture,Storage,Compact File Cabinet,2,0.1,314.67,66.72,10.2
1822,ORD-11077,2024-09-09,2024-09-14,Standard Class,CUST-0229,Customer 229,Consumer,West,California,Los Angeles,Office Supplies,Storage,Archive Storage Box Set,2,0,90.35,29.96,7.08
1823,ORD-11077,2024-09-09,2024-09-14,Standard Class,CUST-0229,Customer 229,Consumer,West,California,Los Angeles,Office Supplies,Storage,Archive Storage Box Set,2,0.05,84.0,24.77,7.06
1824,ORD-11078,2024-08-03,2024-08-08,Standard Class,CUST-0203,Customer 203,Home Office,West,Oregon,Portland,Furniture,Storage,Flex 5-Shelf Bookcase,4,0.05,1051.68,202.13,19.28
1825,ORD-11079,2023-04-19,2023-04-21,First Class,CUST-0022,Customer 022,Home Office,South,Tennessee,Nashville,Technology,Accessories,Vector USB-C Hub,3,0.1,202.6,72.05,13.49
1826,ORD-11079,2023-04-19,2023-04-21,First Class,CUST-0022,Customer 022,Home Office,South,Tennessee,Nashville,Office Supplies,Paper,BrightCopy Paper Case,2,0.1,92.9,24.91,11.22
1827,ORD-11080,2025-05-26,2025-05-29,Second Class,CUST-0199,Customer 199,Home Office,West,Washington,Seattle,Technology,Accessories,Vector USB-C Hub,2,0.3,107.93,15.59,12.17
1828,ORD-11081,2024-08-23,2024-08-28,Standard Class,CUST-0219,Customer 219,Consumer,Central,Illinois,Chicago,Office Supplies,Labels,QuickShip Label Roll,3,0.15,57.61,19.63,6.81
1829,ORD-11081,2024-08-23,2024-08-28,Standard Class,CUST-0219,Customer 219,Consumer,Central,Illinois,Chicago,Office Supplies,Binders,ProBind Presentation Set,1,0.05,36.08,7.97,6.46
1830,ORD-11082,2024-03-17,2024-03-19,First Class,CUST-0145,Customer 145,Home Office,East,New York,New York City,Office Supplies,Storage,Archive Storage Box Set,4,0.05,157.65,47.35,12.39
1831,ORD-11083,2025-10-16,2025-10-21,Standard Class,CUST-0004,Customer 004,Consumer,East,New York,New York City,Office Supplies,Writing,Glide Gel Pen Pack,5,0,91.13,40.3,7.09
1832,ORD-11083,2025-10-16,2025-10-21,Standard Class,CUST-0004,Customer 004,Consumer,East,New York,New York City,Technology,Computers,Apex 14 Laptop,2,0.15,2054.7,182.55,35.01
1833,ORD-11083,2025-10-16,2025-10-21,Standard Class,CUST-0004,Customer 004,Consumer,East,New York,New York City,Furniture,Tables,LiftPro Standing Desk,2,0.3,1066.29,-542.19,24.28
1834,ORD-11084,2025-03-27,2025-04-01,Standard Class,CUST-0181,Customer 181,Consumer,Central,Texas,Dallas,Office Supplies,Binders,ProBind Presentation Set,3,0.05,104.71,34.56,7.32
1835,ORD-11085,2024-10-18,2024-10-20,First Class,CUST-0125,Customer 125,Consumer,Central,Texas,Dallas,Technology,Accessories,Vector USB-C Hub,1,0,76.54,26.02,10.72
1836,ORD-11085,2024-10-18,2024-10-20,First Class,CUST-0125,Customer 125,Consumer,Central,Texas,Dallas,Office Supplies,Labels,QuickShip Label Roll,2,0.15,39.02,7.75,10.15
1837,ORD-11086,2024-08-20,2024-08-25,Standard Class,CUST-0230,Customer 230,Corporate,South,Tennessee,Nashville,Office Supplies,Storage,Archive Storage Box Set,4,0.2,142.12,29.17,8.13
1838,ORD-11087,2023-04-20,2023-04-25,Standard Class,CUST-0038,Customer 038,Consumer,Central,Minnesota,Minneapolis,Furniture,Tables,LiftPro Standing Desk,1,0.2,622.48,-202.09,15.34
1839,ORD-11088,2024-08-23,2024-08-28,Standard Class,CUST-0181,Customer 181,Consumer,South,Florida,Miami,Office Supplies,Paper,BrightCopy Paper Case,5,0.3,176.88,28.88,9.03
1840,ORD-11088,2024-08-23,2024-08-28,Standard Class,CUST-0181,Customer 181,Consumer,South,Florida,Miami,Office Supplies,Binders,ProBind Presentation Set,2,0.05,67.86,20.29,6.86
1841,ORD-11089,2024-08-13,2024-08-15,First Class,CUST-0051,Customer 051,Consumer,West,Washington,Seattle,Furniture,Storage,Compact File Cabinet,4,0.1,643.44,134.68,22.6
1842,ORD-11090,2023-04-13,2023-04-18,Standard Class,CUST-0048,Customer 048,Home Office,East,New York,New York City,Office Supplies,Storage,Archive Storage Box Set,1,0.05,37.2,7.63,6.47
1843,ORD-11090,2023-04-13,2023-04-18,Standard Class,CUST-0048,Customer 048,Home Office,East,New York,New York City,Technology,Accessories,Orbit Wireless Headset,1,0.15,106.86,26.43,7.51
1844,ORD-11090,2023-04-13,2023-04-18,Standard Class,CUST-0048,Customer 048,Home Office,East,New York,New York City,Technology,Accessories,Vector USB-C Hub,2,0.05,156.82,63.0,7.98
1845,ORD-11091,2025-06-13,2025-06-18,Standard Class,CUST-0124,Customer 124,Home Office,Central,Illinois,Chicago,Furniture,Storage,Compact File Cabinet,2,0,378.9,110.7,10.55
1846,ORD-11091,2025-06-13,2025-06-18,Standard Class,CUST-0124,Customer 124,Home Office,Central,Illinois,Chicago,Technology,Accessories,Vector USB-C Hub,2,0.15,124.62,40.62,7.76
1847,ORD-11091,2025-06-13,2025-06-18,Standard Class,CUST-0124,Customer 124,Home Office,Central,Illinois,Chicago,Office Supplies,Writing,Glide Gel Pen Pack,2,0.1,32.65,8.8,6.44
1848,ORD-11091,2025-06-13,2025-06-18,Standard Class,CUST-0124,Customer 124,Home Office,Central,Illinois,Chicago,Office Supplies,Binders,ProBind Presentation Set,3,0.2,95.98,20.16,7.44
1849,ORD-11092,2024-11-09,2024-11-14,Standard Class,CUST-0079,Customer 079,Consumer,Central,Illinois,Chicago,Office Supplies,Storage,Archive Storage Box Set,2,0.1,85.7,22.38,7.14
1850,ORD-11093,2023-07-08,2023-07-13,Standard Class,CUST-0194,Customer 194,Consumer,East,Massachusetts,Boston,Office Supplies,Writing,Glide Gel Pen Pack,3,0,51.85,20.34,6.62
1851,ORD-11094,2023-12-04,2023-12-06,First Class,CUST-0118,Customer 118,Home Office,Central,Texas,Dallas,Office Supplies,Paper,BrightCopy Paper Case,3,0.05,171.28,59.47,12.65
1852,ORD-11094,2023-12-04,2023-12-06,First Class,CUST-0118,Customer 118,Home Office,Central,Texas,Dallas,Office Supplies,Writing,Glide Gel Pen Pack,3,0,60.79,21.18,10.43
1853,ORD-11095,2024-05-07,2024-05-12,Standard Class,CUST-0126,Customer 126,Consumer,West,Oregon,Portland,Office Supplies,Writing,Glide Gel Pen Pack,2,0,34.45,11.5,6.41
1854,ORD-11096,2024-05-05,2024-05-07,First Class,CUST-0068,Customer 068,Consumer,Central,Illinois,Chicago,Technology,Accessories,Vector USB-C Hub,3,0.15,188.08,59.6,13.42
1855,ORD-11096,2024-05-05,2024-05-07,First Class,CUST-0068,Customer 068,Consumer,Central,Illinois,Chicago,Furniture,Storage,Flex 5-Shelf Bookcase,2,0.1,488.87,62.08,19.4
1856,ORD-11097,2025-03-29,2025-04-01,Second Class,CUST-0120,Customer 120,Home Office,West,California,San Francisco,Office Supplies,Paper,BrightCopy Paper Case,4,0.05,206.34,73.54,13.34
1857,ORD-11097,2025-03-29,2025-04-01,Second Class,CUST-0120,Customer 120,Home Office,West,California,San Francisco,Office Supplies,Art,Studio Marker Set,1,0.3,23.76,-3.48,9.93
1858,ORD-11097,2025-03-29,2025-04-01,Second Class,CUST-0120,Customer 120,Home Office,West,California,San Francisco,Technology,Accessories,Vector USB-C Hub,4,0.4,193.29,10.48,15.29
1859,ORD-11097,2025-03-29,2025-04-01,Second Class,CUST-0120,Customer 120,Home Office,West,California,San Francisco,Office Supplies,Binders,ProBind Presentation Set,1,0.15,30.52,0.08,9.97
1860,ORD-11098,2025-10-17,2025-10-19,First Class,CUST-0117,Customer 117,Corporate,West,California,Los Angeles,Office Supplies,Binders,ProBind Presentation Set,2,0.05,75.63,19.47,10.78
1861,ORD-11098,2025-10-17,2025-10-19,First Class,CUST-0117,Customer 117,Corporate,West,California,Los Angeles,Office Supplies,Paper,BrightCopy Paper Case,3,0,165.83,62.24,12.38
1862,ORD-11099,2025-02-13,2025-02-15,First Class,CUST-0099,Customer 099,Corporate,West,California,Los Angeles,Furniture,Storage,Compact File Cabinet,3,0.05,531.22,131.28,19.7
1863,ORD-11100,2024-05-30,2024-06-04,Standard Class,CUST-0099,Customer 099,Corporate,West,Washington,Seattle,Office Supplies,Storage,Archive Storage Box Set,3,0.1,120.33,33.85,7.6
1864,ORD-11100,2024-05-30,2024-06-04,Standard Class,CUST-0099,Customer 099,Corporate,West,Washington,Seattle,Office Supplies,Art,Studio Marker Set,2,0.05,60.43,21.23,6.76
1865,ORD-11101,2025-01-02,2025-01-04,First Class,CUST-0156,Customer 156,Consumer,Central,Illinois,Chicago,Office Supplies,Writing,Glide Gel Pen Pack,1,0.15,13.51,-3.72,9.6
1866,ORD-11102,2024-08-31,2024-09-02,First Class,CUST-0212,Customer 212,Consumer,Central,Minnesota,Minneapolis,Furniture,Storage,Flex 5-Shelf Bookcase,2,0.1,546.24,70.45,20.59
1867,ORD-11103,2024-06-09,2024-06-14,Standard Class,CUST-0012,Customer 012,Corporate,South,Georgia,Atlanta,Office Supplies,Binders,ProBind Presentation Set,1,0.05,37.51,8.53,6.47
1868,ORD-11104,2023-02-15,2023-02-17,First Class,CUST-0106,Customer 106,Consumer,East,New Jersey,Newark,Office Supplies,Writing,Glide Gel Pen Pack,2,0.1,31.25,4.64,9.95
1869,ORD-11105,2023-03-03,2023-03-08,Standard Class,CUST-0112,Customer 112,Home Office,East,Massachusetts,Boston,Technology,Accessories,Vector USB-C Hub,3,0,244.23,108.3,8.93
1870,ORD-11106,2023-05-15,2023-05-20,Standard Class,CUST-0220,Customer 220,Corporate,West,California,San Francisco,Office Supplies,Art,Studio Marker Set,1,0,30.49,8.57,6.37
1871,ORD-11106,2023-05-15,2023-05-20,Standard Class,CUST-0220,Customer 220,Corporate,West,California,San Francisco,Technology,Computers,Vertex 24 Monitor,2,0.15,533.57,86.91,13.53
1872,ORD-11107,2025-01-24,2025-01-29,Standard Class,CUST-0159,Customer 159,Consumer,West,California,San Francisco,Office Supplies,Binders,ProBind Presentation Set,4,0.05,132.9,45.48,7.68
1873,ORD-11108,2023-03-01,2023-03-04,Second Class,CUST-0070,Customer 070,Home Office,Central,Texas,Houston,Office Supplies,Art,Studio Marker Set,2,0.4,35.66,-5.06,10.41
1874,ORD-11109,2024-07-06,2024-07-09,Second Class,CUST-0148,Customer 148,Home Office,West,Washington,Seattle,Technology,Accessories,Orbit Wireless Headset,2,0.05,255.15,85.07,14.3
1875,ORD-11109,2024-07-06,2024-07-09,Second Class,CUST-0148,Customer 148,Home Office,West,Washington,Seattle,Technology,Computers,Vertex 24 Monitor,3,0.2,803.28,82.47,27.98
1876,ORD-11109,2024-07-06,2024-07-09,Second Class,CUST-0148,Customer 148,Home Office,West,Washington,Seattle,Furniture,Tables,Oakline Writing Desk,2,0.1,1031.16,-156.64,30.61
1877,ORD-11109,2024-07-06,2024-07-09,Second Class,CUST-0148,Customer 148,Home Office,West,Washington,Seattle,Office Supplies,Labels,QuickShip Label Roll,3,0.2,61.96,15.59,10.74
1878,ORD-11110,2024-03-01,2024-03-06,Standard Class,CUST-0118,Customer 118,Home Office,West,California,Los Angeles,Office Supplies,Labels,QuickShip Label Roll,4,0,100.84,47.25,7.21
1879,ORD-11111,2023-05-03,2023-05-08,Standard Class,CUST-0143,Customer 143,Home Office,Central,Texas,Houston,Office Supplies,Paper,BrightCopy Paper Case,1,0,56.77,18.87,6.68
1880,ORD-11111,2023-05-03,2023-05-08,Standard Class,CUST-0143,Customer 143,Home Office,Central,Texas,Houston,Office Supplies,Binders,ProBind Presentation Set,5,0,192.91,74.64,8.31
1881,ORD-11111,2023-05-03,2023-05-08,Standard Class,CUST-0143,Customer 143,Home Office,Central,Texas,Houston,Office Supplies,Labels,QuickShip Label Roll,2,0.1,41.23,13.61,6.55
1882,ORD-11112,2025-05-01,2025-05-06,Standard Class,CUST-0005,Customer 005,Consumer,South,Georgia,Atlanta,Office Supplies,Labels,QuickShip Label Roll,1,0.15,19.85,2.83,6.28
1883,ORD-11112,2025-05-01,2025-05-06,Standard Class,CUST-0005,Customer 005,Consumer,South,Georgia,Atlanta,Office Supplies,Labels,QuickShip Label Roll,1,0.1,21.99,4.46,6.29
1884,ORD-11112,2025-05-01,2025-05-06,Standard Class,CUST-0005,Customer 005,Consumer,South,Georgia,Atlanta,Furniture,Storage,Compact File Cabinet,4,0.1,692.36,154.01,15.23
1885,ORD-11112,2025-05-01,2025-05-06,Standard Class,CUST-0005,Customer 005,Consumer,South,Georgia,Atlanta,Office Supplies,Writing,Glide Gel Pen Pack,2,0,33.91,11.22,6.41
1886,ORD-11113,2023-11-23,2023-11-28,Standard Class,CUST-0009,Customer 009,Corporate,West,Washington,Seattle,Technology,Phones,Pulse Pro Smartphone,2,0,1949.85,536.06,29.4
1887,ORD-11114,2023-02-09,2023-02-12,Second Class,CUST-0109,Customer 109,Home Office,South,Tennessee,Nashville,Office Supplies,Writing,Glide Gel Pen Pack,2,0.15,29.57,2.92,9.95
1888,ORD-11114,2023-02-09,2023-02-12,Second Class,CUST-0109,Customer 109,Home Office,South,Tennessee,Nashville,Office Supplies,Paper,BrightCopy Paper Case,1,0.15,43.57,5.13,10.25
1889,ORD-11115,2024-12-31,2025-01-03,Second Class,CUST-0087,Customer 087,Corporate,East,New Jersey,Newark,Office Supplies,Binders,ProBind Presentation Set,1,0.05,41.23,6.38,10.11
1890,ORD-11115,2024-12-31,2025-01-03,Second Class,CUST-0087,Customer 087,Corporate,East,New Jersey,Newark,Furniture,Storage,Compact File Cabinet,4,0.1,805.95,171.05,25.96
1891,ORD-11116,2025-01-22,2025-01-25,Second Class,CUST-0120,Customer 120,Home Office,East,New Jersey,Newark,Technology,Accessories,Orbit Wireless Headset,1,0,127.86,42.02,11.68
1892,ORD-11117,2023-01-24,2023-01-29,Standard Class,CUST-0170,Customer 170,Home Office,East,Massachusetts,Boston,Technology,Phones,Pulse Pro Smartphone,1,0,808.12,218.66,15.7
1893,ORD-11118,2024-08-14,2024-08-17,Second Class,CUST-0153,Customer 153,Corporate,West,Washington,Seattle,Technology,Phones,Nova X Smartphone,3,0,2145.95,658.96,49.21
1894,ORD-11119,2023-11-25,2023-11-30,Standard Class,CUST-0084,Customer 084,Corporate,Central,Illinois,Chicago,Technology,Accessories,Vector USB-C Hub,4,0.05,310.65,130.69,9.92
1895,ORD-11119,2023-11-25,2023-11-30,Standard Class,CUST-0084,Customer 084,Corporate,Central,Illinois,Chicago,Technology,Accessories,Orbit Wireless Headset,3,0.1,398.27,130.3,11.31
1896,ORD-11119,2023-11-25,2023-11-30,Standard Class,CUST-0084,Customer 084,Corporate,Central,Illinois,Chicago,Office Supplies,Art,Studio Marker Set,2,0.1,65.66,21.57,6.88
1897,ORD-11120,2024-10-23,2024-10-26,Second Class,CUST-0084,Customer 084,Corporate,West,Washington,Seattle,Office Supplies,Writing,Glide Gel Pen Pack,1,0.1,15.43,-2.42,9.62
1898,ORD-11120,2024-10-23,2024-10-26,Second Class,CUST-0084,Customer 084,Corporate,West,Washington,Seattle,Technology,Phones,Nova X Smartphone,3,0.2,1776.74,238.11,50.61
1899,ORD-11120,2024-10-23,2024-10-26,Second Class,CUST-0084,Customer 084,Corporate,West,Washington,Seattle,Office Supplies,Art,Studio Marker Set,2,0,67.02,22.29,10.55
1900,ORD-11120,2024-10-23,2024-10-26,Second Class,CUST-0084,Customer 084,Corporate,West,Washington,Seattle,Office Supplies,Art,Studio Marker Set,1,0.1,30.23,3.18,9.92
1901,ORD-11121,2023-08-17,2023-08-19,First Class,CUST-0047,Customer 047,Corporate,South,Tennessee,Nashville,Office Supplies,Labels,QuickShip Label Roll,4,0,94.08,39.75,11.05
1902,ORD-11121,2023-08-17,2023-08-19,First Class,CUST-0047,Customer 047,Corporate,South,Tennessee,Nashville,Furniture,Storage,Flex 5-Shelf Bookcase,4,0,1086.76,242.18,29.51
1903,ORD-11122,2023-02-24,2023-03-01,Standard Class,CUST-0083,Customer 083,Consumer,East,New York,New York City,Technology,Phones,Pulse Pro Smartphone,4,0.15,2798.22,415.38,45.5
1904,ORD-11122,2023-02-24,2023-03-01,Standard Class,CUST-0083,Customer 083,Consumer,East,New York,New York City,Office Supplies,Writing,Glide Gel Pen Pack,3,0.15,46.12,13.43,6.65
1905,ORD-11123,2025-01-19,2025-01-24,Standard Class,CUST-0190,Customer 190,Consumer,West,Oregon,Portland,Office Supplies,Art,Studio Marker Set,4,0.1,111.81,40.96,7.49
1906,ORD-11124,2025-11-22,2025-11-25,Second Class,CUST-0173,Customer 173,Home Office,West,California,San Francisco,Technology,Phones,Nova X Smartphone,5,0.15,3399.07,636.12,83.68
1907,ORD-11124,2025-11-22,2025-11-25,Second Class,CUST-0173,Customer 173,Home Office,West,California,San Francisco,Technology,Accessories,Orbit Wireless Headset,2,0.2,245.91,52.61,15.02
1908,ORD-11124,2025-11-22,2025-11-25,Second Class,CUST-0173,Customer 173,Home Office,West,California,San Francisco,Technology,Phones,Nova X Smartphone,3,0,2404.2,739.37,54.02
1909,ORD-11125,2024-12-13,2024-12-18,Standard Class,CUST-0061,Customer 061,Consumer,East,Massachusetts,Boston,Technology,Accessories,Vector USB-C Hub,1,0.4,53.46,0.06,7.07
1910,ORD-11126,2023-01-12,2023-01-12,Same Day,CUST-0055,Customer 055,Consumer,West,Oregon,Portland,Technology,Accessories,Orbit Wireless Headset,1,0.3,86.69,3.26,11.6
1911,ORD-11126,2023-01-12,2023-01-12,Same Day,CUST-0055,Customer 055,Consumer,West,Oregon,Portland,Office Supplies,Labels,QuickShip Label Roll,4,0.2,71.32,19.35,10.96
1912,ORD-11126,2023-01-12,2023-01-12,Same Day,CUST-0055,Customer 055,Consumer,West,Oregon,Portland,Office Supplies,Paper,BrightCopy Paper Case,1,0.1,47.1,8.05,10.27
1913,ORD-11127,2025-01-13,2025-01-18,Standard Class,CUST-0198,Customer 198,Corporate,East,Pennsylvania,Philadelphia,Office Supplies,Art,Studio Marker Set,1,0.1,28.25,5.86,6.38
1914,ORD-11127,2025-01-13,2025-01-18,Standard Class,CUST-0198,Customer 198,Corporate,East,Pennsylvania,Philadelphia,Furniture,Chairs,Metro Task Chair,1,0.2,180.0,13.8,8.7
1915,ORD-11128,2023-06-14,2023-06-19,Standard Class,CUST-0213,Customer 213,Home Office,West,Washington,Seattle,Office Supplies,Binders,ProBind Presentation Set,3,0.1,104.5,30.93,7.39
1916,ORD-11128,2023-06-14,2023-06-19,Standard Class,CUST-0213,Customer 213,Home Office,West,Washington,Seattle,Office Supplies,Paper,BrightCopy Paper Case,2,0.05,100.0,34.85,7.26
1917,ORD-11128,2023-06-14,2023-06-19,Standard Class,CUST-0213,Customer 213,Home Office,West,Washington,Seattle,Furniture,Tables,LiftPro Standing Desk,3,0.05,2313.61,-254.41,35.22
1918,ORD-11129,2025-09-16,2025-09-19,Second Class,CUST-0231,Customer 231,Corporate,West,California,Los Angeles,Technology,Phones,Pulse Pro Smartphone,1,0,889.37,232.08,25.84
1919,ORD-11130,2024-05-19,2024-05-22,Second Class,CUST-0149,Customer 149,Corporate,East,Pennsylvania,Philadelphia,Technology,Accessories,Orbit Wireless Headset,3,0.05,382.29,132.11,16.78
1920,ORD-11131,2024-09-26,2024-10-01,Standard Class,CUST-0078,Customer 078,Home Office,West,Oregon,Portland,Office Supplies,Art,Studio Marker Set,1,0.4,19.63,-3.45,6.39
1921,ORD-11131,2024-09-26,2024-10-01,Standard Class,CUST-0078,Customer 078,Home Office,West,Oregon,Portland,Office Supplies,Art,Studio Marker Set,4,0.05,128.91,52.08,7.63
1922,ORD-11132,2024-10-06,2024-10-11,Standard Class,CUST-0004,Customer 004,Consumer,East,Massachusetts,Boston,Furniture,Chairs,Metro Task Chair,4,0,957.04,269.63,17.48
1923,ORD-11133,2024-06-06,2024-06-09,Second Class,CUST-0179,Customer 179,Home Office,West,Washington,Seattle,Furniture,Chairs,Metro Task Chair,2,0.15,393.14,51.48,17.9
1924,ORD-11133,2024-06-06,2024-06-09,Second Class,CUST-0179,Customer 179,Home Office,West,Washington,Seattle,Technology,Computers,Vertex 24 Monitor,3,0.15,847.81,131.74,27.85
1925,ORD-11133,2024-06-06,2024-06-09,Second Class,CUST-0179,Customer 179,Home Office,West,Washington,Seattle,Furniture,Chairs,ErgoMesh Office Chair,2,0.3,574.79,-49.21,24.57
1926,ORD-11134,2023-11-28,2023-12-03,Standard Class,CUST-0022,Customer 022,Home Office,East,New Jersey,Newark,Furniture,Storage,Compact File Cabinet,2,0.05,372.03,95.03,10.7
1927,ORD-11135,2025-07-30,2025-08-04,Standard Class,CUST-0236,Customer 236,Consumer,East,New Jersey,Newark,Technology,Accessories,Vector USB-C Hub,5,0.05,403.65,171.61,11.1
1928,ORD-11135,2025-07-30,2025-08-04,Standard Class,CUST-0236,Customer 236,Consumer,East,New Jersey,Newark,Office Supplies,Binders,ProBind Presentation Set,1,0,36.51,9.26,6.44
1929,ORD-11136,2025-06-07,2025-06-12,Standard Class,CUST-0184,Customer 184,Home Office,East,New Jersey,Newark,Office Supplies,Art,Studio Marker Set,3,0.05,90.24,34.66,7.14
1930,ORD-11136,2025-06-07,2025-06-12,Standard Class,CUST-0184,Customer 184,Home Office,East,New Jersey,Newark,Office Supplies,Art,Studio Marker Set,3,0,100.45,42.01,7.21
1931,ORD-11136,2025-06-07,2025-06-12,Standard Class,CUST-0184,Customer 184,Home Office,East,New Jersey,Newark,Office Supplies,Binders,ProBind Presentation Set,4,0.05,145.32,50.29,7.84
1932,ORD-11137,2025-07-19,2025-07-21,First Class,CUST-0207,Customer 207,Home Office,South,Tennessee,Nashville,Office Supplies,Art,Studio Marker Set,1,0.2,26.37,-0.35,9.91
1933,ORD-11138,2024-09-01,2024-09-03,First Class,CUST-0020,Customer 020,Consumer,Central,Texas,Dallas,Office Supplies,Writing,Glide Gel Pen Pack,2,0.05,34.21,6.96,9.97
1934,ORD-11139,2025-01-03,2025-01-03,Same Day,CUST-0240,Customer 240,Consumer,Central,Minnesota,Minneapolis,Office Supplies,Writing,Glide Gel Pen Pack,4,0,65.55,23.56,10.52
1935,ORD-11140,2024-01-14,2024-01-17,Second Class,CUST-0079,Customer 079,Consumer,East,Massachusetts,Boston,Furniture,Storage,Flex 5-Shelf Bookcase,4,0,1106.57,246.76,29.88
1936,ORD-11141,2024-11-07,2024-11-07,Same Day,CUST-0119,Customer 119,Home Office,Central,Illinois,Chicago,Office Supplies,Storage,Archive Storage Box Set,4,0,194.33,66.77,12.91
1937,ORD-11142,2023-08-11,2023-08-13,First Class,CUST-0086,Customer 086,Corporate,West,Oregon,Portland,Technology,Phones,Pulse Pro Smartphone,1,0,928.69,242.75,26.57
1938,ORD-11142,2023-08-11,2023-08-13,First Class,CUST-0086,Customer 086,Corporate,West,Oregon,Portland,Office Supplies,Storage,Archive Storage Box Set,3,0,119.78,37.58,11.53
1939,ORD-11143,2025-07-30,2025-08-01,First Class,CUST-0072,Customer 072,Home Office,West,California,San Francisco,Furniture,Chairs,ErgoMesh Office Chair,3,0,1279.82,312.45,33.1
1940,ORD-11143,2025-07-30,2025-08-01,First Class,CUST-0072,Customer 072,Home Office,West,California,San Francisco,Office Supplies,Writing,Glide Gel Pen Pack,5,0.4,50.52,-0.77,10.87
1941,ORD-11143,2025-07-30,2025-08-01,First Class,CUST-0072,Customer 072,Home Office,West,California,San Francisco,Office Supplies,Paper,BrightCopy Paper Case,4,0,220.93,86.01,13.41
1942,ORD-11143,2025-07-30,2025-08-01,First Class,CUST-0072,Customer 072,Home Office,West,California,San Francisco,Office Supplies,Writing,Glide Gel Pen Pack,2,0.1,32.54,5.22,9.97
1943,ORD-11144,2025-06-13,2025-06-18,Standard Class,CUST-0056,Customer 056,Consumer,South,Tennessee,Nashville,Office Supplies,Writing,Glide Gel Pen Pack,2,0.05,33.08,9.94,6.42
1944,ORD-11144,2025-06-13,2025-06-18,Standard Class,CUST-0056,Customer 056,Consumer,South,Tennessee,Nashville,Office Supplies,Labels,QuickShip Label Roll,4,0.1,84.06,33.98,7.12
1945,ORD-11144,2025-06-13,2025-06-18,Standard Class,CUST-0056,Customer 056,Consumer,South,Tennessee,Nashville,Technology,Accessories,Vector USB-C Hub,1,0.1,69.25,22.32,6.92
1946,ORD-11145,2025-04-24,2025-04-29,Standard Class,CUST-0226,Customer 226,Corporate,West,Washington,Seattle,Office Supplies,Labels,QuickShip Label Roll,2,0.1,40.85,13.43,6.54
1947,ORD-11146,2025-10-25,2025-10-30,Standard Class,CUST-0134,Customer 134,Home Office,Central,Texas,Dallas,Furniture,Tables,Oakline Writing Desk,4,0.4,1272.98,-901.33,31.46
1948,ORD-11146,2025-10-25,2025-10-30,Standard Class,CUST-0134,Customer 134,Home Office,Central,Texas,Dallas,Office Supplies,Art,Studio Marker Set,1,0.05,32.37,8.58,6.41
1949,ORD-11147,2023-12-25,2023-12-30,Standard Class,CUST-0135,Customer 135,Home Office,Central,Illinois,Chicago,Technology,Phones,Nova X Smartphone,2,0,1620.22,509.23,25.44
1950,ORD-11148,2025-09-16,2025-09-19,Second Class,CUST-0046,Customer 046,Consumer,East,New Jersey,Newark,Office Supplies,Storage,Archive Storage Box Set,2,0.2,68.46,7.08,10.89
1951,ORD-11148,2025-09-16,2025-09-19,Second Class,CUST-0046,Customer 046,Consumer,East,New Jersey,Newark,Office Supplies,Labels,QuickShip Label Roll,2,0.15,41.24,8.72,10.2
1952,ORD-11149,2023-11-17,2023-11-17,Same Day,CUST-0117,Customer 117,Corporate,East,Pennsylvania,Philadelphia,Office Supplies,Labels,QuickShip Label Roll,2,0,57.53,20.7,10.37
1953,ORD-11150,2025-05-15,2025-05-20,Standard Class,CUST-0037,Customer 037,Corporate,West,California,San Francisco,Furniture,Storage,Compact File Cabinet,1,0,196.99,54.68,8.36
